,is_default,pokemon_name,pokemon_url,id,name,is_baby,is_legendary,is_mythical,forms_switchable,gen,gen_url,BST
0,True,bulbasaur,https://pokeapi.co/api/v2/pokemon/1/,1,bulbasaur,False,False,False,False,generation-i,https://pokeapi.co/api/v2/generation/1/,318
1,True,charmander,https://pokeapi.co/api/v2/pokemon/4/,4,charmander,False,False,False,False,generation-i,https://pokeapi.co/api/v2/generation/1/,309
2,True,squirtle,https://pokeapi.co/api/v2/pokemon/7/,7,squirtle,False,False,False,False,generation-i,https://pokeapi.co/api/v2/generation/1/,314
3,True,caterpie,https://pokeapi.co/api/v2/pokemon/10/,10,caterpie,False,False,False,False,generation-i,https://pokeapi.co/api/v2/generation/1/,195
4,True,weedle,https://pokeapi.co/api/v2/pokemon/13/,13,weedle,False,False,False,False,generation-i,https://pokeapi.co/api/v2/generation/1/,195
5,True,pidgey,https://pokeapi.co/api/v2/pokemon/16/,16,pidgey,False,False,False,False,generation-i,https://pokeapi.co/api/v2/generation/1/,251
6,True,rattata,https://pokeapi.co/api/v2/pokemon/19/,19,rattata,False,False,False,False,generation-i,https://pokeapi.co/api/v2/generation/1/,253
7,False,rattata-alola,https://pokeapi.co/api/v2/pokemon/10091/,19,rattata,False,False,False,False,,,253
8,True,spearow,https://pokeapi.co/api/v2/pokemon/21/,21,spearow,False,False,False,False,generation-i,https://pokeapi.co/api/v2/generation/1/,262
9,True,ekans,https://pokeapi.co/api/v2/pokemon/23/,23,ekans,False,False,False,False,generation-i,https://pokeapi.co/api/v2/generation/1/,288
10,True,sandshrew,https://pokeapi.co/api/v2/pokemon/27/,27,sandshrew,False,False,False,False,generation-i,https://pokeapi.co/api/v2/generation/1/,300
11,False,sandshrew-alola,https://pokeapi.co/api/v2/pokemon/10101/,27,sandshrew,False,False,False,False,,,300
12,True,nidoran-f,https://pokeapi.co/api/v2/pokemon/29/,29,nidoran-f,False,False,False,False,generation-i,https://pokeapi.co/api/v2/generation/1/,275
13,True,nidoran-m,https://pokeapi.co/api/v2/pokemon/32/,32,nidoran-m,False,False,False,False,generation-i,https://pokeapi.co/api/v2/generation/1/,273
14,True,vulpix,https://pokeapi.co/api/v2/pokemon/37/,37,vulpix,False,False,False,False,generation-i,https://pokeapi.co/api/v2/generation/1/,299
15,False,vulpix-alola,https://pokeapi.co/api/v2/pokemon/10103/,37,vulpix,False,False,False,False,,,299
16,True,zubat,https://pokeapi.co/api/v2/pokemon/41/,41,zubat,False,False,False,False,generation-i,https://pokeapi.co/api/v2/generation/1/,245
17,True,oddish,https://pokeapi.co/api/v2/pokemon/43/,43,oddish,False,False,False,False,generation-i,https://pokeapi.co/api/v2/generation/1/,320
18,True,paras,https://pokeapi.co/api/v2/pokemon/46/,46,paras,False,False,False,False,generation-i,https://pokeapi.co/api/v2/generation/1/,285
19,True,venonat,https://pokeapi.co/api/v2/pokemon/48/,48,venonat,False,False,False,False,generation-i,https://pokeapi.co/api/v2/generation/1/,305
20,True,diglett,https://pokeapi.co/api/v2/pokemon/50/,50,diglett,False,False,False,False,generation-i,https://pokeapi.co/api/v2/generation/1/,265
21,False,diglett-alola,https://pokeapi.co/api/v2/pokemon/10105/,50,diglett,False,False,False,False,,,265
22,True,meowth,https://pokeapi.co/api/v2/pokemon/52/,52,meowth,False,False,False,False,generation-i,https://pokeapi.co/api/v2/generation/1/,290
23,False,meowth-alola,https://pokeapi.co/api/v2/pokemon/10107/,52,meowth,False,False,False,False,,,290
24,False,meowth-galar,https://pokeapi.co/api/v2/pokemon/10161/,52,meowth,False,False,False,False,,,290
25,False,meowth-gmax,https://pokeapi.co/api/v2/pokemon/10200/,52,meowth,False,False,False,False,,,290
26,True,psyduck,https://pokeapi.co/api/v2/pokemon/54/,54,psyduck,False,False,False,False,generation-i,https://pokeapi.co/api/v2/generation/1/,320
27,True,mankey,https://pokeapi.co/api/v2/pokemon/56/,56,mankey,False,False,False,False,generation-i,https://pokeapi.co/api/v2/generation/1/,305
28,True,growlithe,https://pokeapi.co/api/v2/pokemon/58/,58,growlithe,False,False,False,False,generation-i,https://pokeapi.co/api/v2/generation/1/,350
29,False,growlithe-hisui,https://pokeapi.co/api/v2/pokemon/10229/,58,growlithe,False,False,False,False,,,350
30,True,poliwag,https://pokeapi.co/api/v2/pokemon/60/,60,poliwag,False,False,False,False,generation-i,https://pokeapi.co/api/v2/generation/1/,300
31,True,abra,https://pokeapi.co/api/v2/pokemon/63/,63,abra,False,False,False,False,generation-i,https://pokeapi.co/api/v2/generation/1/,310
32,True,machop,https://pokeapi.co/api/v2/pokemon/66/,66,machop,False,False,False,False,generation-i,https://pokeapi.co/api/v2/generation/1/,305
33,True,bellsprout,https://pokeapi.co/api/v2/pokemon/69/,69,bellsprout,False,False,False,False,generation-i,https://pokeapi.co/api/v2/generation/1/,300
34,True,tentacool,https://pokeapi.co/api/v2/pokemon/72/,72,tentacool,False,False,False,False,generation-i,https://pokeapi.co/api/v2/generation/1/,335
35,True,geodude,https://pokeapi.co/api/v2/pokemon/74/,74,geodude,False,False,False,False,generation-i,https://pokeapi.co/api/v2/generation/1/,300
36,False,geodude-alola,https://pokeapi.co/api/v2/pokemon/10109/,74,geodude,False,False,False,False,,,300
37,True,venusaur,https://pokeapi.co/api/v2/pokemon/3/,3,venusaur,False,False,False,True,generation-i,https://pokeapi.co/api/v2/generation/1/,525
38,False,venusaur-mega,https://pokeapi.co/api/v2/pokemon/10033/,3,venusaur,False,False,False,True,,,625
39,False,venusaur-gmax,https://pokeapi.co/api/v2/pokemon/10195/,3,venusaur,False,False,False,True,,,525
40,True,charmeleon,https://pokeapi.co/api/v2/pokemon/5/,5,charmeleon,False,False,False,False,generation-i,https://pokeapi.co/api/v2/generation/1/,405
41,True,charizard,https://pokeapi.co/api/v2/pokemon/6/,6,charizard,False,False,False,True,generation-i,https://pokeapi.co/api/v2/generation/1/,534
42,False,charizard-mega-x,https://pokeapi.co/api/v2/pokemon/10034/,6,charizard,False,False,False,True,,,634
43,False,charizard-mega-y,https://pokeapi.co/api/v2/pokemon/10035/,6,charizard,False,False,False,True,,,634
44,False,charizard-gmax,https://pokeapi.co/api/v2/pokemon/10196/,6,charizard,False,False,False,True,,,534
45,True,wartortle,https://pokeapi.co/api/v2/pokemon/8/,8,wartortle,False,False,False,False,generation-i,https://pokeapi.co/api/v2/generation/1/,405
46,True,blastoise,https://pokeapi.co/api/v2/pokemon/9/,9,blastoise,False,False,False,True,generation-i,https://pokeapi.co/api/v2/generation/1/,530
47,False,blastoise-mega,https://pokeapi.co/api/v2/pokemon/10036/,9,blastoise,False,False,False,True,,,630
48,False,blastoise-gmax,https://pokeapi.co/api/v2/pokemon/10197/,9,blastoise,False,False,False,True,,,530
49,True,metapod,https://pokeapi.co/api/v2/pokemon/11/,11,metapod,False,False,False,False,generation-i,https://pokeapi.co/api/v2/generation/1/,205
50,True,butterfree,https://pokeapi.co/api/v2/pokemon/12/,12,butterfree,False,False,False,False,generation-i,https://pokeapi.co/api/v2/generation/1/,395
51,False,butterfree-gmax,https://pokeapi.co/api/v2/pokemon/10198/,12,butterfree,False,False,False,False,,,395
52,True,kakuna,https://pokeapi.co/api/v2/pokemon/14/,14,kakuna,False,False,False,False,generation-i,https://pokeapi.co/api/v2/generation/1/,205
53,True,beedrill,https://pokeapi.co/api/v2/pokemon/15/,15,beedrill,False,False,False,True,generation-i,https://pokeapi.co/api/v2/generation/1/,395
54,False,beedrill-mega,https://pokeapi.co/api/v2/pokemon/10090/,15,beedrill,False,False,False,True,,,495
55,True,pidgeotto,https://pokeapi.co/api/v2/pokemon/17/,17,pidgeotto,False,False,False,False,generation-i,https://pokeapi.co/api/v2/generation/1/,349
56,True,pidgeot,https://pokeapi.co/api/v2/pokemon/18/,18,pidgeot,False,False,False,True,generation-i,https://pokeapi.co/api/v2/generation/1/,479
57,False,pidgeot-mega,https://pokeapi.co/api/v2/pokemon/10073/,18,pidgeot,False,False,False,True,,,579
58,True,raticate,https://pokeapi.co/api/v2/pokemon/20/,20,raticate,False,False,False,False,generation-i,https://pokeapi.co/api/v2/generation/1/,413
59,False,raticate-alola,https://pokeapi.co/api/v2/pokemon/10092/,20,raticate,False,False,False,False,,,413
60,False,raticate-totem-alola,https://pokeapi.co/api/v2/pokemon/10093/,20,raticate,False,False,False,False,,,413
61,True,fearow,https://pokeapi.co/api/v2/pokemon/22/,22,fearow,False,False,False,False,generation-i,https://pokeapi.co/api/v2/generation/1/,442
62,True,arbok,https://pokeapi.co/api/v2/pokemon/24/,24,arbok,False,False,False,False,generation-i,https://pokeapi.co/api/v2/generation/1/,448
63,True,pikachu,https://pokeapi.co/api/v2/pokemon/25/,25,pikachu,False,False,False,False,generation-i,https://pokeapi.co/api/v2/generation/1/,320
64,False,pikachu-rock-star,https://pokeapi.co/api/v2/pokemon/10080/,25,pikachu,False,False,False,False,,,320
65,False,pikachu-belle,https://pokeapi.co/api/v2/pokemon/10081/,25,pikachu,False,False,False,False,,,320
66,False,pikachu-pop-star,https://pokeapi.co/api/v2/pokemon/10082/,25,pikachu,False,False,False,False,,,320
67,False,pikachu-phd,https://pokeapi.co/api/v2/pokemon/10083/,25,pikachu,False,False,False,False,,,320
68,False,pikachu-libre,https://pokeapi.co/api/v2/pokemon/10084/,25,pikachu,False,False,False,False,,,320
69,False,pikachu-cosplay,https://pokeapi.co/api/v2/pokemon/10085/,25,pikachu,False,False,False,False,,,320
70,False,pikachu-original-cap,https://pokeapi.co/api/v2/pokemon/10094/,25,pikachu,False,False,False,False,,,320
71,False,pikachu-hoenn-cap,https://pokeapi.co/api/v2/pokemon/10095/,25,pikachu,False,False,False,False,,,320
72,False,pikachu-sinnoh-cap,https://pokeapi.co/api/v2/pokemon/10096/,25,pikachu,False,False,False,False,,,320
73,False,pikachu-unova-cap,https://pokeapi.co/api/v2/pokemon/10097/,25,pikachu,False,False,False,False,,,320
74,False,pikachu-kalos-cap,https://pokeapi.co/api/v2/pokemon/10098/,25,pikachu,False,False,False,False,,,320
75,False,pikachu-alola-cap,https://pokeapi.co/api/v2/pokemon/10099/,25,pikachu,False,False,False,False,,,320
76,False,pikachu-partner-cap,https://pokeapi.co/api/v2/pokemon/10148/,25,pikachu,False,False,False,False,,,320
77,False,pikachu-starter,https://pokeapi.co/api/v2/pokemon/10158/,25,pikachu,False,False,False,False,,,430
78,False,pikachu-world-cap,https://pokeapi.co/api/v2/pokemon/10160/,25,pikachu,False,False,False,False,,,320
79,False,pikachu-gmax,https://pokeapi.co/api/v2/pokemon/10199/,25,pikachu,False,False,False,False,,,320
80,True,raichu,https://pokeapi.co/api/v2/pokemon/26/,26,raichu,False,False,False,False,generation-i,https://pokeapi.co/api/v2/generation/1/,485
81,False,raichu-alola,https://pokeapi.co/api/v2/pokemon/10100/,26,raichu,False,False,False,False,,,485
82,False,raichu-mega-x,https://pokeapi.co/api/v2/pokemon/10304/,26,raichu,False,False,False,False,,,585
83,False,raichu-mega-y,https://pokeapi.co/api/v2/pokemon/10305/,26,raichu,False,False,False,False,,,585
84,True,sandslash,https://pokeapi.co/api/v2/pokemon/28/,28,sandslash,False,False,False,False,generation-i,https://pokeapi.co/api/v2/generation/1/,450
85,False,sandslash-alola,https://pokeapi.co/api/v2/pokemon/10102/,28,sandslash,False,False,False,False,,,450
86,True,nidorina,https://pokeapi.co/api/v2/pokemon/30/,30,nidorina,False,False,False,False,generation-i,https://pokeapi.co/api/v2/generation/1/,365
87,True,nidoqueen,https://pokeapi.co/api/v2/pokemon/31/,31,nidoqueen,False,False,False,False,generation-i,https://pokeapi.co/api/v2/generation/1/,505
88,True,nidorino,https://pokeapi.co/api/v2/pokemon/33/,33,nidorino,False,False,False,False,generation-i,https://pokeapi.co/api/v2/generation/1/,365
89,True,nidoking,https://pokeapi.co/api/v2/pokemon/34/,34,nidoking,False,False,False,False,generation-i,https://pokeapi.co/api/v2/generation/1/,505
90,True,clefairy,https://pokeapi.co/api/v2/pokemon/35/,35,clefairy,False,False,False,False,generation-i,https://pokeapi.co/api/v2/generation/1/,323
91,True,clefable,https://pokeapi.co/api/v2/pokemon/36/,36,clefable,False,False,False,False,generation-i,https://pokeapi.co/api/v2/generation/1/,483
92,False,clefable-mega,https://pokeapi.co/api/v2/pokemon/10278/,36,clefable,False,False,False,False,,,583
93,True,ninetales,https://pokeapi.co/api/v2/pokemon/38/,38,ninetales,False,False,False,False,generation-i,https://pokeapi.co/api/v2/generation/1/,505
94,False,ninetales-alola,https://pokeapi.co/api/v2/pokemon/10104/,38,ninetales,False,False,False,False,,,505
95,True,jigglypuff,https://pokeapi.co/api/v2/pokemon/39/,39,jigglypuff,False,False,False,False,generation-i,https://pokeapi.co/api/v2/generation/1/,270
96,True,wigglytuff,https://pokeapi.co/api/v2/pokemon/40/,40,wigglytuff,False,False,False,False,generation-i,https://pokeapi.co/api/v2/generation/1/,435
97,True,golbat,https://pokeapi.co/api/v2/pokemon/42/,42,golbat,False,False,False,False,generation-i,https://pokeapi.co/api/v2/generation/1/,455
98,True,gloom,https://pokeapi.co/api/v2/pokemon/44/,44,gloom,False,False,False,False,generation-i,https://pokeapi.co/api/v2/generation/1/,395
99,True,vileplume,https://pokeapi.co/api/v2/pokemon/45/,45,vileplume,False,False,False,False,generation-i,https://pokeapi.co/api/v2/generation/1/,490
100,True,parasect,https://pokeapi.co/api/v2/pokemon/47/,47,parasect,False,False,False,False,generation-i,https://pokeapi.co/api/v2/generation/1/,405
101,True,venomoth,https://pokeapi.co/api/v2/pokemon/49/,49,venomoth,False,False,False,False,generation-i,https://pokeapi.co/api/v2/generation/1/,450
102,True,dugtrio,https://pokeapi.co/api/v2/pokemon/51/,51,dugtrio,False,False,False,False,generation-i,https://pokeapi.co/api/v2/generation/1/,425
103,False,dugtrio-alola,https://pokeapi.co/api/v2/pokemon/10106/,51,dugtrio,False,False,False,False,,,425
104,True,persian,https://pokeapi.co/api/v2/pokemon/53/,53,persian,False,False,False,False,generation-i,https://pokeapi.co/api/v2/generation/1/,440
105,False,persian-alola,https://pokeapi.co/api/v2/pokemon/10108/,53,persian,False,False,False,False,,,440
106,True,golduck,https://pokeapi.co/api/v2/pokemon/55/,55,golduck,False,False,False,False,generation-i,https://pokeapi.co/api/v2/generation/1/,500
107,True,primeape,https://pokeapi.co/api/v2/pokemon/57/,57,primeape,False,False,False,False,generation-i,https://pokeapi.co/api/v2/generation/1/,455
108,True,arcanine,https://pokeapi.co/api/v2/pokemon/59/,59,arcanine,False,False,False,False,generation-i,https://pokeapi.co/api/v2/generation/1/,555
109,False,arcanine-hisui,https://pokeapi.co/api/v2/pokemon/10230/,59,arcanine,False,False,False,False,,,555
110,True,poliwhirl,https://pokeapi.co/api/v2/pokemon/61/,61,poliwhirl,False,False,False,False,generation-i,https://pokeapi.co/api/v2/generation/1/,385
111,True,poliwrath,https://pokeapi.co/api/v2/pokemon/62/,62,poliwrath,False,False,False,False,generation-i,https://pokeapi.co/api/v2/generation/1/,510
112,True,kadabra,https://pokeapi.co/api/v2/pokemon/64/,64,kadabra,False,False,False,False,generation-i,https://pokeapi.co/api/v2/generation/1/,400
113,True,alakazam,https://pokeapi.co/api/v2/pokemon/65/,65,alakazam,False,False,False,True,generation-i,https://pokeapi.co/api/v2/generation/1/,500
114,False,alakazam-mega,https://pokeapi.co/api/v2/pokemon/10037/,65,alakazam,False,False,False,True,,,600
115,True,machoke,https://pokeapi.co/api/v2/pokemon/67/,67,machoke,False,False,False,False,generation-i,https://pokeapi.co/api/v2/generation/1/,405
116,True,machamp,https://pokeapi.co/api/v2/pokemon/68/,68,machamp,False,False,False,False,generation-i,https://pokeapi.co/api/v2/generation/1/,505
117,False,machamp-gmax,https://pokeapi.co/api/v2/pokemon/10201/,68,machamp,False,False,False,False,,,505
118,True,weepinbell,https://pokeapi.co/api/v2/pokemon/70/,70,weepinbell,False,False,False,False,generation-i,https://pokeapi.co/api/v2/generation/1/,390
119,True,victreebel,https://pokeapi.co/api/v2/pokemon/71/,71,victreebel,False,False,False,False,generation-i,https://pokeapi.co/api/v2/generation/1/,490
120,False,victreebel-mega,https://pokeapi.co/api/v2/pokemon/10279/,71,victreebel,False,False,False,False,,,590
121,True,tentacruel,https://pokeapi.co/api/v2/pokemon/73/,73,tentacruel,False,False,False,False,generation-i,https://pokeapi.co/api/v2/generation/1/,515
122,True,graveler,https://pokeapi.co/api/v2/pokemon/75/,75,graveler,False,False,False,False,generation-i,https://pokeapi.co/api/v2/generation/1/,390
123,False,graveler-alola,https://pokeapi.co/api/v2/pokemon/10110/,75,graveler,False,False,False,False,,,390
124,True,ponyta,https://pokeapi.co/api/v2/pokemon/77/,77,ponyta,False,False,False,False,generation-i,https://pokeapi.co/api/v2/generation/1/,410
125,False,ponyta-galar,https://pokeapi.co/api/v2/pokemon/10162/,77,ponyta,False,False,False,False,,,410
126,True,slowpoke,https://pokeapi.co/api/v2/pokemon/79/,79,slowpoke,False,False,False,False,generation-i,https://pokeapi.co/api/v2/generation/1/,315
127,False,slowpoke-galar,https://pokeapi.co/api/v2/pokemon/10164/,79,slowpoke,False,False,False,False,,,315
128,True,magnemite,https://pokeapi.co/api/v2/pokemon/81/,81,magnemite,False,False,False,False,generation-i,https://pokeapi.co/api/v2/generation/1/,325
129,True,farfetchd,https://pokeapi.co/api/v2/pokemon/83/,83,farfetchd,False,False,False,False,generation-i,https://pokeapi.co/api/v2/generation/1/,377
130,False,farfetchd-galar,https://pokeapi.co/api/v2/pokemon/10166/,83,farfetchd,False,False,False,False,,,377
131,True,doduo,https://pokeapi.co/api/v2/pokemon/84/,84,doduo,False,False,False,False,generation-i,https://pokeapi.co/api/v2/generation/1/,310
132,True,seel,https://pokeapi.co/api/v2/pokemon/86/,86,seel,False,False,False,False,generation-i,https://pokeapi.co/api/v2/generation/1/,325
133,True,grimer,https://pokeapi.co/api/v2/pokemon/88/,88,grimer,False,False,False,False,generation-i,https://pokeapi.co/api/v2/generation/1/,325
134,False,grimer-alola,https://pokeapi.co/api/v2/pokemon/10112/,88,grimer,False,False,False,False,,,325
135,True,shellder,https://pokeapi.co/api/v2/pokemon/90/,90,shellder,False,False,False,False,generation-i,https://pokeapi.co/api/v2/generation/1/,305
136,True,gastly,https://pokeapi.co/api/v2/pokemon/92/,92,gastly,False,False,False,False,generation-i,https://pokeapi.co/api/v2/generation/1/,310
137,True,onix,https://pokeapi.co/api/v2/pokemon/95/,95,onix,False,False,False,False,generation-i,https://pokeapi.co/api/v2/generation/1/,385
138,True,drowzee,https://pokeapi.co/api/v2/pokemon/96/,96,drowzee,False,False,False,False,generation-i,https://pokeapi.co/api/v2/generation/1/,328
139,True,krabby,https://pokeapi.co/api/v2/pokemon/98/,98,krabby,False,False,False,False,generation-i,https://pokeapi.co/api/v2/generation/1/,325
140,True,voltorb,https://pokeapi.co/api/v2/pokemon/100/,100,voltorb,False,False,False,False,generation-i,https://pokeapi.co/api/v2/generation/1/,330
141,False,voltorb-hisui,https://pokeapi.co/api/v2/pokemon/10231/,100,voltorb,False,False,False,False,,,330
142,True,exeggcute,https://pokeapi.co/api/v2/pokemon/102/,102,exeggcute,False,False,False,False,generation-i,https://pokeapi.co/api/v2/generation/1/,325
143,True,cubone,https://pokeapi.co/api/v2/pokemon/104/,104,cubone,False,False,False,False,generation-i,https://pokeapi.co/api/v2/generation/1/,320
144,True,lickitung,https://pokeapi.co/api/v2/pokemon/108/,108,lickitung,False,False,False,False,generation-i,https://pokeapi.co/api/v2/generation/1/,385
145,True,koffing,https://pokeapi.co/api/v2/pokemon/109/,109,koffing,False,False,False,False,generation-i,https://pokeapi.co/api/v2/generation/1/,340
146,True,rhyhorn,https://pokeapi.co/api/v2/pokemon/111/,111,rhyhorn,False,False,False,False,generation-i,https://pokeapi.co/api/v2/generation/1/,345
147,True,tangela,https://pokeapi.co/api/v2/pokemon/114/,114,tangela,False,False,False,False,generation-i,https://pokeapi.co/api/v2/generation/1/,435
148,True,kangaskhan,https://pokeapi.co/api/v2/pokemon/115/,115,kangaskhan,False,False,False,True,generation-i,https://pokeapi.co/api/v2/generation/1/,490
149,False,kangaskhan-mega,https://pokeapi.co/api/v2/pokemon/10039/,115,kangaskhan,False,False,False,True,,,590
150,True,horsea,https://pokeapi.co/api/v2/pokemon/116/,116,horsea,False,False,False,False,generation-i,https://pokeapi.co/api/v2/generation/1/,295
151,True,goldeen,https://pokeapi.co/api/v2/pokemon/118/,118,goldeen,False,False,False,False,generation-i,https://pokeapi.co/api/v2/generation/1/,320
152,True,staryu,https://pokeapi.co/api/v2/pokemon/120/,120,staryu,False,False,False,False,generation-i,https://pokeapi.co/api/v2/generation/1/,340
153,True,scyther,https://pokeapi.co/api/v2/pokemon/123/,123,scyther,False,False,False,False,generation-i,https://pokeapi.co/api/v2/generation/1/,500
154,True,pinsir,https://pokeapi.co/api/v2/pokemon/127/,127,pinsir,False,False,False,True,generation-i,https://pokeapi.co/api/v2/generation/1/,500
155,False,pinsir-mega,https://pokeapi.co/api/v2/pokemon/10040/,127,pinsir,False,False,False,True,,,600
156,True,tauros,https://pokeapi.co/api/v2/pokemon/128/,128,tauros,False,False,False,False,generation-i,https://pokeapi.co/api/v2/generation/1/,490
157,False,tauros-paldea-combat-breed,https://pokeapi.co/api/v2/pokemon/10250/,128,tauros,False,False,False,False,,,490
158,False,tauros-paldea-blaze-breed,https://pokeapi.co/api/v2/pokemon/10251/,128,tauros,False,False,False,False,,,490
159,False,tauros-paldea-aqua-breed,https://pokeapi.co/api/v2/pokemon/10252/,128,tauros,False,False,False,False,,,490
160,True,magikarp,https://pokeapi.co/api/v2/pokemon/129/,129,magikarp,False,False,False,False,generation-i,https://pokeapi.co/api/v2/generation/1/,200
161,True,lapras,https://pokeapi.co/api/v2/pokemon/131/,131,lapras,False,False,False,False,generation-i,https://pokeapi.co/api/v2/generation/1/,535
162,False,lapras-gmax,https://pokeapi.co/api/v2/pokemon/10204/,131,lapras,False,False,False,False,,,535
163,True,ditto,https://pokeapi.co/api/v2/pokemon/132/,132,ditto,False,False,False,False,generation-i,https://pokeapi.co/api/v2/generation/1/,288
164,True,eevee,https://pokeapi.co/api/v2/pokemon/133/,133,eevee,False,False,False,False,generation-i,https://pokeapi.co/api/v2/generation/1/,325
165,False,eevee-starter,https://pokeapi.co/api/v2/pokemon/10159/,133,eevee,False,False,False,False,,,435
166,False,eevee-gmax,https://pokeapi.co/api/v2/pokemon/10205/,133,eevee,False,False,False,False,,,325
167,True,porygon,https://pokeapi.co/api/v2/pokemon/137/,137,porygon,False,False,False,False,generation-i,https://pokeapi.co/api/v2/generation/1/,395
168,True,omanyte,https://pokeapi.co/api/v2/pokemon/138/,138,omanyte,False,False,False,False,generation-i,https://pokeapi.co/api/v2/generation/1/,355
169,True,kabuto,https://pokeapi.co/api/v2/pokemon/140/,140,kabuto,False,False,False,False,generation-i,https://pokeapi.co/api/v2/generation/1/,355
170,True,aerodactyl,https://pokeapi.co/api/v2/pokemon/142/,142,aerodactyl,False,False,False,True,generation-i,https://pokeapi.co/api/v2/generation/1/,515
171,False,aerodactyl-mega,https://pokeapi.co/api/v2/pokemon/10042/,142,aerodactyl,False,False,False,True,,,615
172,True,articuno,https://pokeapi.co/api/v2/pokemon/144/,144,articuno,False,True,False,False,generation-i,https://pokeapi.co/api/v2/generation/1/,580
173,False,articuno-galar,https://pokeapi.co/api/v2/pokemon/10169/,144,articuno,False,True,False,False,,,580
174,True,zapdos,https://pokeapi.co/api/v2/pokemon/145/,145,zapdos,False,True,False,False,generation-i,https://pokeapi.co/api/v2/generation/1/,580
175,False,zapdos-galar,https://pokeapi.co/api/v2/pokemon/10170/,145,zapdos,False,True,False,False,,,580
176,True,moltres,https://pokeapi.co/api/v2/pokemon/146/,146,moltres,False,True,False,False,generation-i,https://pokeapi.co/api/v2/generation/1/,580
177,False,moltres-galar,https://pokeapi.co/api/v2/pokemon/10171/,146,moltres,False,True,False,False,,,580
178,True,dratini,https://pokeapi.co/api/v2/pokemon/147/,147,dratini,False,False,False,False,generation-i,https://pokeapi.co/api/v2/generation/1/,300
179,True,mewtwo,https://pokeapi.co/api/v2/pokemon/150/,150,mewtwo,False,True,False,True,generation-i,https://pokeapi.co/api/v2/generation/1/,680
180,False,mewtwo-mega-x,https://pokeapi.co/api/v2/pokemon/10043/,150,mewtwo,False,True,False,True,,,780
181,False,mewtwo-mega-y,https://pokeapi.co/api/v2/pokemon/10044/,150,mewtwo,False,True,False,True,,,780
182,True,rapidash,https://pokeapi.co/api/v2/pokemon/78/,78,rapidash,False,False,False,False,generation-i,https://pokeapi.co/api/v2/generation/1/,500
183,False,rapidash-galar,https://pokeapi.co/api/v2/pokemon/10163/,78,rapidash,False,False,False,False,,,500
184,True,slowbro,https://pokeapi.co/api/v2/pokemon/80/,80,slowbro,False,False,False,True,generation-i,https://pokeapi.co/api/v2/generation/1/,490
185,False,slowbro-mega,https://pokeapi.co/api/v2/pokemon/10071/,80,slowbro,False,False,False,True,,,590
186,False,slowbro-galar,https://pokeapi.co/api/v2/pokemon/10165/,80,slowbro,False,False,False,True,,,490
187,True,magneton,https://pokeapi.co/api/v2/pokemon/82/,82,magneton,False,False,False,False,generation-i,https://pokeapi.co/api/v2/generation/1/,465
188,True,dodrio,https://pokeapi.co/api/v2/pokemon/85/,85,dodrio,False,False,False,False,generation-i,https://pokeapi.co/api/v2/generation/1/,470
189,True,dewgong,https://pokeapi.co/api/v2/pokemon/87/,87,dewgong,False,False,False,False,generation-i,https://pokeapi.co/api/v2/generation/1/,475
190,True,muk,https://pokeapi.co/api/v2/pokemon/89/,89,muk,False,False,False,False,generation-i,https://pokeapi.co/api/v2/generation/1/,500
191,False,muk-alola,https://pokeapi.co/api/v2/pokemon/10113/,89,muk,False,False,False,False,,,500
192,True,cloyster,https://pokeapi.co/api/v2/pokemon/91/,91,cloyster,False,False,False,False,generation-i,https://pokeapi.co/api/v2/generation/1/,525
193,True,haunter,https://pokeapi.co/api/v2/pokemon/93/,93,haunter,False,False,False,False,generation-i,https://pokeapi.co/api/v2/generation/1/,405
194,True,gengar,https://pokeapi.co/api/v2/pokemon/94/,94,gengar,False,False,False,True,generation-i,https://pokeapi.co/api/v2/generation/1/,500
195,False,gengar-mega,https://pokeapi.co/api/v2/pokemon/10038/,94,gengar,False,False,False,True,,,600
196,False,gengar-gmax,https://pokeapi.co/api/v2/pokemon/10202/,94,gengar,False,False,False,True,,,500
197,True,hypno,https://pokeapi.co/api/v2/pokemon/97/,97,hypno,False,False,False,False,generation-i,https://pokeapi.co/api/v2/generation/1/,483
198,True,kingler,https://pokeapi.co/api/v2/pokemon/99/,99,kingler,False,False,False,False,generation-i,https://pokeapi.co/api/v2/generation/1/,475
199,False,kingler-gmax,https://pokeapi.co/api/v2/pokemon/10203/,99,kingler,False,False,False,False,,,475
200,True,electrode,https://pokeapi.co/api/v2/pokemon/101/,101,electrode,False,False,False,False,generation-i,https://pokeapi.co/api/v2/generation/1/,490
201,False,electrode-hisui,https://pokeapi.co/api/v2/pokemon/10232/,101,electrode,False,False,False,False,,,490
202,True,exeggutor,https://pokeapi.co/api/v2/pokemon/103/,103,exeggutor,False,False,False,False,generation-i,https://pokeapi.co/api/v2/generation/1/,530
203,False,exeggutor-alola,https://pokeapi.co/api/v2/pokemon/10114/,103,exeggutor,False,False,False,False,,,530
204,True,marowak,https://pokeapi.co/api/v2/pokemon/105/,105,marowak,False,False,False,False,generation-i,https://pokeapi.co/api/v2/generation/1/,425
205,False,marowak-alola,https://pokeapi.co/api/v2/pokemon/10115/,105,marowak,False,False,False,False,,,425
206,False,marowak-totem,https://pokeapi.co/api/v2/pokemon/10149/,105,marowak,False,False,False,False,,,425
207,True,hitmonlee,https://pokeapi.co/api/v2/pokemon/106/,106,hitmonlee,False,False,False,False,generation-i,https://pokeapi.co/api/v2/generation/1/,455
208,True,hitmonchan,https://pokeapi.co/api/v2/pokemon/107/,107,hitmonchan,False,False,False,False,generation-i,https://pokeapi.co/api/v2/generation/1/,455
209,True,weezing,https://pokeapi.co/api/v2/pokemon/110/,110,weezing,False,False,False,False,generation-i,https://pokeapi.co/api/v2/generation/1/,490
210,False,weezing-galar,https://pokeapi.co/api/v2/pokemon/10167/,110,weezing,False,False,False,False,,,490
211,True,rhydon,https://pokeapi.co/api/v2/pokemon/112/,112,rhydon,False,False,False,False,generation-i,https://pokeapi.co/api/v2/generation/1/,485
212,True,chansey,https://pokeapi.co/api/v2/pokemon/113/,113,chansey,False,False,False,False,generation-i,https://pokeapi.co/api/v2/generation/1/,450
213,True,seadra,https://pokeapi.co/api/v2/pokemon/117/,117,seadra,False,False,False,False,generation-i,https://pokeapi.co/api/v2/generation/1/,440
214,True,seaking,https://pokeapi.co/api/v2/pokemon/119/,119,seaking,False,False,False,False,generation-i,https://pokeapi.co/api/v2/generation/1/,450
215,True,starmie,https://pokeapi.co/api/v2/pokemon/121/,121,starmie,False,False,False,False,generation-i,https://pokeapi.co/api/v2/generation/1/,520
216,False,starmie-mega,https://pokeapi.co/api/v2/pokemon/10280/,121,starmie,False,False,False,False,,,620
217,True,mr-mime,https://pokeapi.co/api/v2/pokemon/122/,122,mr-mime,False,False,False,False,generation-i,https://pokeapi.co/api/v2/generation/1/,460
218,False,mr-mime-galar,https://pokeapi.co/api/v2/pokemon/10168/,122,mr-mime,False,False,False,False,,,460
219,True,jynx,https://pokeapi.co/api/v2/pokemon/124/,124,jynx,False,False,False,False,generation-i,https://pokeapi.co/api/v2/generation/1/,455
220,True,electabuzz,https://pokeapi.co/api/v2/pokemon/125/,125,electabuzz,False,False,False,False,generation-i,https://pokeapi.co/api/v2/generation/1/,490
221,True,magmar,https://pokeapi.co/api/v2/pokemon/126/,126,magmar,False,False,False,False,generation-i,https://pokeapi.co/api/v2/generation/1/,495
222,True,gyarados,https://pokeapi.co/api/v2/pokemon/130/,130,gyarados,False,False,False,True,generation-i,https://pokeapi.co/api/v2/generation/1/,540
223,False,gyarados-mega,https://pokeapi.co/api/v2/pokemon/10041/,130,gyarados,False,False,False,True,,,640
224,True,vaporeon,https://pokeapi.co/api/v2/pokemon/134/,134,vaporeon,False,False,False,False,generation-i,https://pokeapi.co/api/v2/generation/1/,525
225,True,jolteon,https://pokeapi.co/api/v2/pokemon/135/,135,jolteon,False,False,False,False,generation-i,https://pokeapi.co/api/v2/generation/1/,525
226,True,flareon,https://pokeapi.co/api/v2/pokemon/136/,136,flareon,False,False,False,False,generation-i,https://pokeapi.co/api/v2/generation/1/,525
227,True,omastar,https://pokeapi.co/api/v2/pokemon/139/,139,omastar,False,False,False,False,generation-i,https://pokeapi.co/api/v2/generation/1/,495
228,True,kabutops,https://pokeapi.co/api/v2/pokemon/141/,141,kabutops,False,False,False,False,generation-i,https://pokeapi.co/api/v2/generation/1/,495
229,True,snorlax,https://pokeapi.co/api/v2/pokemon/143/,143,snorlax,False,False,False,False,generation-i,https://pokeapi.co/api/v2/generation/1/,540
230,False,snorlax-gmax,https://pokeapi.co/api/v2/pokemon/10206/,143,snorlax,False,False,False,False,,,540
231,True,dragonair,https://pokeapi.co/api/v2/pokemon/148/,148,dragonair,False,False,False,False,generation-i,https://pokeapi.co/api/v2/generation/1/,420
232,True,dragonite,https://pokeapi.co/api/v2/pokemon/149/,149,dragonite,False,False,False,False,generation-i,https://pokeapi.co/api/v2/generation/1/,600
233,False,dragonite-mega,https://pokeapi.co/api/v2/pokemon/10281/,149,dragonite,False,False,False,False,,,700
234,True,mew,https://pokeapi.co/api/v2/pokemon/151/,151,mew,False,False,True,False,generation-i,https://pokeapi.co/api/v2/generation/1/,600
235,True,ivysaur,https://pokeapi.co/api/v2/pokemon/2/,2,ivysaur,False,False,False,False,generation-i,https://pokeapi.co/api/v2/generation/1/,405
236,True,golem,https://pokeapi.co/api/v2/pokemon/76/,76,golem,False,False,False,False,generation-i,https://pokeapi.co/api/v2/generation/1/,495
237,False,golem-alola,https://pokeapi.co/api/v2/pokemon/10111/,76,golem,False,False,False,False,,,495
238,True,chikorita,https://pokeapi.co/api/v2/pokemon/152/,152,chikorita,False,False,False,False,generation-ii,https://pokeapi.co/api/v2/generation/2/,318
239,True,cyndaquil,https://pokeapi.co/api/v2/pokemon/155/,155,cyndaquil,False,False,False,False,generation-ii,https://pokeapi.co/api/v2/generation/2/,309
240,True,totodile,https://pokeapi.co/api/v2/pokemon/158/,158,totodile,False,False,False,False,generation-ii,https://pokeapi.co/api/v2/generation/2/,314
241,True,sentret,https://pokeapi.co/api/v2/pokemon/161/,161,sentret,False,False,False,False,generation-ii,https://pokeapi.co/api/v2/generation/2/,215
242,True,hoothoot,https://pokeapi.co/api/v2/pokemon/163/,163,hoothoot,False,False,False,False,generation-ii,https://pokeapi.co/api/v2/generation/2/,262
243,True,ledyba,https://pokeapi.co/api/v2/pokemon/165/,165,ledyba,False,False,False,False,generation-ii,https://pokeapi.co/api/v2/generation/2/,265
244,True,spinarak,https://pokeapi.co/api/v2/pokemon/167/,167,spinarak,False,False,False,False,generation-ii,https://pokeapi.co/api/v2/generation/2/,250
245,True,chinchou,https://pokeapi.co/api/v2/pokemon/170/,170,chinchou,False,False,False,False,generation-ii,https://pokeapi.co/api/v2/generation/2/,330
246,True,pichu,https://pokeapi.co/api/v2/pokemon/172/,172,pichu,True,False,False,False,generation-ii,https://pokeapi.co/api/v2/generation/2/,205
247,True,cleffa,https://pokeapi.co/api/v2/pokemon/173/,173,cleffa,True,False,False,False,generation-ii,https://pokeapi.co/api/v2/generation/2/,218
248,True,igglybuff,https://pokeapi.co/api/v2/pokemon/174/,174,igglybuff,True,False,False,False,generation-ii,https://pokeapi.co/api/v2/generation/2/,210
249,True,togepi,https://pokeapi.co/api/v2/pokemon/175/,175,togepi,True,False,False,False,generation-ii,https://pokeapi.co/api/v2/generation/2/,245
250,True,natu,https://pokeapi.co/api/v2/pokemon/177/,177,natu,False,False,False,False,generation-ii,https://pokeapi.co/api/v2/generation/2/,320
251,True,mareep,https://pokeapi.co/api/v2/pokemon/179/,179,mareep,False,False,False,False,generation-ii,https://pokeapi.co/api/v2/generation/2/,280
252,True,hoppip,https://pokeapi.co/api/v2/pokemon/187/,187,hoppip,False,False,False,False,generation-ii,https://pokeapi.co/api/v2/generation/2/,250
253,True,aipom,https://pokeapi.co/api/v2/pokemon/190/,190,aipom,False,False,False,False,generation-ii,https://pokeapi.co/api/v2/generation/2/,360
254,True,sunkern,https://pokeapi.co/api/v2/pokemon/191/,191,sunkern,False,False,False,False,generation-ii,https://pokeapi.co/api/v2/generation/2/,180
255,True,yanma,https://pokeapi.co/api/v2/pokemon/193/,193,yanma,False,False,False,False,generation-ii,https://pokeapi.co/api/v2/generation/2/,390
256,True,wooper,https://pokeapi.co/api/v2/pokemon/194/,194,wooper,False,False,False,False,generation-ii,https://pokeapi.co/api/v2/generation/2/,210
257,False,wooper-paldea,https://pokeapi.co/api/v2/pokemon/10253/,194,wooper,False,False,False,False,,,210
258,True,murkrow,https://pokeapi.co/api/v2/pokemon/198/,198,murkrow,False,False,False,False,generation-ii,https://pokeapi.co/api/v2/generation/2/,405
259,True,misdreavus,https://pokeapi.co/api/v2/pokemon/200/,200,misdreavus,False,False,False,False,generation-ii,https://pokeapi.co/api/v2/generation/2/,435
260,True,unown,https://pokeapi.co/api/v2/pokemon/201/,201,unown,False,False,False,False,generation-ii,https://pokeapi.co/api/v2/generation/2/,336
261,True,girafarig,https://pokeapi.co/api/v2/pokemon/203/,203,girafarig,False,False,False,False,generation-ii,https://pokeapi.co/api/v2/generation/2/,455
262,True,pineco,https://pokeapi.co/api/v2/pokemon/204/,204,pineco,False,False,False,False,generation-ii,https://pokeapi.co/api/v2/generation/2/,290
263,True,dunsparce,https://pokeapi.co/api/v2/pokemon/206/,206,dunsparce,False,False,False,False,generation-ii,https://pokeapi.co/api/v2/generation/2/,415
264,True,gligar,https://pokeapi.co/api/v2/pokemon/207/,207,gligar,False,False,False,False,generation-ii,https://pokeapi.co/api/v2/generation/2/,430
265,True,snubbull,https://pokeapi.co/api/v2/pokemon/209/,209,snubbull,False,False,False,False,generation-ii,https://pokeapi.co/api/v2/generation/2/,300
266,True,qwilfish,https://pokeapi.co/api/v2/pokemon/211/,211,qwilfish,False,False,False,False,generation-ii,https://pokeapi.co/api/v2/generation/2/,440
267,False,qwilfish-hisui,https://pokeapi.co/api/v2/pokemon/10234/,211,qwilfish,False,False,False,False,,,440
268,True,shuckle,https://pokeapi.co/api/v2/pokemon/213/,213,shuckle,False,False,False,False,generation-ii,https://pokeapi.co/api/v2/generation/2/,505
269,True,heracross,https://pokeapi.co/api/v2/pokemon/214/,214,heracross,False,False,False,True,generation-ii,https://pokeapi.co/api/v2/generation/2/,500
270,False,heracross-mega,https://pokeapi.co/api/v2/pokemon/10047/,214,heracross,False,False,False,True,,,600
271,True,sneasel,https://pokeapi.co/api/v2/pokemon/215/,215,sneasel,False,False,False,False,generation-ii,https://pokeapi.co/api/v2/generation/2/,430
272,False,sneasel-hisui,https://pokeapi.co/api/v2/pokemon/10235/,215,sneasel,False,False,False,False,,,430
273,True,teddiursa,https://pokeapi.co/api/v2/pokemon/216/,216,teddiursa,False,False,False,False,generation-ii,https://pokeapi.co/api/v2/generation/2/,330
274,True,slugma,https://pokeapi.co/api/v2/pokemon/218/,218,slugma,False,False,False,False,generation-ii,https://pokeapi.co/api/v2/generation/2/,250
275,True,swinub,https://pokeapi.co/api/v2/pokemon/220/,220,swinub,False,False,False,False,generation-ii,https://pokeapi.co/api/v2/generation/2/,250
276,True,corsola,https://pokeapi.co/api/v2/pokemon/222/,222,corsola,False,False,False,False,generation-ii,https://pokeapi.co/api/v2/generation/2/,410
277,False,corsola-galar,https://pokeapi.co/api/v2/pokemon/10173/,222,corsola,False,False,False,False,,,410
278,True,remoraid,https://pokeapi.co/api/v2/pokemon/223/,223,remoraid,False,False,False,False,generation-ii,https://pokeapi.co/api/v2/generation/2/,300
279,True,delibird,https://pokeapi.co/api/v2/pokemon/225/,225,delibird,False,False,False,False,generation-ii,https://pokeapi.co/api/v2/generation/2/,330
280,True,meganium,https://pokeapi.co/api/v2/pokemon/154/,154,meganium,False,False,False,False,generation-ii,https://pokeapi.co/api/v2/generation/2/,525
281,False,meganium-mega,https://pokeapi.co/api/v2/pokemon/10282/,154,meganium,False,False,False,False,,,625
282,True,quilava,https://pokeapi.co/api/v2/pokemon/156/,156,quilava,False,False,False,False,generation-ii,https://pokeapi.co/api/v2/generation/2/,405
283,True,typhlosion,https://pokeapi.co/api/v2/pokemon/157/,157,typhlosion,False,False,False,False,generation-ii,https://pokeapi.co/api/v2/generation/2/,534
284,False,typhlosion-hisui,https://pokeapi.co/api/v2/pokemon/10233/,157,typhlosion,False,False,False,False,,,534
285,True,croconaw,https://pokeapi.co/api/v2/pokemon/159/,159,croconaw,False,False,False,False,generation-ii,https://pokeapi.co/api/v2/generation/2/,405
286,True,feraligatr,https://pokeapi.co/api/v2/pokemon/160/,160,feraligatr,False,False,False,False,generation-ii,https://pokeapi.co/api/v2/generation/2/,530
287,False,feraligatr-mega,https://pokeapi.co/api/v2/pokemon/10283/,160,feraligatr,False,False,False,False,,,630
288,True,furret,https://pokeapi.co/api/v2/pokemon/162/,162,furret,False,False,False,False,generation-ii,https://pokeapi.co/api/v2/generation/2/,415
289,True,noctowl,https://pokeapi.co/api/v2/pokemon/164/,164,noctowl,False,False,False,False,generation-ii,https://pokeapi.co/api/v2/generation/2/,452
290,True,ledian,https://pokeapi.co/api/v2/pokemon/166/,166,ledian,False,False,False,False,generation-ii,https://pokeapi.co/api/v2/generation/2/,390
291,True,ariados,https://pokeapi.co/api/v2/pokemon/168/,168,ariados,False,False,False,False,generation-ii,https://pokeapi.co/api/v2/generation/2/,400
292,True,crobat,https://pokeapi.co/api/v2/pokemon/169/,169,crobat,False,False,False,False,generation-ii,https://pokeapi.co/api/v2/generation/2/,535
293,True,lanturn,https://pokeapi.co/api/v2/pokemon/171/,171,lanturn,False,False,False,False,generation-ii,https://pokeapi.co/api/v2/generation/2/,460
294,True,togetic,https://pokeapi.co/api/v2/pokemon/176/,176,togetic,False,False,False,False,generation-ii,https://pokeapi.co/api/v2/generation/2/,405
295,True,xatu,https://pokeapi.co/api/v2/pokemon/178/,178,xatu,False,False,False,False,generation-ii,https://pokeapi.co/api/v2/generation/2/,470
296,True,flaaffy,https://pokeapi.co/api/v2/pokemon/180/,180,flaaffy,False,False,False,False,generation-ii,https://pokeapi.co/api/v2/generation/2/,365
297,True,ampharos,https://pokeapi.co/api/v2/pokemon/181/,181,ampharos,False,False,False,True,generation-ii,https://pokeapi.co/api/v2/generation/2/,510
298,False,ampharos-mega,https://pokeapi.co/api/v2/pokemon/10045/,181,ampharos,False,False,False,True,,,610
299,True,bellossom,https://pokeapi.co/api/v2/pokemon/182/,182,bellossom,False,False,False,False,generation-ii,https://pokeapi.co/api/v2/generation/2/,490
300,True,marill,https://pokeapi.co/api/v2/pokemon/183/,183,marill,False,False,False,False,generation-ii,https://pokeapi.co/api/v2/generation/2/,250
301,True,azumarill,https://pokeapi.co/api/v2/pokemon/184/,184,azumarill,False,False,False,False,generation-ii,https://pokeapi.co/api/v2/generation/2/,420
302,True,sudowoodo,https://pokeapi.co/api/v2/pokemon/185/,185,sudowoodo,False,False,False,False,generation-ii,https://pokeapi.co/api/v2/generation/2/,410
303,True,politoed,https://pokeapi.co/api/v2/pokemon/186/,186,politoed,False,False,False,False,generation-ii,https://pokeapi.co/api/v2/generation/2/,500
304,True,skiploom,https://pokeapi.co/api/v2/pokemon/188/,188,skiploom,False,False,False,False,generation-ii,https://pokeapi.co/api/v2/generation/2/,340
305,True,jumpluff,https://pokeapi.co/api/v2/pokemon/189/,189,jumpluff,False,False,False,False,generation-ii,https://pokeapi.co/api/v2/generation/2/,460
306,True,sunflora,https://pokeapi.co/api/v2/pokemon/192/,192,sunflora,False,False,False,False,generation-ii,https://pokeapi.co/api/v2/generation/2/,425
307,True,quagsire,https://pokeapi.co/api/v2/pokemon/195/,195,quagsire,False,False,False,False,generation-ii,https://pokeapi.co/api/v2/generation/2/,430
308,True,espeon,https://pokeapi.co/api/v2/pokemon/196/,196,espeon,False,False,False,False,generation-ii,https://pokeapi.co/api/v2/generation/2/,525
309,True,umbreon,https://pokeapi.co/api/v2/pokemon/197/,197,umbreon,False,False,False,False,generation-ii,https://pokeapi.co/api/v2/generation/2/,525
310,True,slowking,https://pokeapi.co/api/v2/pokemon/199/,199,slowking,False,False,False,False,generation-ii,https://pokeapi.co/api/v2/generation/2/,490
311,False,slowking-galar,https://pokeapi.co/api/v2/pokemon/10172/,199,slowking,False,False,False,False,,,490
312,True,wobbuffet,https://pokeapi.co/api/v2/pokemon/202/,202,wobbuffet,False,False,False,False,generation-ii,https://pokeapi.co/api/v2/generation/2/,405
313,True,forretress,https://pokeapi.co/api/v2/pokemon/205/,205,forretress,False,False,False,False,generation-ii,https://pokeapi.co/api/v2/generation/2/,465
314,True,steelix,https://pokeapi.co/api/v2/pokemon/208/,208,steelix,False,False,False,True,generation-ii,https://pokeapi.co/api/v2/generation/2/,510
315,False,steelix-mega,https://pokeapi.co/api/v2/pokemon/10072/,208,steelix,False,False,False,True,,,610
316,True,granbull,https://pokeapi.co/api/v2/pokemon/210/,210,granbull,False,False,False,False,generation-ii,https://pokeapi.co/api/v2/generation/2/,450
317,True,scizor,https://pokeapi.co/api/v2/pokemon/212/,212,scizor,False,False,False,True,generation-ii,https://pokeapi.co/api/v2/generation/2/,500
318,False,scizor-mega,https://pokeapi.co/api/v2/pokemon/10046/,212,scizor,False,False,False,True,,,600
319,True,ursaring,https://pokeapi.co/api/v2/pokemon/217/,217,ursaring,False,False,False,False,generation-ii,https://pokeapi.co/api/v2/generation/2/,500
320,True,magcargo,https://pokeapi.co/api/v2/pokemon/219/,219,magcargo,False,False,False,False,generation-ii,https://pokeapi.co/api/v2/generation/2/,430
321,True,piloswine,https://pokeapi.co/api/v2/pokemon/221/,221,piloswine,False,False,False,False,generation-ii,https://pokeapi.co/api/v2/generation/2/,450
322,True,octillery,https://pokeapi.co/api/v2/pokemon/224/,224,octillery,False,False,False,False,generation-ii,https://pokeapi.co/api/v2/generation/2/,480
323,True,skarmory,https://pokeapi.co/api/v2/pokemon/227/,227,skarmory,False,False,False,False,generation-ii,https://pokeapi.co/api/v2/generation/2/,465
324,False,skarmory-mega,https://pokeapi.co/api/v2/pokemon/10284/,227,skarmory,False,False,False,False,,,565
325,True,houndour,https://pokeapi.co/api/v2/pokemon/228/,228,houndour,False,False,False,False,generation-ii,https://pokeapi.co/api/v2/generation/2/,330
326,True,phanpy,https://pokeapi.co/api/v2/pokemon/231/,231,phanpy,False,False,False,False,generation-ii,https://pokeapi.co/api/v2/generation/2/,330
327,True,stantler,https://pokeapi.co/api/v2/pokemon/234/,234,stantler,False,False,False,False,generation-ii,https://pokeapi.co/api/v2/generation/2/,465
328,True,smeargle,https://pokeapi.co/api/v2/pokemon/235/,235,smeargle,False,False,False,False,generation-ii,https://pokeapi.co/api/v2/generation/2/,250
329,True,tyrogue,https://pokeapi.co/api/v2/pokemon/236/,236,tyrogue,True,False,False,False,generation-ii,https://pokeapi.co/api/v2/generation/2/,210
330,True,smoochum,https://pokeapi.co/api/v2/pokemon/238/,238,smoochum,True,False,False,False,generation-ii,https://pokeapi.co/api/v2/generation/2/,305
331,True,elekid,https://pokeapi.co/api/v2/pokemon/239/,239,elekid,True,False,False,False,generation-ii,https://pokeapi.co/api/v2/generation/2/,360
332,True,magby,https://pokeapi.co/api/v2/pokemon/240/,240,magby,True,False,False,False,generation-ii,https://pokeapi.co/api/v2/generation/2/,365
333,True,miltank,https://pokeapi.co/api/v2/pokemon/241/,241,miltank,False,False,False,False,generation-ii,https://pokeapi.co/api/v2/generation/2/,490
334,True,raikou,https://pokeapi.co/api/v2/pokemon/243/,243,raikou,False,True,False,False,generation-ii,https://pokeapi.co/api/v2/generation/2/,580
335,True,entei,https://pokeapi.co/api/v2/pokemon/244/,244,entei,False,True,False,False,generation-ii,https://pokeapi.co/api/v2/generation/2/,580
336,True,suicune,https://pokeapi.co/api/v2/pokemon/245/,245,suicune,False,True,False,False,generation-ii,https://pokeapi.co/api/v2/generation/2/,580
337,True,larvitar,https://pokeapi.co/api/v2/pokemon/246/,246,larvitar,False,False,False,False,generation-ii,https://pokeapi.co/api/v2/generation/2/,300
338,True,lugia,https://pokeapi.co/api/v2/pokemon/249/,249,lugia,False,True,False,False,generation-ii,https://pokeapi.co/api/v2/generation/2/,680
339,True,ho-oh,https://pokeapi.co/api/v2/pokemon/250/,250,ho-oh,False,True,False,False,generation-ii,https://pokeapi.co/api/v2/generation/2/,680
340,True,celebi,https://pokeapi.co/api/v2/pokemon/251/,251,celebi,False,False,True,False,generation-ii,https://pokeapi.co/api/v2/generation/2/,600
341,True,houndoom,https://pokeapi.co/api/v2/pokemon/229/,229,houndoom,False,False,False,True,generation-ii,https://pokeapi.co/api/v2/generation/2/,500
342,False,houndoom-mega,https://pokeapi.co/api/v2/pokemon/10048/,229,houndoom,False,False,False,True,,,600
343,True,kingdra,https://pokeapi.co/api/v2/pokemon/230/,230,kingdra,False,False,False,False,generation-ii,https://pokeapi.co/api/v2/generation/2/,540
344,True,donphan,https://pokeapi.co/api/v2/pokemon/232/,232,donphan,False,False,False,False,generation-ii,https://pokeapi.co/api/v2/generation/2/,500
345,True,porygon2,https://pokeapi.co/api/v2/pokemon/233/,233,porygon2,False,False,False,False,generation-ii,https://pokeapi.co/api/v2/generation/2/,515
346,True,hitmontop,https://pokeapi.co/api/v2/pokemon/237/,237,hitmontop,False,False,False,False,generation-ii,https://pokeapi.co/api/v2/generation/2/,455
347,True,blissey,https://pokeapi.co/api/v2/pokemon/242/,242,blissey,False,False,False,False,generation-ii,https://pokeapi.co/api/v2/generation/2/,540
348,True,pupitar,https://pokeapi.co/api/v2/pokemon/247/,247,pupitar,False,False,False,False,generation-ii,https://pokeapi.co/api/v2/generation/2/,410
349,True,tyranitar,https://pokeapi.co/api/v2/pokemon/248/,248,tyranitar,False,False,False,True,generation-ii,https://pokeapi.co/api/v2/generation/2/,600
350,False,tyranitar-mega,https://pokeapi.co/api/v2/pokemon/10049/,248,tyranitar,False,False,False,True,,,700
351,True,bayleef,https://pokeapi.co/api/v2/pokemon/153/,153,bayleef,False,False,False,False,generation-ii,https://pokeapi.co/api/v2/generation/2/,405
352,True,mantine,https://pokeapi.co/api/v2/pokemon/226/,226,mantine,False,False,False,False,generation-ii,https://pokeapi.co/api/v2/generation/2/,485
353,True,treecko,https://pokeapi.co/api/v2/pokemon/252/,252,treecko,False,False,False,False,generation-iii,https://pokeapi.co/api/v2/generation/3/,310
354,True,torchic,https://pokeapi.co/api/v2/pokemon/255/,255,torchic,False,False,False,False,generation-iii,https://pokeapi.co/api/v2/generation/3/,310
355,True,mudkip,https://pokeapi.co/api/v2/pokemon/258/,258,mudkip,False,False,False,False,generation-iii,https://pokeapi.co/api/v2/generation/3/,310
356,True,poochyena,https://pokeapi.co/api/v2/pokemon/261/,261,poochyena,False,False,False,False,generation-iii,https://pokeapi.co/api/v2/generation/3/,220
357,True,zigzagoon,https://pokeapi.co/api/v2/pokemon/263/,263,zigzagoon,False,False,False,False,generation-iii,https://pokeapi.co/api/v2/generation/3/,240
358,False,zigzagoon-galar,https://pokeapi.co/api/v2/pokemon/10174/,263,zigzagoon,False,False,False,False,,,240
359,True,wurmple,https://pokeapi.co/api/v2/pokemon/265/,265,wurmple,False,False,False,False,generation-iii,https://pokeapi.co/api/v2/generation/3/,195
360,True,lotad,https://pokeapi.co/api/v2/pokemon/270/,270,lotad,False,False,False,False,generation-iii,https://pokeapi.co/api/v2/generation/3/,220
361,True,seedot,https://pokeapi.co/api/v2/pokemon/273/,273,seedot,False,False,False,False,generation-iii,https://pokeapi.co/api/v2/generation/3/,220
362,True,taillow,https://pokeapi.co/api/v2/pokemon/276/,276,taillow,False,False,False,False,generation-iii,https://pokeapi.co/api/v2/generation/3/,270
363,True,wingull,https://pokeapi.co/api/v2/pokemon/278/,278,wingull,False,False,False,False,generation-iii,https://pokeapi.co/api/v2/generation/3/,270
364,True,ralts,https://pokeapi.co/api/v2/pokemon/280/,280,ralts,False,False,False,False,generation-iii,https://pokeapi.co/api/v2/generation/3/,198
365,True,surskit,https://pokeapi.co/api/v2/pokemon/283/,283,surskit,False,False,False,False,generation-iii,https://pokeapi.co/api/v2/generation/3/,269
366,True,shroomish,https://pokeapi.co/api/v2/pokemon/285/,285,shroomish,False,False,False,False,generation-iii,https://pokeapi.co/api/v2/generation/3/,295
367,True,slakoth,https://pokeapi.co/api/v2/pokemon/287/,287,slakoth,False,False,False,False,generation-iii,https://pokeapi.co/api/v2/generation/3/,280
368,True,nincada,https://pokeapi.co/api/v2/pokemon/290/,290,nincada,False,False,False,False,generation-iii,https://pokeapi.co/api/v2/generation/3/,266
369,True,whismur,https://pokeapi.co/api/v2/pokemon/293/,293,whismur,False,False,False,False,generation-iii,https://pokeapi.co/api/v2/generation/3/,240
370,True,makuhita,https://pokeapi.co/api/v2/pokemon/296/,296,makuhita,False,False,False,False,generation-iii,https://pokeapi.co/api/v2/generation/3/,237
371,True,azurill,https://pokeapi.co/api/v2/pokemon/298/,298,azurill,True,False,False,False,generation-iii,https://pokeapi.co/api/v2/generation/3/,190
372,True,nosepass,https://pokeapi.co/api/v2/pokemon/299/,299,nosepass,False,False,False,False,generation-iii,https://pokeapi.co/api/v2/generation/3/,375
373,True,skitty,https://pokeapi.co/api/v2/pokemon/300/,300,skitty,False,False,False,False,generation-iii,https://pokeapi.co/api/v2/generation/3/,260
374,True,grovyle,https://pokeapi.co/api/v2/pokemon/253/,253,grovyle,False,False,False,False,generation-iii,https://pokeapi.co/api/v2/generation/3/,405
375,True,sceptile,https://pokeapi.co/api/v2/pokemon/254/,254,sceptile,False,False,False,True,generation-iii,https://pokeapi.co/api/v2/generation/3/,530
376,False,sceptile-mega,https://pokeapi.co/api/v2/pokemon/10065/,254,sceptile,False,False,False,True,,,630
377,True,combusken,https://pokeapi.co/api/v2/pokemon/256/,256,combusken,False,False,False,False,generation-iii,https://pokeapi.co/api/v2/generation/3/,405
378,True,blaziken,https://pokeapi.co/api/v2/pokemon/257/,257,blaziken,False,False,False,True,generation-iii,https://pokeapi.co/api/v2/generation/3/,530
379,False,blaziken-mega,https://pokeapi.co/api/v2/pokemon/10050/,257,blaziken,False,False,False,True,,,630
380,True,marshtomp,https://pokeapi.co/api/v2/pokemon/259/,259,marshtomp,False,False,False,False,generation-iii,https://pokeapi.co/api/v2/generation/3/,405
381,True,swampert,https://pokeapi.co/api/v2/pokemon/260/,260,swampert,False,False,False,True,generation-iii,https://pokeapi.co/api/v2/generation/3/,535
382,False,swampert-mega,https://pokeapi.co/api/v2/pokemon/10064/,260,swampert,False,False,False,True,,,635
383,True,mightyena,https://pokeapi.co/api/v2/pokemon/262/,262,mightyena,False,False,False,False,generation-iii,https://pokeapi.co/api/v2/generation/3/,420
384,True,linoone,https://pokeapi.co/api/v2/pokemon/264/,264,linoone,False,False,False,False,generation-iii,https://pokeapi.co/api/v2/generation/3/,420
385,False,linoone-galar,https://pokeapi.co/api/v2/pokemon/10175/,264,linoone,False,False,False,False,,,420
386,True,silcoon,https://pokeapi.co/api/v2/pokemon/266/,266,silcoon,False,False,False,False,generation-iii,https://pokeapi.co/api/v2/generation/3/,205
387,True,beautifly,https://pokeapi.co/api/v2/pokemon/267/,267,beautifly,False,False,False,False,generation-iii,https://pokeapi.co/api/v2/generation/3/,395
388,True,cascoon,https://pokeapi.co/api/v2/pokemon/268/,268,cascoon,False,False,False,False,generation-iii,https://pokeapi.co/api/v2/generation/3/,205
389,True,dustox,https://pokeapi.co/api/v2/pokemon/269/,269,dustox,False,False,False,False,generation-iii,https://pokeapi.co/api/v2/generation/3/,385
390,True,lombre,https://pokeapi.co/api/v2/pokemon/271/,271,lombre,False,False,False,False,generation-iii,https://pokeapi.co/api/v2/generation/3/,340
391,True,ludicolo,https://pokeapi.co/api/v2/pokemon/272/,272,ludicolo,False,False,False,False,generation-iii,https://pokeapi.co/api/v2/generation/3/,480
392,True,nuzleaf,https://pokeapi.co/api/v2/pokemon/274/,274,nuzleaf,False,False,False,False,generation-iii,https://pokeapi.co/api/v2/generation/3/,340
393,True,shiftry,https://pokeapi.co/api/v2/pokemon/275/,275,shiftry,False,False,False,False,generation-iii,https://pokeapi.co/api/v2/generation/3/,480
394,True,swellow,https://pokeapi.co/api/v2/pokemon/277/,277,swellow,False,False,False,False,generation-iii,https://pokeapi.co/api/v2/generation/3/,455
395,True,pelipper,https://pokeapi.co/api/v2/pokemon/279/,279,pelipper,False,False,False,False,generation-iii,https://pokeapi.co/api/v2/generation/3/,440
396,True,kirlia,https://pokeapi.co/api/v2/pokemon/281/,281,kirlia,False,False,False,False,generation-iii,https://pokeapi.co/api/v2/generation/3/,278
397,True,gardevoir,https://pokeapi.co/api/v2/pokemon/282/,282,gardevoir,False,False,False,True,generation-iii,https://pokeapi.co/api/v2/generation/3/,518
398,False,gardevoir-mega,https://pokeapi.co/api/v2/pokemon/10051/,282,gardevoir,False,False,False,True,,,618
399,True,masquerain,https://pokeapi.co/api/v2/pokemon/284/,284,masquerain,False,False,False,False,generation-iii,https://pokeapi.co/api/v2/generation/3/,454
400,True,breloom,https://pokeapi.co/api/v2/pokemon/286/,286,breloom,False,False,False,False,generation-iii,https://pokeapi.co/api/v2/generation/3/,460
401,True,vigoroth,https://pokeapi.co/api/v2/pokemon/288/,288,vigoroth,False,False,False,False,generation-iii,https://pokeapi.co/api/v2/generation/3/,440
402,True,slaking,https://pokeapi.co/api/v2/pokemon/289/,289,slaking,False,False,False,False,generation-iii,https://pokeapi.co/api/v2/generation/3/,670
403,True,ninjask,https://pokeapi.co/api/v2/pokemon/291/,291,ninjask,False,False,False,False,generation-iii,https://pokeapi.co/api/v2/generation/3/,456
404,True,shedinja,https://pokeapi.co/api/v2/pokemon/292/,292,shedinja,False,False,False,False,generation-iii,https://pokeapi.co/api/v2/generation/3/,236
405,True,loudred,https://pokeapi.co/api/v2/pokemon/294/,294,loudred,False,False,False,False,generation-iii,https://pokeapi.co/api/v2/generation/3/,360
406,True,exploud,https://pokeapi.co/api/v2/pokemon/295/,295,exploud,False,False,False,False,generation-iii,https://pokeapi.co/api/v2/generation/3/,490
407,True,hariyama,https://pokeapi.co/api/v2/pokemon/297/,297,hariyama,False,False,False,False,generation-iii,https://pokeapi.co/api/v2/generation/3/,474
408,True,sableye,https://pokeapi.co/api/v2/pokemon/302/,302,sableye,False,False,False,True,generation-iii,https://pokeapi.co/api/v2/generation/3/,380
409,False,sableye-mega,https://pokeapi.co/api/v2/pokemon/10066/,302,sableye,False,False,False,True,,,480
410,True,mawile,https://pokeapi.co/api/v2/pokemon/303/,303,mawile,False,False,False,True,generation-iii,https://pokeapi.co/api/v2/generation/3/,380
411,False,mawile-mega,https://pokeapi.co/api/v2/pokemon/10052/,303,mawile,False,False,False,True,,,480
412,True,aron,https://pokeapi.co/api/v2/pokemon/304/,304,aron,False,False,False,False,generation-iii,https://pokeapi.co/api/v2/generation/3/,330
413,True,meditite,https://pokeapi.co/api/v2/pokemon/307/,307,meditite,False,False,False,False,generation-iii,https://pokeapi.co/api/v2/generation/3/,280
414,True,electrike,https://pokeapi.co/api/v2/pokemon/309/,309,electrike,False,False,False,False,generation-iii,https://pokeapi.co/api/v2/generation/3/,295
415,True,plusle,https://pokeapi.co/api/v2/pokemon/311/,311,plusle,False,False,False,False,generation-iii,https://pokeapi.co/api/v2/generation/3/,405
416,True,minun,https://pokeapi.co/api/v2/pokemon/312/,312,minun,False,False,False,False,generation-iii,https://pokeapi.co/api/v2/generation/3/,405
417,True,volbeat,https://pokeapi.co/api/v2/pokemon/313/,313,volbeat,False,False,False,False,generation-iii,https://pokeapi.co/api/v2/generation/3/,430
418,True,illumise,https://pokeapi.co/api/v2/pokemon/314/,314,illumise,False,False,False,False,generation-iii,https://pokeapi.co/api/v2/generation/3/,430
419,True,gulpin,https://pokeapi.co/api/v2/pokemon/316/,316,gulpin,False,False,False,False,generation-iii,https://pokeapi.co/api/v2/generation/3/,302
420,True,carvanha,https://pokeapi.co/api/v2/pokemon/318/,318,carvanha,False,False,False,False,generation-iii,https://pokeapi.co/api/v2/generation/3/,305
421,True,wailmer,https://pokeapi.co/api/v2/pokemon/320/,320,wailmer,False,False,False,False,generation-iii,https://pokeapi.co/api/v2/generation/3/,400
422,True,numel,https://pokeapi.co/api/v2/pokemon/322/,322,numel,False,False,False,False,generation-iii,https://pokeapi.co/api/v2/generation/3/,305
423,True,torkoal,https://pokeapi.co/api/v2/pokemon/324/,324,torkoal,False,False,False,False,generation-iii,https://pokeapi.co/api/v2/generation/3/,470
424,True,spoink,https://pokeapi.co/api/v2/pokemon/325/,325,spoink,False,False,False,False,generation-iii,https://pokeapi.co/api/v2/generation/3/,330
425,True,spinda,https://pokeapi.co/api/v2/pokemon/327/,327,spinda,False,False,False,False,generation-iii,https://pokeapi.co/api/v2/generation/3/,360
426,True,trapinch,https://pokeapi.co/api/v2/pokemon/328/,328,trapinch,False,False,False,False,generation-iii,https://pokeapi.co/api/v2/generation/3/,290
427,True,cacnea,https://pokeapi.co/api/v2/pokemon/331/,331,cacnea,False,False,False,False,generation-iii,https://pokeapi.co/api/v2/generation/3/,335
428,True,swablu,https://pokeapi.co/api/v2/pokemon/333/,333,swablu,False,False,False,False,generation-iii,https://pokeapi.co/api/v2/generation/3/,310
429,True,zangoose,https://pokeapi.co/api/v2/pokemon/335/,335,zangoose,False,False,False,False,generation-iii,https://pokeapi.co/api/v2/generation/3/,458
430,True,seviper,https://pokeapi.co/api/v2/pokemon/336/,336,seviper,False,False,False,False,generation-iii,https://pokeapi.co/api/v2/generation/3/,458
431,True,lunatone,https://pokeapi.co/api/v2/pokemon/337/,337,lunatone,False,False,False,False,generation-iii,https://pokeapi.co/api/v2/generation/3/,460
432,True,solrock,https://pokeapi.co/api/v2/pokemon/338/,338,solrock,False,False,False,False,generation-iii,https://pokeapi.co/api/v2/generation/3/,460
433,True,barboach,https://pokeapi.co/api/v2/pokemon/339/,339,barboach,False,False,False,False,generation-iii,https://pokeapi.co/api/v2/generation/3/,288
434,True,corphish,https://pokeapi.co/api/v2/pokemon/341/,341,corphish,False,False,False,False,generation-iii,https://pokeapi.co/api/v2/generation/3/,308
435,True,baltoy,https://pokeapi.co/api/v2/pokemon/343/,343,baltoy,False,False,False,False,generation-iii,https://pokeapi.co/api/v2/generation/3/,300
436,True,lileep,https://pokeapi.co/api/v2/pokemon/345/,345,lileep,False,False,False,False,generation-iii,https://pokeapi.co/api/v2/generation/3/,355
437,True,anorith,https://pokeapi.co/api/v2/pokemon/347/,347,anorith,False,False,False,False,generation-iii,https://pokeapi.co/api/v2/generation/3/,355
438,True,feebas,https://pokeapi.co/api/v2/pokemon/349/,349,feebas,False,False,False,False,generation-iii,https://pokeapi.co/api/v2/generation/3/,200
439,True,castform,https://pokeapi.co/api/v2/pokemon/351/,351,castform,False,False,False,True,generation-iii,https://pokeapi.co/api/v2/generation/3/,420
440,False,castform-sunny,https://pokeapi.co/api/v2/pokemon/10013/,351,castform,False,False,False,True,,,420
441,False,castform-rainy,https://pokeapi.co/api/v2/pokemon/10014/,351,castform,False,False,False,True,,,420
442,False,castform-snowy,https://pokeapi.co/api/v2/pokemon/10015/,351,castform,False,False,False,True,,,420
443,True,kecleon,https://pokeapi.co/api/v2/pokemon/352/,352,kecleon,False,False,False,False,generation-iii,https://pokeapi.co/api/v2/generation/3/,440
444,True,shuppet,https://pokeapi.co/api/v2/pokemon/353/,353,shuppet,False,False,False,False,generation-iii,https://pokeapi.co/api/v2/generation/3/,295
445,True,duskull,https://pokeapi.co/api/v2/pokemon/355/,355,duskull,False,False,False,False,generation-iii,https://pokeapi.co/api/v2/generation/3/,295
446,True,tropius,https://pokeapi.co/api/v2/pokemon/357/,357,tropius,False,False,False,False,generation-iii,https://pokeapi.co/api/v2/generation/3/,460
447,True,absol,https://pokeapi.co/api/v2/pokemon/359/,359,absol,False,False,False,True,generation-iii,https://pokeapi.co/api/v2/generation/3/,465
448,False,absol-mega,https://pokeapi.co/api/v2/pokemon/10057/,359,absol,False,False,False,True,,,565
449,False,absol-mega-z,https://pokeapi.co/api/v2/pokemon/10307/,359,absol,False,False,False,True,,,565
450,True,wynaut,https://pokeapi.co/api/v2/pokemon/360/,360,wynaut,True,False,False,False,generation-iii,https://pokeapi.co/api/v2/generation/3/,260
451,True,snorunt,https://pokeapi.co/api/v2/pokemon/361/,361,snorunt,False,False,False,False,generation-iii,https://pokeapi.co/api/v2/generation/3/,300
452,True,spheal,https://pokeapi.co/api/v2/pokemon/363/,363,spheal,False,False,False,False,generation-iii,https://pokeapi.co/api/v2/generation/3/,290
453,True,clamperl,https://pokeapi.co/api/v2/pokemon/366/,366,clamperl,False,False,False,False,generation-iii,https://pokeapi.co/api/v2/generation/3/,345
454,True,relicanth,https://pokeapi.co/api/v2/pokemon/369/,369,relicanth,False,False,False,False,generation-iii,https://pokeapi.co/api/v2/generation/3/,485
455,True,luvdisc,https://pokeapi.co/api/v2/pokemon/370/,370,luvdisc,False,False,False,False,generation-iii,https://pokeapi.co/api/v2/generation/3/,330
456,True,bagon,https://pokeapi.co/api/v2/pokemon/371/,371,bagon,False,False,False,False,generation-iii,https://pokeapi.co/api/v2/generation/3/,300
457,True,beldum,https://pokeapi.co/api/v2/pokemon/374/,374,beldum,False,False,False,False,generation-iii,https://pokeapi.co/api/v2/generation/3/,300
458,True,lairon,https://pokeapi.co/api/v2/pokemon/305/,305,lairon,False,False,False,False,generation-iii,https://pokeapi.co/api/v2/generation/3/,430
459,True,aggron,https://pokeapi.co/api/v2/pokemon/306/,306,aggron,False,False,False,True,generation-iii,https://pokeapi.co/api/v2/generation/3/,530
460,False,aggron-mega,https://pokeapi.co/api/v2/pokemon/10053/,306,aggron,False,False,False,True,,,630
461,True,medicham,https://pokeapi.co/api/v2/pokemon/308/,308,medicham,False,False,False,True,generation-iii,https://pokeapi.co/api/v2/generation/3/,410
462,False,medicham-mega,https://pokeapi.co/api/v2/pokemon/10054/,308,medicham,False,False,False,True,,,510
463,True,manectric,https://pokeapi.co/api/v2/pokemon/310/,310,manectric,False,False,False,True,generation-iii,https://pokeapi.co/api/v2/generation/3/,475
464,False,manectric-mega,https://pokeapi.co/api/v2/pokemon/10055/,310,manectric,False,False,False,True,,,575
465,True,roselia,https://pokeapi.co/api/v2/pokemon/315/,315,roselia,False,False,False,False,generation-iii,https://pokeapi.co/api/v2/generation/3/,400
466,True,swalot,https://pokeapi.co/api/v2/pokemon/317/,317,swalot,False,False,False,False,generation-iii,https://pokeapi.co/api/v2/generation/3/,467
467,True,sharpedo,https://pokeapi.co/api/v2/pokemon/319/,319,sharpedo,False,False,False,True,generation-iii,https://pokeapi.co/api/v2/generation/3/,460
468,False,sharpedo-mega,https://pokeapi.co/api/v2/pokemon/10070/,319,sharpedo,False,False,False,True,,,560
469,True,wailord,https://pokeapi.co/api/v2/pokemon/321/,321,wailord,False,False,False,False,generation-iii,https://pokeapi.co/api/v2/generation/3/,500
470,True,camerupt,https://pokeapi.co/api/v2/pokemon/323/,323,camerupt,False,False,False,True,generation-iii,https://pokeapi.co/api/v2/generation/3/,460
471,False,camerupt-mega,https://pokeapi.co/api/v2/pokemon/10087/,323,camerupt,False,False,False,True,,,560
472,True,grumpig,https://pokeapi.co/api/v2/pokemon/326/,326,grumpig,False,False,False,False,generation-iii,https://pokeapi.co/api/v2/generation/3/,470
473,True,vibrava,https://pokeapi.co/api/v2/pokemon/329/,329,vibrava,False,False,False,False,generation-iii,https://pokeapi.co/api/v2/generation/3/,340
474,True,flygon,https://pokeapi.co/api/v2/pokemon/330/,330,flygon,False,False,False,False,generation-iii,https://pokeapi.co/api/v2/generation/3/,520
475,True,cacturne,https://pokeapi.co/api/v2/pokemon/332/,332,cacturne,False,False,False,False,generation-iii,https://pokeapi.co/api/v2/generation/3/,475
476,True,altaria,https://pokeapi.co/api/v2/pokemon/334/,334,altaria,False,False,False,True,generation-iii,https://pokeapi.co/api/v2/generation/3/,490
477,False,altaria-mega,https://pokeapi.co/api/v2/pokemon/10067/,334,altaria,False,False,False,True,,,590
478,True,whiscash,https://pokeapi.co/api/v2/pokemon/340/,340,whiscash,False,False,False,False,generation-iii,https://pokeapi.co/api/v2/generation/3/,468
479,True,crawdaunt,https://pokeapi.co/api/v2/pokemon/342/,342,crawdaunt,False,False,False,False,generation-iii,https://pokeapi.co/api/v2/generation/3/,468
480,True,claydol,https://pokeapi.co/api/v2/pokemon/344/,344,claydol,False,False,False,False,generation-iii,https://pokeapi.co/api/v2/generation/3/,500
481,True,cradily,https://pokeapi.co/api/v2/pokemon/346/,346,cradily,False,False,False,False,generation-iii,https://pokeapi.co/api/v2/generation/3/,495
482,True,armaldo,https://pokeapi.co/api/v2/pokemon/348/,348,armaldo,False,False,False,False,generation-iii,https://pokeapi.co/api/v2/generation/3/,495
483,True,milotic,https://pokeapi.co/api/v2/pokemon/350/,350,milotic,False,False,False,False,generation-iii,https://pokeapi.co/api/v2/generation/3/,540
484,True,banette,https://pokeapi.co/api/v2/pokemon/354/,354,banette,False,False,False,True,generation-iii,https://pokeapi.co/api/v2/generation/3/,455
485,False,banette-mega,https://pokeapi.co/api/v2/pokemon/10056/,354,banette,False,False,False,True,,,555
486,True,dusclops,https://pokeapi.co/api/v2/pokemon/356/,356,dusclops,False,False,False,False,generation-iii,https://pokeapi.co/api/v2/generation/3/,455
487,True,chimecho,https://pokeapi.co/api/v2/pokemon/358/,358,chimecho,False,False,False,False,generation-iii,https://pokeapi.co/api/v2/generation/3/,455
488,False,chimecho-mega,https://pokeapi.co/api/v2/pokemon/10306/,358,chimecho,False,False,False,False,,,555
489,True,glalie,https://pokeapi.co/api/v2/pokemon/362/,362,glalie,False,False,False,True,generation-iii,https://pokeapi.co/api/v2/generation/3/,480
490,False,glalie-mega,https://pokeapi.co/api/v2/pokemon/10074/,362,glalie,False,False,False,True,,,580
491,True,sealeo,https://pokeapi.co/api/v2/pokemon/364/,364,sealeo,False,False,False,False,generation-iii,https://pokeapi.co/api/v2/generation/3/,410
492,True,walrein,https://pokeapi.co/api/v2/pokemon/365/,365,walrein,False,False,False,False,generation-iii,https://pokeapi.co/api/v2/generation/3/,530
493,True,huntail,https://pokeapi.co/api/v2/pokemon/367/,367,huntail,False,False,False,False,generation-iii,https://pokeapi.co/api/v2/generation/3/,485
494,True,gorebyss,https://pokeapi.co/api/v2/pokemon/368/,368,gorebyss,False,False,False,False,generation-iii,https://pokeapi.co/api/v2/generation/3/,485
495,True,shelgon,https://pokeapi.co/api/v2/pokemon/372/,372,shelgon,False,False,False,False,generation-iii,https://pokeapi.co/api/v2/generation/3/,420
496,True,salamence,https://pokeapi.co/api/v2/pokemon/373/,373,salamence,False,False,False,True,generation-iii,https://pokeapi.co/api/v2/generation/3/,600
497,False,salamence-mega,https://pokeapi.co/api/v2/pokemon/10089/,373,salamence,False,False,False,True,,,700
498,True,metang,https://pokeapi.co/api/v2/pokemon/375/,375,metang,False,False,False,False,generation-iii,https://pokeapi.co/api/v2/generation/3/,420
499,True,regirock,https://pokeapi.co/api/v2/pokemon/377/,377,regirock,False,True,False,False,generation-iii,https://pokeapi.co/api/v2/generation/3/,580
500,True,regice,https://pokeapi.co/api/v2/pokemon/378/,378,regice,False,True,False,False,generation-iii,https://pokeapi.co/api/v2/generation/3/,580
501,True,registeel,https://pokeapi.co/api/v2/pokemon/379/,379,registeel,False,True,False,False,generation-iii,https://pokeapi.co/api/v2/generation/3/,580
502,True,latias,https://pokeapi.co/api/v2/pokemon/380/,380,latias,False,True,False,True,generation-iii,https://pokeapi.co/api/v2/generation/3/,600
503,False,latias-mega,https://pokeapi.co/api/v2/pokemon/10062/,380,latias,False,True,False,True,,,700
504,True,latios,https://pokeapi.co/api/v2/pokemon/381/,381,latios,False,True,False,True,generation-iii,https://pokeapi.co/api/v2/generation/3/,600
505,False,latios-mega,https://pokeapi.co/api/v2/pokemon/10063/,381,latios,False,True,False,True,,,700
506,True,kyogre,https://pokeapi.co/api/v2/pokemon/382/,382,kyogre,False,True,False,True,generation-iii,https://pokeapi.co/api/v2/generation/3/,670
507,False,kyogre-primal,https://pokeapi.co/api/v2/pokemon/10077/,382,kyogre,False,True,False,True,,,770
508,True,groudon,https://pokeapi.co/api/v2/pokemon/383/,383,groudon,False,True,False,True,generation-iii,https://pokeapi.co/api/v2/generation/3/,670
509,False,groudon-primal,https://pokeapi.co/api/v2/pokemon/10078/,383,groudon,False,True,False,True,,,770
510,True,rayquaza,https://pokeapi.co/api/v2/pokemon/384/,384,rayquaza,False,True,False,True,generation-iii,https://pokeapi.co/api/v2/generation/3/,680
511,False,rayquaza-mega,https://pokeapi.co/api/v2/pokemon/10079/,384,rayquaza,False,True,False,True,,,780
512,True,jirachi,https://pokeapi.co/api/v2/pokemon/385/,385,jirachi,False,False,True,False,generation-iii,https://pokeapi.co/api/v2/generation/3/,600
513,True,deoxys-normal,https://pokeapi.co/api/v2/pokemon/386/,386,deoxys,False,False,True,True,generation-iii,https://pokeapi.co/api/v2/generation/3/,600
514,False,deoxys-attack,https://pokeapi.co/api/v2/pokemon/10001/,386,deoxys,False,False,True,True,,,600
515,False,deoxys-defense,https://pokeapi.co/api/v2/pokemon/10002/,386,deoxys,False,False,True,True,,,600
516,False,deoxys-speed,https://pokeapi.co/api/v2/pokemon/10003/,386,deoxys,False,False,True,True,,,600
517,True,delcatty,https://pokeapi.co/api/v2/pokemon/301/,301,delcatty,False,False,False,False,generation-iii,https://pokeapi.co/api/v2/generation/3/,400
518,True,metagross,https://pokeapi.co/api/v2/pokemon/376/,376,metagross,False,False,False,True,generation-iii,https://pokeapi.co/api/v2/generation/3/,600
519,False,metagross-mega,https://pokeapi.co/api/v2/pokemon/10076/,376,metagross,False,False,False,True,,,700
520,True,turtwig,https://pokeapi.co/api/v2/pokemon/387/,387,turtwig,False,False,False,False,generation-iv,https://pokeapi.co/api/v2/generation/4/,318
521,True,chimchar,https://pokeapi.co/api/v2/pokemon/390/,390,chimchar,False,False,False,False,generation-iv,https://pokeapi.co/api/v2/generation/4/,309
522,True,piplup,https://pokeapi.co/api/v2/pokemon/393/,393,piplup,False,False,False,False,generation-iv,https://pokeapi.co/api/v2/generation/4/,314
523,True,starly,https://pokeapi.co/api/v2/pokemon/396/,396,starly,False,False,False,False,generation-iv,https://pokeapi.co/api/v2/generation/4/,245
524,True,bidoof,https://pokeapi.co/api/v2/pokemon/399/,399,bidoof,False,False,False,False,generation-iv,https://pokeapi.co/api/v2/generation/4/,250
525,True,kricketot,https://pokeapi.co/api/v2/pokemon/401/,401,kricketot,False,False,False,False,generation-iv,https://pokeapi.co/api/v2/generation/4/,194
526,True,shinx,https://pokeapi.co/api/v2/pokemon/403/,403,shinx,False,False,False,False,generation-iv,https://pokeapi.co/api/v2/generation/4/,263
527,True,budew,https://pokeapi.co/api/v2/pokemon/406/,406,budew,True,False,False,False,generation-iv,https://pokeapi.co/api/v2/generation/4/,280
528,True,cranidos,https://pokeapi.co/api/v2/pokemon/408/,408,cranidos,False,False,False,False,generation-iv,https://pokeapi.co/api/v2/generation/4/,350
529,True,shieldon,https://pokeapi.co/api/v2/pokemon/410/,410,shieldon,False,False,False,False,generation-iv,https://pokeapi.co/api/v2/generation/4/,350
530,True,burmy,https://pokeapi.co/api/v2/pokemon/412/,412,burmy,False,False,False,True,generation-iv,https://pokeapi.co/api/v2/generation/4/,224
531,True,combee,https://pokeapi.co/api/v2/pokemon/415/,415,combee,False,False,False,False,generation-iv,https://pokeapi.co/api/v2/generation/4/,244
532,True,pachirisu,https://pokeapi.co/api/v2/pokemon/417/,417,pachirisu,False,False,False,False,generation-iv,https://pokeapi.co/api/v2/generation/4/,405
533,True,buizel,https://pokeapi.co/api/v2/pokemon/418/,418,buizel,False,False,False,False,generation-iv,https://pokeapi.co/api/v2/generation/4/,330
534,True,cherubi,https://pokeapi.co/api/v2/pokemon/420/,420,cherubi,False,False,False,False,generation-iv,https://pokeapi.co/api/v2/generation/4/,275
535,True,shellos,https://pokeapi.co/api/v2/pokemon/422/,422,shellos,False,False,False,False,generation-iv,https://pokeapi.co/api/v2/generation/4/,325
536,True,drifloon,https://pokeapi.co/api/v2/pokemon/425/,425,drifloon,False,False,False,False,generation-iv,https://pokeapi.co/api/v2/generation/4/,348
537,True,buneary,https://pokeapi.co/api/v2/pokemon/427/,427,buneary,False,False,False,False,generation-iv,https://pokeapi.co/api/v2/generation/4/,350
538,True,glameow,https://pokeapi.co/api/v2/pokemon/431/,431,glameow,False,False,False,False,generation-iv,https://pokeapi.co/api/v2/generation/4/,310
539,True,chingling,https://pokeapi.co/api/v2/pokemon/433/,433,chingling,True,False,False,False,generation-iv,https://pokeapi.co/api/v2/generation/4/,285
540,True,stunky,https://pokeapi.co/api/v2/pokemon/434/,434,stunky,False,False,False,False,generation-iv,https://pokeapi.co/api/v2/generation/4/,329
541,True,bronzor,https://pokeapi.co/api/v2/pokemon/436/,436,bronzor,False,False,False,False,generation-iv,https://pokeapi.co/api/v2/generation/4/,300
542,True,bonsly,https://pokeapi.co/api/v2/pokemon/438/,438,bonsly,True,False,False,False,generation-iv,https://pokeapi.co/api/v2/generation/4/,290
543,True,mime-jr,https://pokeapi.co/api/v2/pokemon/439/,439,mime-jr,True,False,False,False,generation-iv,https://pokeapi.co/api/v2/generation/4/,310
544,True,happiny,https://pokeapi.co/api/v2/pokemon/440/,440,happiny,True,False,False,False,generation-iv,https://pokeapi.co/api/v2/generation/4/,220
545,True,chatot,https://pokeapi.co/api/v2/pokemon/441/,441,chatot,False,False,False,False,generation-iv,https://pokeapi.co/api/v2/generation/4/,411
546,True,spiritomb,https://pokeapi.co/api/v2/pokemon/442/,442,spiritomb,False,False,False,False,generation-iv,https://pokeapi.co/api/v2/generation/4/,485
547,True,gible,https://pokeapi.co/api/v2/pokemon/443/,443,gible,False,False,False,False,generation-iv,https://pokeapi.co/api/v2/generation/4/,300
548,True,munchlax,https://pokeapi.co/api/v2/pokemon/446/,446,munchlax,True,False,False,False,generation-iv,https://pokeapi.co/api/v2/generation/4/,390
549,True,riolu,https://pokeapi.co/api/v2/pokemon/447/,447,riolu,True,False,False,False,generation-iv,https://pokeapi.co/api/v2/generation/4/,285
550,True,hippopotas,https://pokeapi.co/api/v2/pokemon/449/,449,hippopotas,False,False,False,False,generation-iv,https://pokeapi.co/api/v2/generation/4/,330
551,True,skorupi,https://pokeapi.co/api/v2/pokemon/451/,451,skorupi,False,False,False,False,generation-iv,https://pokeapi.co/api/v2/generation/4/,330
552,True,croagunk,https://pokeapi.co/api/v2/pokemon/453/,453,croagunk,False,False,False,False,generation-iv,https://pokeapi.co/api/v2/generation/4/,300
553,True,grotle,https://pokeapi.co/api/v2/pokemon/388/,388,grotle,False,False,False,False,generation-iv,https://pokeapi.co/api/v2/generation/4/,405
554,True,torterra,https://pokeapi.co/api/v2/pokemon/389/,389,torterra,False,False,False,False,generation-iv,https://pokeapi.co/api/v2/generation/4/,525
555,True,infernape,https://pokeapi.co/api/v2/pokemon/392/,392,infernape,False,False,False,False,generation-iv,https://pokeapi.co/api/v2/generation/4/,534
556,True,prinplup,https://pokeapi.co/api/v2/pokemon/394/,394,prinplup,False,False,False,False,generation-iv,https://pokeapi.co/api/v2/generation/4/,405
557,True,empoleon,https://pokeapi.co/api/v2/pokemon/395/,395,empoleon,False,False,False,False,generation-iv,https://pokeapi.co/api/v2/generation/4/,530
558,True,staravia,https://pokeapi.co/api/v2/pokemon/397/,397,staravia,False,False,False,False,generation-iv,https://pokeapi.co/api/v2/generation/4/,340
559,True,staraptor,https://pokeapi.co/api/v2/pokemon/398/,398,staraptor,False,False,False,False,generation-iv,https://pokeapi.co/api/v2/generation/4/,485
560,False,staraptor-mega,https://pokeapi.co/api/v2/pokemon/10308/,398,staraptor,False,False,False,False,,,585
561,True,bibarel,https://pokeapi.co/api/v2/pokemon/400/,400,bibarel,False,False,False,False,generation-iv,https://pokeapi.co/api/v2/generation/4/,410
562,True,kricketune,https://pokeapi.co/api/v2/pokemon/402/,402,kricketune,False,False,False,False,generation-iv,https://pokeapi.co/api/v2/generation/4/,384
563,True,luxio,https://pokeapi.co/api/v2/pokemon/404/,404,luxio,False,False,False,False,generation-iv,https://pokeapi.co/api/v2/generation/4/,363
564,True,luxray,https://pokeapi.co/api/v2/pokemon/405/,405,luxray,False,False,False,False,generation-iv,https://pokeapi.co/api/v2/generation/4/,523
565,True,roserade,https://pokeapi.co/api/v2/pokemon/407/,407,roserade,False,False,False,False,generation-iv,https://pokeapi.co/api/v2/generation/4/,515
566,True,rampardos,https://pokeapi.co/api/v2/pokemon/409/,409,rampardos,False,False,False,False,generation-iv,https://pokeapi.co/api/v2/generation/4/,495
567,True,bastiodon,https://pokeapi.co/api/v2/pokemon/411/,411,bastiodon,False,False,False,False,generation-iv,https://pokeapi.co/api/v2/generation/4/,495
568,True,wormadam-plant,https://pokeapi.co/api/v2/pokemon/413/,413,wormadam,False,False,False,False,generation-iv,https://pokeapi.co/api/v2/generation/4/,424
569,False,wormadam-sandy,https://pokeapi.co/api/v2/pokemon/10004/,413,wormadam,False,False,False,False,,,424
570,False,wormadam-trash,https://pokeapi.co/api/v2/pokemon/10005/,413,wormadam,False,False,False,False,,,424
571,True,mothim,https://pokeapi.co/api/v2/pokemon/414/,414,mothim,False,False,False,False,generation-iv,https://pokeapi.co/api/v2/generation/4/,424
572,True,vespiquen,https://pokeapi.co/api/v2/pokemon/416/,416,vespiquen,False,False,False,False,generation-iv,https://pokeapi.co/api/v2/generation/4/,474
573,True,floatzel,https://pokeapi.co/api/v2/pokemon/419/,419,floatzel,False,False,False,False,generation-iv,https://pokeapi.co/api/v2/generation/4/,495
574,True,cherrim,https://pokeapi.co/api/v2/pokemon/421/,421,cherrim,False,False,False,True,generation-iv,https://pokeapi.co/api/v2/generation/4/,450
575,True,ambipom,https://pokeapi.co/api/v2/pokemon/424/,424,ambipom,False,False,False,False,generation-iv,https://pokeapi.co/api/v2/generation/4/,482
576,True,drifblim,https://pokeapi.co/api/v2/pokemon/426/,426,drifblim,False,False,False,False,generation-iv,https://pokeapi.co/api/v2/generation/4/,498
577,True,lopunny,https://pokeapi.co/api/v2/pokemon/428/,428,lopunny,False,False,False,True,generation-iv,https://pokeapi.co/api/v2/generation/4/,480
578,False,lopunny-mega,https://pokeapi.co/api/v2/pokemon/10088/,428,lopunny,False,False,False,True,,,580
579,True,mismagius,https://pokeapi.co/api/v2/pokemon/429/,429,mismagius,False,False,False,False,generation-iv,https://pokeapi.co/api/v2/generation/4/,495
580,True,honchkrow,https://pokeapi.co/api/v2/pokemon/430/,430,honchkrow,False,False,False,False,generation-iv,https://pokeapi.co/api/v2/generation/4/,505
581,True,purugly,https://pokeapi.co/api/v2/pokemon/432/,432,purugly,False,False,False,False,generation-iv,https://pokeapi.co/api/v2/generation/4/,452
582,True,skuntank,https://pokeapi.co/api/v2/pokemon/435/,435,skuntank,False,False,False,False,generation-iv,https://pokeapi.co/api/v2/generation/4/,479
583,True,bronzong,https://pokeapi.co/api/v2/pokemon/437/,437,bronzong,False,False,False,False,generation-iv,https://pokeapi.co/api/v2/generation/4/,500
584,True,gabite,https://pokeapi.co/api/v2/pokemon/444/,444,gabite,False,False,False,False,generation-iv,https://pokeapi.co/api/v2/generation/4/,410
585,True,garchomp,https://pokeapi.co/api/v2/pokemon/445/,445,garchomp,False,False,False,True,generation-iv,https://pokeapi.co/api/v2/generation/4/,600
586,False,garchomp-mega,https://pokeapi.co/api/v2/pokemon/10058/,445,garchomp,False,False,False,True,,,700
587,False,garchomp-mega-z,https://pokeapi.co/api/v2/pokemon/10309/,445,garchomp,False,False,False,True,,,700
588,True,lucario,https://pokeapi.co/api/v2/pokemon/448/,448,lucario,False,False,False,True,generation-iv,https://pokeapi.co/api/v2/generation/4/,525
589,False,lucario-mega,https://pokeapi.co/api/v2/pokemon/10059/,448,lucario,False,False,False,True,,,625
590,False,lucario-mega-z,https://pokeapi.co/api/v2/pokemon/10310/,448,lucario,False,False,False,True,,,625
591,True,hippowdon,https://pokeapi.co/api/v2/pokemon/450/,450,hippowdon,False,False,False,False,generation-iv,https://pokeapi.co/api/v2/generation/4/,525
592,True,drapion,https://pokeapi.co/api/v2/pokemon/452/,452,drapion,False,False,False,False,generation-iv,https://pokeapi.co/api/v2/generation/4/,500
593,True,carnivine,https://pokeapi.co/api/v2/pokemon/455/,455,carnivine,False,False,False,False,generation-iv,https://pokeapi.co/api/v2/generation/4/,454
594,True,finneon,https://pokeapi.co/api/v2/pokemon/456/,456,finneon,False,False,False,False,generation-iv,https://pokeapi.co/api/v2/generation/4/,330
595,True,mantyke,https://pokeapi.co/api/v2/pokemon/458/,458,mantyke,True,False,False,False,generation-iv,https://pokeapi.co/api/v2/generation/4/,345
596,True,snover,https://pokeapi.co/api/v2/pokemon/459/,459,snover,False,False,False,False,generation-iv,https://pokeapi.co/api/v2/generation/4/,334
597,True,rotom,https://pokeapi.co/api/v2/pokemon/479/,479,rotom,False,False,False,True,generation-iv,https://pokeapi.co/api/v2/generation/4/,440
598,False,rotom-heat,https://pokeapi.co/api/v2/pokemon/10008/,479,rotom,False,False,False,True,,,520
599,False,rotom-wash,https://pokeapi.co/api/v2/pokemon/10009/,479,rotom,False,False,False,True,,,520
600,False,rotom-frost,https://pokeapi.co/api/v2/pokemon/10010/,479,rotom,False,False,False,True,,,520
601,False,rotom-fan,https://pokeapi.co/api/v2/pokemon/10011/,479,rotom,False,False,False,True,,,520
602,False,rotom-mow,https://pokeapi.co/api/v2/pokemon/10012/,479,rotom,False,False,False,True,,,520
603,True,uxie,https://pokeapi.co/api/v2/pokemon/480/,480,uxie,False,True,False,False,generation-iv,https://pokeapi.co/api/v2/generation/4/,580
604,True,mesprit,https://pokeapi.co/api/v2/pokemon/481/,481,mesprit,False,True,False,False,generation-iv,https://pokeapi.co/api/v2/generation/4/,580
605,True,azelf,https://pokeapi.co/api/v2/pokemon/482/,482,azelf,False,True,False,False,generation-iv,https://pokeapi.co/api/v2/generation/4/,580
606,True,dialga,https://pokeapi.co/api/v2/pokemon/483/,483,dialga,False,True,False,False,generation-iv,https://pokeapi.co/api/v2/generation/4/,680
607,False,dialga-origin,https://pokeapi.co/api/v2/pokemon/10245/,483,dialga,False,True,False,False,,,680
608,True,palkia,https://pokeapi.co/api/v2/pokemon/484/,484,palkia,False,True,False,False,generation-iv,https://pokeapi.co/api/v2/generation/4/,680
609,False,palkia-origin,https://pokeapi.co/api/v2/pokemon/10246/,484,palkia,False,True,False,False,,,680
610,True,heatran,https://pokeapi.co/api/v2/pokemon/485/,485,heatran,False,True,False,False,generation-iv,https://pokeapi.co/api/v2/generation/4/,600
611,False,heatran-mega,https://pokeapi.co/api/v2/pokemon/10311/,485,heatran,False,True,False,False,,,700
612,True,regigigas,https://pokeapi.co/api/v2/pokemon/486/,486,regigigas,False,True,False,False,generation-iv,https://pokeapi.co/api/v2/generation/4/,670
613,True,giratina-altered,https://pokeapi.co/api/v2/pokemon/487/,487,giratina,False,True,False,True,generation-iv,https://pokeapi.co/api/v2/generation/4/,680
614,False,giratina-origin,https://pokeapi.co/api/v2/pokemon/10007/,487,giratina,False,True,False,True,,,680
615,True,cresselia,https://pokeapi.co/api/v2/pokemon/488/,488,cresselia,False,True,False,False,generation-iv,https://pokeapi.co/api/v2/generation/4/,580
616,True,phione,https://pokeapi.co/api/v2/pokemon/489/,489,phione,False,False,True,False,generation-iv,https://pokeapi.co/api/v2/generation/4/,480
617,True,manaphy,https://pokeapi.co/api/v2/pokemon/490/,490,manaphy,False,False,True,False,generation-iv,https://pokeapi.co/api/v2/generation/4/,600
618,True,darkrai,https://pokeapi.co/api/v2/pokemon/491/,491,darkrai,False,False,True,False,generation-iv,https://pokeapi.co/api/v2/generation/4/,600
619,False,darkrai-mega,https://pokeapi.co/api/v2/pokemon/10312/,491,darkrai,False,False,True,False,,,700
620,True,shaymin-land,https://pokeapi.co/api/v2/pokemon/492/,492,shaymin,False,False,True,True,generation-iv,https://pokeapi.co/api/v2/generation/4/,600
621,False,shaymin-sky,https://pokeapi.co/api/v2/pokemon/10006/,492,shaymin,False,False,True,True,,,600
622,True,arceus,https://pokeapi.co/api/v2/pokemon/493/,493,arceus,False,False,True,True,generation-iv,https://pokeapi.co/api/v2/generation/4/,720
623,True,lumineon,https://pokeapi.co/api/v2/pokemon/457/,457,lumineon,False,False,False,False,generation-iv,https://pokeapi.co/api/v2/generation/4/,460
624,True,abomasnow,https://pokeapi.co/api/v2/pokemon/460/,460,abomasnow,False,False,False,True,generation-iv,https://pokeapi.co/api/v2/generation/4/,494
625,False,abomasnow-mega,https://pokeapi.co/api/v2/pokemon/10060/,460,abomasnow,False,False,False,True,,,594
626,True,weavile,https://pokeapi.co/api/v2/pokemon/461/,461,weavile,False,False,False,False,generation-iv,https://pokeapi.co/api/v2/generation/4/,510
627,True,magnezone,https://pokeapi.co/api/v2/pokemon/462/,462,magnezone,False,False,False,False,generation-iv,https://pokeapi.co/api/v2/generation/4/,535
628,True,lickilicky,https://pokeapi.co/api/v2/pokemon/463/,463,lickilicky,False,False,False,False,generation-iv,https://pokeapi.co/api/v2/generation/4/,515
629,True,rhyperior,https://pokeapi.co/api/v2/pokemon/464/,464,rhyperior,False,False,False,False,generation-iv,https://pokeapi.co/api/v2/generation/4/,535
630,True,tangrowth,https://pokeapi.co/api/v2/pokemon/465/,465,tangrowth,False,False,False,False,generation-iv,https://pokeapi.co/api/v2/generation/4/,535
631,True,electivire,https://pokeapi.co/api/v2/pokemon/466/,466,electivire,False,False,False,False,generation-iv,https://pokeapi.co/api/v2/generation/4/,540
632,True,magmortar,https://pokeapi.co/api/v2/pokemon/467/,467,magmortar,False,False,False,False,generation-iv,https://pokeapi.co/api/v2/generation/4/,540
633,True,togekiss,https://pokeapi.co/api/v2/pokemon/468/,468,togekiss,False,False,False,False,generation-iv,https://pokeapi.co/api/v2/generation/4/,545
634,True,yanmega,https://pokeapi.co/api/v2/pokemon/469/,469,yanmega,False,False,False,False,generation-iv,https://pokeapi.co/api/v2/generation/4/,515
635,True,leafeon,https://pokeapi.co/api/v2/pokemon/470/,470,leafeon,False,False,False,False,generation-iv,https://pokeapi.co/api/v2/generation/4/,525
636,True,glaceon,https://pokeapi.co/api/v2/pokemon/471/,471,glaceon,False,False,False,False,generation-iv,https://pokeapi.co/api/v2/generation/4/,525
637,True,gliscor,https://pokeapi.co/api/v2/pokemon/472/,472,gliscor,False,False,False,False,generation-iv,https://pokeapi.co/api/v2/generation/4/,510
638,True,porygon-z,https://pokeapi.co/api/v2/pokemon/474/,474,porygon-z,False,False,False,False,generation-iv,https://pokeapi.co/api/v2/generation/4/,535
639,True,gallade,https://pokeapi.co/api/v2/pokemon/475/,475,gallade,False,False,False,True,generation-iv,https://pokeapi.co/api/v2/generation/4/,518
640,False,gallade-mega,https://pokeapi.co/api/v2/pokemon/10068/,475,gallade,False,False,False,True,,,618
641,True,probopass,https://pokeapi.co/api/v2/pokemon/476/,476,probopass,False,False,False,False,generation-iv,https://pokeapi.co/api/v2/generation/4/,525
642,True,dusknoir,https://pokeapi.co/api/v2/pokemon/477/,477,dusknoir,False,False,False,False,generation-iv,https://pokeapi.co/api/v2/generation/4/,525
643,True,froslass,https://pokeapi.co/api/v2/pokemon/478/,478,froslass,False,False,False,False,generation-iv,https://pokeapi.co/api/v2/generation/4/,480
644,False,froslass-mega,https://pokeapi.co/api/v2/pokemon/10285/,478,froslass,False,False,False,False,,,580
645,True,monferno,https://pokeapi.co/api/v2/pokemon/391/,391,monferno,False,False,False,False,generation-iv,https://pokeapi.co/api/v2/generation/4/,405
646,True,gastrodon,https://pokeapi.co/api/v2/pokemon/423/,423,gastrodon,False,False,False,False,generation-iv,https://pokeapi.co/api/v2/generation/4/,475
647,True,toxicroak,https://pokeapi.co/api/v2/pokemon/454/,454,toxicroak,False,False,False,False,generation-iv,https://pokeapi.co/api/v2/generation/4/,490
648,True,mamoswine,https://pokeapi.co/api/v2/pokemon/473/,473,mamoswine,False,False,False,False,generation-iv,https://pokeapi.co/api/v2/generation/4/,530
649,True,victini,https://pokeapi.co/api/v2/pokemon/494/,494,victini,False,False,True,False,generation-v,https://pokeapi.co/api/v2/generation/5/,600
650,True,snivy,https://pokeapi.co/api/v2/pokemon/495/,495,snivy,False,False,False,False,generation-v,https://pokeapi.co/api/v2/generation/5/,308
651,True,tepig,https://pokeapi.co/api/v2/pokemon/498/,498,tepig,False,False,False,False,generation-v,https://pokeapi.co/api/v2/generation/5/,308
652,True,oshawott,https://pokeapi.co/api/v2/pokemon/501/,501,oshawott,False,False,False,False,generation-v,https://pokeapi.co/api/v2/generation/5/,308
653,True,patrat,https://pokeapi.co/api/v2/pokemon/504/,504,patrat,False,False,False,False,generation-v,https://pokeapi.co/api/v2/generation/5/,255
654,True,lillipup,https://pokeapi.co/api/v2/pokemon/506/,506,lillipup,False,False,False,False,generation-v,https://pokeapi.co/api/v2/generation/5/,275
655,True,purrloin,https://pokeapi.co/api/v2/pokemon/509/,509,purrloin,False,False,False,False,generation-v,https://pokeapi.co/api/v2/generation/5/,281
656,True,pansage,https://pokeapi.co/api/v2/pokemon/511/,511,pansage,False,False,False,False,generation-v,https://pokeapi.co/api/v2/generation/5/,316
657,True,pansear,https://pokeapi.co/api/v2/pokemon/513/,513,pansear,False,False,False,False,generation-v,https://pokeapi.co/api/v2/generation/5/,316
658,True,panpour,https://pokeapi.co/api/v2/pokemon/515/,515,panpour,False,False,False,False,generation-v,https://pokeapi.co/api/v2/generation/5/,316
659,True,munna,https://pokeapi.co/api/v2/pokemon/517/,517,munna,False,False,False,False,generation-v,https://pokeapi.co/api/v2/generation/5/,292
660,True,pidove,https://pokeapi.co/api/v2/pokemon/519/,519,pidove,False,False,False,False,generation-v,https://pokeapi.co/api/v2/generation/5/,264
661,True,blitzle,https://pokeapi.co/api/v2/pokemon/522/,522,blitzle,False,False,False,False,generation-v,https://pokeapi.co/api/v2/generation/5/,295
662,True,roggenrola,https://pokeapi.co/api/v2/pokemon/524/,524,roggenrola,False,False,False,False,generation-v,https://pokeapi.co/api/v2/generation/5/,280
663,True,woobat,https://pokeapi.co/api/v2/pokemon/527/,527,woobat,False,False,False,False,generation-v,https://pokeapi.co/api/v2/generation/5/,323
664,True,drilbur,https://pokeapi.co/api/v2/pokemon/529/,529,drilbur,False,False,False,False,generation-v,https://pokeapi.co/api/v2/generation/5/,328
665,True,audino,https://pokeapi.co/api/v2/pokemon/531/,531,audino,False,False,False,True,generation-v,https://pokeapi.co/api/v2/generation/5/,445
666,False,audino-mega,https://pokeapi.co/api/v2/pokemon/10069/,531,audino,False,False,False,True,,,545
667,True,servine,https://pokeapi.co/api/v2/pokemon/496/,496,servine,False,False,False,False,generation-v,https://pokeapi.co/api/v2/generation/5/,413
668,True,serperior,https://pokeapi.co/api/v2/pokemon/497/,497,serperior,False,False,False,False,generation-v,https://pokeapi.co/api/v2/generation/5/,528
669,True,pignite,https://pokeapi.co/api/v2/pokemon/499/,499,pignite,False,False,False,False,generation-v,https://pokeapi.co/api/v2/generation/5/,418
670,True,emboar,https://pokeapi.co/api/v2/pokemon/500/,500,emboar,False,False,False,False,generation-v,https://pokeapi.co/api/v2/generation/5/,528
671,False,emboar-mega,https://pokeapi.co/api/v2/pokemon/10286/,500,emboar,False,False,False,False,,,628
672,True,dewott,https://pokeapi.co/api/v2/pokemon/502/,502,dewott,False,False,False,False,generation-v,https://pokeapi.co/api/v2/generation/5/,413
673,True,samurott,https://pokeapi.co/api/v2/pokemon/503/,503,samurott,False,False,False,False,generation-v,https://pokeapi.co/api/v2/generation/5/,528
674,False,samurott-hisui,https://pokeapi.co/api/v2/pokemon/10236/,503,samurott,False,False,False,False,,,528
675,True,watchog,https://pokeapi.co/api/v2/pokemon/505/,505,watchog,False,False,False,False,generation-v,https://pokeapi.co/api/v2/generation/5/,420
676,True,stoutland,https://pokeapi.co/api/v2/pokemon/508/,508,stoutland,False,False,False,False,generation-v,https://pokeapi.co/api/v2/generation/5/,500
677,True,liepard,https://pokeapi.co/api/v2/pokemon/510/,510,liepard,False,False,False,False,generation-v,https://pokeapi.co/api/v2/generation/5/,446
678,True,simisage,https://pokeapi.co/api/v2/pokemon/512/,512,simisage,False,False,False,False,generation-v,https://pokeapi.co/api/v2/generation/5/,498
679,True,simisear,https://pokeapi.co/api/v2/pokemon/514/,514,simisear,False,False,False,False,generation-v,https://pokeapi.co/api/v2/generation/5/,498
680,True,simipour,https://pokeapi.co/api/v2/pokemon/516/,516,simipour,False,False,False,False,generation-v,https://pokeapi.co/api/v2/generation/5/,498
681,True,musharna,https://pokeapi.co/api/v2/pokemon/518/,518,musharna,False,False,False,False,generation-v,https://pokeapi.co/api/v2/generation/5/,487
682,True,tranquill,https://pokeapi.co/api/v2/pokemon/520/,520,tranquill,False,False,False,False,generation-v,https://pokeapi.co/api/v2/generation/5/,358
683,True,unfezant,https://pokeapi.co/api/v2/pokemon/521/,521,unfezant,False,False,False,False,generation-v,https://pokeapi.co/api/v2/generation/5/,488
684,True,zebstrika,https://pokeapi.co/api/v2/pokemon/523/,523,zebstrika,False,False,False,False,generation-v,https://pokeapi.co/api/v2/generation/5/,497
685,True,boldore,https://pokeapi.co/api/v2/pokemon/525/,525,boldore,False,False,False,False,generation-v,https://pokeapi.co/api/v2/generation/5/,390
686,True,gigalith,https://pokeapi.co/api/v2/pokemon/526/,526,gigalith,False,False,False,False,generation-v,https://pokeapi.co/api/v2/generation/5/,515
687,True,swoobat,https://pokeapi.co/api/v2/pokemon/528/,528,swoobat,False,False,False,False,generation-v,https://pokeapi.co/api/v2/generation/5/,425
688,True,excadrill,https://pokeapi.co/api/v2/pokemon/530/,530,excadrill,False,False,False,False,generation-v,https://pokeapi.co/api/v2/generation/5/,508
689,False,excadrill-mega,https://pokeapi.co/api/v2/pokemon/10287/,530,excadrill,False,False,False,False,,,608
690,True,timburr,https://pokeapi.co/api/v2/pokemon/532/,532,timburr,False,False,False,False,generation-v,https://pokeapi.co/api/v2/generation/5/,305
691,True,tympole,https://pokeapi.co/api/v2/pokemon/535/,535,tympole,False,False,False,False,generation-v,https://pokeapi.co/api/v2/generation/5/,294
692,True,throh,https://pokeapi.co/api/v2/pokemon/538/,538,throh,False,False,False,False,generation-v,https://pokeapi.co/api/v2/generation/5/,465
693,True,sawk,https://pokeapi.co/api/v2/pokemon/539/,539,sawk,False,False,False,False,generation-v,https://pokeapi.co/api/v2/generation/5/,465
694,True,sewaddle,https://pokeapi.co/api/v2/pokemon/540/,540,sewaddle,False,False,False,False,generation-v,https://pokeapi.co/api/v2/generation/5/,310
695,True,venipede,https://pokeapi.co/api/v2/pokemon/543/,543,venipede,False,False,False,False,generation-v,https://pokeapi.co/api/v2/generation/5/,260
696,True,cottonee,https://pokeapi.co/api/v2/pokemon/546/,546,cottonee,False,False,False,False,generation-v,https://pokeapi.co/api/v2/generation/5/,280
697,True,petilil,https://pokeapi.co/api/v2/pokemon/548/,548,petilil,False,False,False,False,generation-v,https://pokeapi.co/api/v2/generation/5/,280
698,True,basculin-red-striped,https://pokeapi.co/api/v2/pokemon/550/,550,basculin,False,False,False,False,generation-v,https://pokeapi.co/api/v2/generation/5/,460
699,False,basculin-blue-striped,https://pokeapi.co/api/v2/pokemon/10016/,550,basculin,False,False,False,False,,,460
700,False,basculin-white-striped,https://pokeapi.co/api/v2/pokemon/10247/,550,basculin,False,False,False,False,,,460
701,True,sandile,https://pokeapi.co/api/v2/pokemon/551/,551,sandile,False,False,False,False,generation-v,https://pokeapi.co/api/v2/generation/5/,292
702,True,darumaka,https://pokeapi.co/api/v2/pokemon/554/,554,darumaka,False,False,False,False,generation-v,https://pokeapi.co/api/v2/generation/5/,315
703,False,darumaka-galar,https://pokeapi.co/api/v2/pokemon/10176/,554,darumaka,False,False,False,False,,,315
704,True,maractus,https://pokeapi.co/api/v2/pokemon/556/,556,maractus,False,False,False,False,generation-v,https://pokeapi.co/api/v2/generation/5/,461
705,True,dwebble,https://pokeapi.co/api/v2/pokemon/557/,557,dwebble,False,False,False,False,generation-v,https://pokeapi.co/api/v2/generation/5/,325
706,True,scraggy,https://pokeapi.co/api/v2/pokemon/559/,559,scraggy,False,False,False,False,generation-v,https://pokeapi.co/api/v2/generation/5/,348
707,True,sigilyph,https://pokeapi.co/api/v2/pokemon/561/,561,sigilyph,False,False,False,False,generation-v,https://pokeapi.co/api/v2/generation/5/,490
708,True,yamask,https://pokeapi.co/api/v2/pokemon/562/,562,yamask,False,False,False,False,generation-v,https://pokeapi.co/api/v2/generation/5/,303
709,False,yamask-galar,https://pokeapi.co/api/v2/pokemon/10179/,562,yamask,False,False,False,False,,,303
710,True,tirtouga,https://pokeapi.co/api/v2/pokemon/564/,564,tirtouga,False,False,False,False,generation-v,https://pokeapi.co/api/v2/generation/5/,355
711,True,archen,https://pokeapi.co/api/v2/pokemon/566/,566,archen,False,False,False,False,generation-v,https://pokeapi.co/api/v2/generation/5/,401
712,True,trubbish,https://pokeapi.co/api/v2/pokemon/568/,568,trubbish,False,False,False,False,generation-v,https://pokeapi.co/api/v2/generation/5/,329
713,True,zorua,https://pokeapi.co/api/v2/pokemon/570/,570,zorua,False,False,False,False,generation-v,https://pokeapi.co/api/v2/generation/5/,330
714,False,zorua-hisui,https://pokeapi.co/api/v2/pokemon/10238/,570,zorua,False,False,False,False,,,330
715,True,minccino,https://pokeapi.co/api/v2/pokemon/572/,572,minccino,False,False,False,False,generation-v,https://pokeapi.co/api/v2/generation/5/,300
716,True,gothita,https://pokeapi.co/api/v2/pokemon/574/,574,gothita,False,False,False,False,generation-v,https://pokeapi.co/api/v2/generation/5/,290
717,True,solosis,https://pokeapi.co/api/v2/pokemon/577/,577,solosis,False,False,False,False,generation-v,https://pokeapi.co/api/v2/generation/5/,290
718,True,ducklett,https://pokeapi.co/api/v2/pokemon/580/,580,ducklett,False,False,False,False,generation-v,https://pokeapi.co/api/v2/generation/5/,305
719,True,vanillite,https://pokeapi.co/api/v2/pokemon/582/,582,vanillite,False,False,False,False,generation-v,https://pokeapi.co/api/v2/generation/5/,305
720,True,deerling,https://pokeapi.co/api/v2/pokemon/585/,585,deerling,False,False,False,True,generation-v,https://pokeapi.co/api/v2/generation/5/,335
721,True,emolga,https://pokeapi.co/api/v2/pokemon/587/,587,emolga,False,False,False,False,generation-v,https://pokeapi.co/api/v2/generation/5/,428
722,True,karrablast,https://pokeapi.co/api/v2/pokemon/588/,588,karrablast,False,False,False,False,generation-v,https://pokeapi.co/api/v2/generation/5/,315
723,True,foongus,https://pokeapi.co/api/v2/pokemon/590/,590,foongus,False,False,False,False,generation-v,https://pokeapi.co/api/v2/generation/5/,294
724,True,frillish-male,https://pokeapi.co/api/v2/pokemon/592/,592,frillish,False,False,False,False,generation-v,https://pokeapi.co/api/v2/generation/5/,335
725,True,alomomola,https://pokeapi.co/api/v2/pokemon/594/,594,alomomola,False,False,False,False,generation-v,https://pokeapi.co/api/v2/generation/5/,470
726,True,joltik,https://pokeapi.co/api/v2/pokemon/595/,595,joltik,False,False,False,False,generation-v,https://pokeapi.co/api/v2/generation/5/,319
727,True,ferroseed,https://pokeapi.co/api/v2/pokemon/597/,597,ferroseed,False,False,False,False,generation-v,https://pokeapi.co/api/v2/generation/5/,305
728,True,klink,https://pokeapi.co/api/v2/pokemon/599/,599,klink,False,False,False,False,generation-v,https://pokeapi.co/api/v2/generation/5/,300
729,True,tynamo,https://pokeapi.co/api/v2/pokemon/602/,602,tynamo,False,False,False,False,generation-v,https://pokeapi.co/api/v2/generation/5/,275
730,True,elgyem,https://pokeapi.co/api/v2/pokemon/605/,605,elgyem,False,False,False,False,generation-v,https://pokeapi.co/api/v2/generation/5/,335
731,True,litwick,https://pokeapi.co/api/v2/pokemon/607/,607,litwick,False,False,False,False,generation-v,https://pokeapi.co/api/v2/generation/5/,275
732,True,conkeldurr,https://pokeapi.co/api/v2/pokemon/534/,534,conkeldurr,False,False,False,False,generation-v,https://pokeapi.co/api/v2/generation/5/,505
733,True,palpitoad,https://pokeapi.co/api/v2/pokemon/536/,536,palpitoad,False,False,False,False,generation-v,https://pokeapi.co/api/v2/generation/5/,384
734,True,seismitoad,https://pokeapi.co/api/v2/pokemon/537/,537,seismitoad,False,False,False,False,generation-v,https://pokeapi.co/api/v2/generation/5/,509
735,True,swadloon,https://pokeapi.co/api/v2/pokemon/541/,541,swadloon,False,False,False,False,generation-v,https://pokeapi.co/api/v2/generation/5/,380
736,True,leavanny,https://pokeapi.co/api/v2/pokemon/542/,542,leavanny,False,False,False,False,generation-v,https://pokeapi.co/api/v2/generation/5/,500
737,True,whirlipede,https://pokeapi.co/api/v2/pokemon/544/,544,whirlipede,False,False,False,False,generation-v,https://pokeapi.co/api/v2/generation/5/,360
738,True,scolipede,https://pokeapi.co/api/v2/pokemon/545/,545,scolipede,False,False,False,False,generation-v,https://pokeapi.co/api/v2/generation/5/,485
739,False,scolipede-mega,https://pokeapi.co/api/v2/pokemon/10288/,545,scolipede,False,False,False,False,,,585
740,True,whimsicott,https://pokeapi.co/api/v2/pokemon/547/,547,whimsicott,False,False,False,False,generation-v,https://pokeapi.co/api/v2/generation/5/,480
741,True,lilligant,https://pokeapi.co/api/v2/pokemon/549/,549,lilligant,False,False,False,False,generation-v,https://pokeapi.co/api/v2/generation/5/,480
742,False,lilligant-hisui,https://pokeapi.co/api/v2/pokemon/10237/,549,lilligant,False,False,False,False,,,480
743,True,krokorok,https://pokeapi.co/api/v2/pokemon/552/,552,krokorok,False,False,False,False,generation-v,https://pokeapi.co/api/v2/generation/5/,351
744,True,krookodile,https://pokeapi.co/api/v2/pokemon/553/,553,krookodile,False,False,False,False,generation-v,https://pokeapi.co/api/v2/generation/5/,519
745,True,darmanitan-standard,https://pokeapi.co/api/v2/pokemon/555/,555,darmanitan,False,False,False,True,generation-v,https://pokeapi.co/api/v2/generation/5/,480
746,False,darmanitan-zen,https://pokeapi.co/api/v2/pokemon/10017/,555,darmanitan,False,False,False,True,,,540
747,False,darmanitan-galar-standard,https://pokeapi.co/api/v2/pokemon/10177/,555,darmanitan,False,False,False,True,,,480
748,False,darmanitan-galar-zen,https://pokeapi.co/api/v2/pokemon/10178/,555,darmanitan,False,False,False,True,,,540
749,True,crustle,https://pokeapi.co/api/v2/pokemon/558/,558,crustle,False,False,False,False,generation-v,https://pokeapi.co/api/v2/generation/5/,485
750,True,scrafty,https://pokeapi.co/api/v2/pokemon/560/,560,scrafty,False,False,False,False,generation-v,https://pokeapi.co/api/v2/generation/5/,488
751,False,scrafty-mega,https://pokeapi.co/api/v2/pokemon/10289/,560,scrafty,False,False,False,False,,,588
752,True,carracosta,https://pokeapi.co/api/v2/pokemon/565/,565,carracosta,False,False,False,False,generation-v,https://pokeapi.co/api/v2/generation/5/,495
753,True,archeops,https://pokeapi.co/api/v2/pokemon/567/,567,archeops,False,False,False,False,generation-v,https://pokeapi.co/api/v2/generation/5/,567
754,True,garbodor,https://pokeapi.co/api/v2/pokemon/569/,569,garbodor,False,False,False,False,generation-v,https://pokeapi.co/api/v2/generation/5/,474
755,False,garbodor-gmax,https://pokeapi.co/api/v2/pokemon/10207/,569,garbodor,False,False,False,False,,,474
756,True,zoroark,https://pokeapi.co/api/v2/pokemon/571/,571,zoroark,False,False,False,False,generation-v,https://pokeapi.co/api/v2/generation/5/,510
757,False,zoroark-hisui,https://pokeapi.co/api/v2/pokemon/10239/,571,zoroark,False,False,False,False,,,510
758,True,cinccino,https://pokeapi.co/api/v2/pokemon/573/,573,cinccino,False,False,False,False,generation-v,https://pokeapi.co/api/v2/generation/5/,470
759,True,gothorita,https://pokeapi.co/api/v2/pokemon/575/,575,gothorita,False,False,False,False,generation-v,https://pokeapi.co/api/v2/generation/5/,390
760,True,gothitelle,https://pokeapi.co/api/v2/pokemon/576/,576,gothitelle,False,False,False,False,generation-v,https://pokeapi.co/api/v2/generation/5/,490
761,True,duosion,https://pokeapi.co/api/v2/pokemon/578/,578,duosion,False,False,False,False,generation-v,https://pokeapi.co/api/v2/generation/5/,370
762,True,reuniclus,https://pokeapi.co/api/v2/pokemon/579/,579,reuniclus,False,False,False,False,generation-v,https://pokeapi.co/api/v2/generation/5/,490
763,True,swanna,https://pokeapi.co/api/v2/pokemon/581/,581,swanna,False,False,False,False,generation-v,https://pokeapi.co/api/v2/generation/5/,473
764,True,vanillish,https://pokeapi.co/api/v2/pokemon/583/,583,vanillish,False,False,False,False,generation-v,https://pokeapi.co/api/v2/generation/5/,395
765,True,vanilluxe,https://pokeapi.co/api/v2/pokemon/584/,584,vanilluxe,False,False,False,False,generation-v,https://pokeapi.co/api/v2/generation/5/,535
766,True,sawsbuck,https://pokeapi.co/api/v2/pokemon/586/,586,sawsbuck,False,False,False,True,generation-v,https://pokeapi.co/api/v2/generation/5/,475
767,True,escavalier,https://pokeapi.co/api/v2/pokemon/589/,589,escavalier,False,False,False,False,generation-v,https://pokeapi.co/api/v2/generation/5/,495
768,True,amoonguss,https://pokeapi.co/api/v2/pokemon/591/,591,amoonguss,False,False,False,False,generation-v,https://pokeapi.co/api/v2/generation/5/,464
769,True,jellicent-male,https://pokeapi.co/api/v2/pokemon/593/,593,jellicent,False,False,False,False,generation-v,https://pokeapi.co/api/v2/generation/5/,480
770,True,galvantula,https://pokeapi.co/api/v2/pokemon/596/,596,galvantula,False,False,False,False,generation-v,https://pokeapi.co/api/v2/generation/5/,472
771,True,ferrothorn,https://pokeapi.co/api/v2/pokemon/598/,598,ferrothorn,False,False,False,False,generation-v,https://pokeapi.co/api/v2/generation/5/,489
772,True,klang,https://pokeapi.co/api/v2/pokemon/600/,600,klang,False,False,False,False,generation-v,https://pokeapi.co/api/v2/generation/5/,440
773,True,eelektrik,https://pokeapi.co/api/v2/pokemon/603/,603,eelektrik,False,False,False,False,generation-v,https://pokeapi.co/api/v2/generation/5/,405
774,True,eelektross,https://pokeapi.co/api/v2/pokemon/604/,604,eelektross,False,False,False,False,generation-v,https://pokeapi.co/api/v2/generation/5/,515
775,False,eelektross-mega,https://pokeapi.co/api/v2/pokemon/10290/,604,eelektross,False,False,False,False,,,615
776,True,beheeyem,https://pokeapi.co/api/v2/pokemon/606/,606,beheeyem,False,False,False,False,generation-v,https://pokeapi.co/api/v2/generation/5/,485
777,True,lampent,https://pokeapi.co/api/v2/pokemon/608/,608,lampent,False,False,False,False,generation-v,https://pokeapi.co/api/v2/generation/5/,370
778,True,axew,https://pokeapi.co/api/v2/pokemon/610/,610,axew,False,False,False,False,generation-v,https://pokeapi.co/api/v2/generation/5/,320
779,True,cubchoo,https://pokeapi.co/api/v2/pokemon/613/,613,cubchoo,False,False,False,False,generation-v,https://pokeapi.co/api/v2/generation/5/,305
780,True,cryogonal,https://pokeapi.co/api/v2/pokemon/615/,615,cryogonal,False,False,False,False,generation-v,https://pokeapi.co/api/v2/generation/5/,515
781,True,shelmet,https://pokeapi.co/api/v2/pokemon/616/,616,shelmet,False,False,False,False,generation-v,https://pokeapi.co/api/v2/generation/5/,305
782,True,stunfisk,https://pokeapi.co/api/v2/pokemon/618/,618,stunfisk,False,False,False,False,generation-v,https://pokeapi.co/api/v2/generation/5/,471
783,False,stunfisk-galar,https://pokeapi.co/api/v2/pokemon/10180/,618,stunfisk,False,False,False,False,,,471
784,True,mienfoo,https://pokeapi.co/api/v2/pokemon/619/,619,mienfoo,False,False,False,False,generation-v,https://pokeapi.co/api/v2/generation/5/,350
785,True,druddigon,https://pokeapi.co/api/v2/pokemon/621/,621,druddigon,False,False,False,False,generation-v,https://pokeapi.co/api/v2/generation/5/,485
786,True,golett,https://pokeapi.co/api/v2/pokemon/622/,622,golett,False,False,False,False,generation-v,https://pokeapi.co/api/v2/generation/5/,303
787,True,pawniard,https://pokeapi.co/api/v2/pokemon/624/,624,pawniard,False,False,False,False,generation-v,https://pokeapi.co/api/v2/generation/5/,340
788,True,bouffalant,https://pokeapi.co/api/v2/pokemon/626/,626,bouffalant,False,False,False,False,generation-v,https://pokeapi.co/api/v2/generation/5/,490
789,True,rufflet,https://pokeapi.co/api/v2/pokemon/627/,627,rufflet,False,False,False,False,generation-v,https://pokeapi.co/api/v2/generation/5/,350
790,True,vullaby,https://pokeapi.co/api/v2/pokemon/629/,629,vullaby,False,False,False,False,generation-v,https://pokeapi.co/api/v2/generation/5/,370
791,True,heatmor,https://pokeapi.co/api/v2/pokemon/631/,631,heatmor,False,False,False,False,generation-v,https://pokeapi.co/api/v2/generation/5/,484
792,True,durant,https://pokeapi.co/api/v2/pokemon/632/,632,durant,False,False,False,False,generation-v,https://pokeapi.co/api/v2/generation/5/,484
793,True,deino,https://pokeapi.co/api/v2/pokemon/633/,633,deino,False,False,False,False,generation-v,https://pokeapi.co/api/v2/generation/5/,300
794,True,larvesta,https://pokeapi.co/api/v2/pokemon/636/,636,larvesta,False,False,False,False,generation-v,https://pokeapi.co/api/v2/generation/5/,360
795,True,cobalion,https://pokeapi.co/api/v2/pokemon/638/,638,cobalion,False,True,False,False,generation-v,https://pokeapi.co/api/v2/generation/5/,580
796,True,terrakion,https://pokeapi.co/api/v2/pokemon/639/,639,terrakion,False,True,False,False,generation-v,https://pokeapi.co/api/v2/generation/5/,580
797,True,virizion,https://pokeapi.co/api/v2/pokemon/640/,640,virizion,False,True,False,False,generation-v,https://pokeapi.co/api/v2/generation/5/,580
798,True,tornadus-incarnate,https://pokeapi.co/api/v2/pokemon/641/,641,tornadus,False,True,False,True,generation-v,https://pokeapi.co/api/v2/generation/5/,580
799,False,tornadus-therian,https://pokeapi.co/api/v2/pokemon/10019/,641,tornadus,False,True,False,True,,,580
800,True,thundurus-incarnate,https://pokeapi.co/api/v2/pokemon/642/,642,thundurus,False,True,False,True,generation-v,https://pokeapi.co/api/v2/generation/5/,580
801,False,thundurus-therian,https://pokeapi.co/api/v2/pokemon/10020/,642,thundurus,False,True,False,True,,,580
802,True,reshiram,https://pokeapi.co/api/v2/pokemon/643/,643,reshiram,False,True,False,False,generation-v,https://pokeapi.co/api/v2/generation/5/,680
803,True,zekrom,https://pokeapi.co/api/v2/pokemon/644/,644,zekrom,False,True,False,False,generation-v,https://pokeapi.co/api/v2/generation/5/,680
804,True,landorus-incarnate,https://pokeapi.co/api/v2/pokemon/645/,645,landorus,False,True,False,True,generation-v,https://pokeapi.co/api/v2/generation/5/,600
805,False,landorus-therian,https://pokeapi.co/api/v2/pokemon/10021/,645,landorus,False,True,False,True,,,600
806,True,kyurem,https://pokeapi.co/api/v2/pokemon/646/,646,kyurem,False,True,False,True,generation-v,https://pokeapi.co/api/v2/generation/5/,660
807,False,kyurem-black,https://pokeapi.co/api/v2/pokemon/10022/,646,kyurem,False,True,False,True,,,700
808,False,kyurem-white,https://pokeapi.co/api/v2/pokemon/10023/,646,kyurem,False,True,False,True,,,700
809,True,keldeo-ordinary,https://pokeapi.co/api/v2/pokemon/647/,647,keldeo,False,False,True,True,generation-v,https://pokeapi.co/api/v2/generation/5/,580
810,False,keldeo-resolute,https://pokeapi.co/api/v2/pokemon/10024/,647,keldeo,False,False,True,True,,,580
811,True,meloetta-aria,https://pokeapi.co/api/v2/pokemon/648/,648,meloetta,False,False,True,True,generation-v,https://pokeapi.co/api/v2/generation/5/,600
812,False,meloetta-pirouette,https://pokeapi.co/api/v2/pokemon/10018/,648,meloetta,False,False,True,True,,,600
813,True,genesect,https://pokeapi.co/api/v2/pokemon/649/,649,genesect,False,False,True,True,generation-v,https://pokeapi.co/api/v2/generation/5/,600
814,True,fraxure,https://pokeapi.co/api/v2/pokemon/611/,611,fraxure,False,False,False,False,generation-v,https://pokeapi.co/api/v2/generation/5/,410
815,True,haxorus,https://pokeapi.co/api/v2/pokemon/612/,612,haxorus,False,False,False,False,generation-v,https://pokeapi.co/api/v2/generation/5/,540
816,True,beartic,https://pokeapi.co/api/v2/pokemon/614/,614,beartic,False,False,False,False,generation-v,https://pokeapi.co/api/v2/generation/5/,505
817,True,accelgor,https://pokeapi.co/api/v2/pokemon/617/,617,accelgor,False,False,False,False,generation-v,https://pokeapi.co/api/v2/generation/5/,495
818,True,golurk,https://pokeapi.co/api/v2/pokemon/623/,623,golurk,False,False,False,False,generation-v,https://pokeapi.co/api/v2/generation/5/,483
819,False,golurk-mega,https://pokeapi.co/api/v2/pokemon/10313/,623,golurk,False,False,False,False,,,583
820,True,bisharp,https://pokeapi.co/api/v2/pokemon/625/,625,bisharp,False,False,False,False,generation-v,https://pokeapi.co/api/v2/generation/5/,490
821,True,braviary,https://pokeapi.co/api/v2/pokemon/628/,628,braviary,False,False,False,False,generation-v,https://pokeapi.co/api/v2/generation/5/,510
822,False,braviary-hisui,https://pokeapi.co/api/v2/pokemon/10240/,628,braviary,False,False,False,False,,,510
823,True,mandibuzz,https://pokeapi.co/api/v2/pokemon/630/,630,mandibuzz,False,False,False,False,generation-v,https://pokeapi.co/api/v2/generation/5/,510
824,True,zweilous,https://pokeapi.co/api/v2/pokemon/634/,634,zweilous,False,False,False,False,generation-v,https://pokeapi.co/api/v2/generation/5/,420
825,True,hydreigon,https://pokeapi.co/api/v2/pokemon/635/,635,hydreigon,False,False,False,False,generation-v,https://pokeapi.co/api/v2/generation/5/,600
826,True,volcarona,https://pokeapi.co/api/v2/pokemon/637/,637,volcarona,False,False,False,False,generation-v,https://pokeapi.co/api/v2/generation/5/,550
827,True,herdier,https://pokeapi.co/api/v2/pokemon/507/,507,herdier,False,False,False,False,generation-v,https://pokeapi.co/api/v2/generation/5/,370
828,True,gurdurr,https://pokeapi.co/api/v2/pokemon/533/,533,gurdurr,False,False,False,False,generation-v,https://pokeapi.co/api/v2/generation/5/,405
829,True,cofagrigus,https://pokeapi.co/api/v2/pokemon/563/,563,cofagrigus,False,False,False,False,generation-v,https://pokeapi.co/api/v2/generation/5/,483
830,True,klinklang,https://pokeapi.co/api/v2/pokemon/601/,601,klinklang,False,False,False,False,generation-v,https://pokeapi.co/api/v2/generation/5/,520
831,True,chandelure,https://pokeapi.co/api/v2/pokemon/609/,609,chandelure,False,False,False,False,generation-v,https://pokeapi.co/api/v2/generation/5/,520
832,False,chandelure-mega,https://pokeapi.co/api/v2/pokemon/10291/,609,chandelure,False,False,False,False,,,620
833,True,mienshao,https://pokeapi.co/api/v2/pokemon/620/,620,mienshao,False,False,False,False,generation-v,https://pokeapi.co/api/v2/generation/5/,510
834,True,chespin,https://pokeapi.co/api/v2/pokemon/650/,650,chespin,False,False,False,False,generation-vi,https://pokeapi.co/api/v2/generation/6/,313
835,True,fennekin,https://pokeapi.co/api/v2/pokemon/653/,653,fennekin,False,False,False,False,generation-vi,https://pokeapi.co/api/v2/generation/6/,307
836,True,froakie,https://pokeapi.co/api/v2/pokemon/656/,656,froakie,False,False,False,False,generation-vi,https://pokeapi.co/api/v2/generation/6/,314
837,True,bunnelby,https://pokeapi.co/api/v2/pokemon/659/,659,bunnelby,False,False,False,False,generation-vi,https://pokeapi.co/api/v2/generation/6/,237
838,True,fletchling,https://pokeapi.co/api/v2/pokemon/661/,661,fletchling,False,False,False,False,generation-vi,https://pokeapi.co/api/v2/generation/6/,278
839,True,scatterbug,https://pokeapi.co/api/v2/pokemon/664/,664,scatterbug,False,False,False,False,generation-vi,https://pokeapi.co/api/v2/generation/6/,200
840,True,litleo,https://pokeapi.co/api/v2/pokemon/667/,667,litleo,False,False,False,False,generation-vi,https://pokeapi.co/api/v2/generation/6/,369
841,True,flabebe,https://pokeapi.co/api/v2/pokemon/669/,669,flabebe,False,False,False,False,generation-vi,https://pokeapi.co/api/v2/generation/6/,303
842,True,skiddo,https://pokeapi.co/api/v2/pokemon/672/,672,skiddo,False,False,False,False,generation-vi,https://pokeapi.co/api/v2/generation/6/,350
843,True,pancham,https://pokeapi.co/api/v2/pokemon/674/,674,pancham,False,False,False,False,generation-vi,https://pokeapi.co/api/v2/generation/6/,348
844,True,furfrou,https://pokeapi.co/api/v2/pokemon/676/,676,furfrou,False,False,False,True,generation-vi,https://pokeapi.co/api/v2/generation/6/,472
845,True,espurr,https://pokeapi.co/api/v2/pokemon/677/,677,espurr,False,False,False,False,generation-vi,https://pokeapi.co/api/v2/generation/6/,355
846,True,honedge,https://pokeapi.co/api/v2/pokemon/679/,679,honedge,False,False,False,False,generation-vi,https://pokeapi.co/api/v2/generation/6/,325
847,True,spritzee,https://pokeapi.co/api/v2/pokemon/682/,682,spritzee,False,False,False,False,generation-vi,https://pokeapi.co/api/v2/generation/6/,341
848,True,swirlix,https://pokeapi.co/api/v2/pokemon/684/,684,swirlix,False,False,False,False,generation-vi,https://pokeapi.co/api/v2/generation/6/,341
849,True,inkay,https://pokeapi.co/api/v2/pokemon/686/,686,inkay,False,False,False,False,generation-vi,https://pokeapi.co/api/v2/generation/6/,288
850,True,quilladin,https://pokeapi.co/api/v2/pokemon/651/,651,quilladin,False,False,False,False,generation-vi,https://pokeapi.co/api/v2/generation/6/,405
851,True,chesnaught,https://pokeapi.co/api/v2/pokemon/652/,652,chesnaught,False,False,False,False,generation-vi,https://pokeapi.co/api/v2/generation/6/,530
852,False,chesnaught-mega,https://pokeapi.co/api/v2/pokemon/10292/,652,chesnaught,False,False,False,False,,,630
853,True,braixen,https://pokeapi.co/api/v2/pokemon/654/,654,braixen,False,False,False,False,generation-vi,https://pokeapi.co/api/v2/generation/6/,409
854,True,delphox,https://pokeapi.co/api/v2/pokemon/655/,655,delphox,False,False,False,False,generation-vi,https://pokeapi.co/api/v2/generation/6/,534
855,False,delphox-mega,https://pokeapi.co/api/v2/pokemon/10293/,655,delphox,False,False,False,False,,,634
856,True,frogadier,https://pokeapi.co/api/v2/pokemon/657/,657,frogadier,False,False,False,False,generation-vi,https://pokeapi.co/api/v2/generation/6/,405
857,True,greninja,https://pokeapi.co/api/v2/pokemon/658/,658,greninja,False,False,False,False,generation-vi,https://pokeapi.co/api/v2/generation/6/,530
858,False,greninja-battle-bond,https://pokeapi.co/api/v2/pokemon/10116/,658,greninja,False,False,False,False,,,530
859,False,greninja-ash,https://pokeapi.co/api/v2/pokemon/10117/,658,greninja,False,False,False,False,,,640
860,False,greninja-mega,https://pokeapi.co/api/v2/pokemon/10294/,658,greninja,False,False,False,False,,,630
861,True,diggersby,https://pokeapi.co/api/v2/pokemon/660/,660,diggersby,False,False,False,False,generation-vi,https://pokeapi.co/api/v2/generation/6/,423
862,True,fletchinder,https://pokeapi.co/api/v2/pokemon/662/,662,fletchinder,False,False,False,False,generation-vi,https://pokeapi.co/api/v2/generation/6/,382
863,True,talonflame,https://pokeapi.co/api/v2/pokemon/663/,663,talonflame,False,False,False,False,generation-vi,https://pokeapi.co/api/v2/generation/6/,499
864,True,spewpa,https://pokeapi.co/api/v2/pokemon/665/,665,spewpa,False,False,False,False,generation-vi,https://pokeapi.co/api/v2/generation/6/,213
865,True,pyroar-male,https://pokeapi.co/api/v2/pokemon/668/,668,pyroar,False,False,False,False,generation-vi,https://pokeapi.co/api/v2/generation/6/,507
866,False,pyroar-mega,https://pokeapi.co/api/v2/pokemon/10295/,668,pyroar,False,False,False,False,,,607
867,True,floette,https://pokeapi.co/api/v2/pokemon/670/,670,floette,False,False,False,False,generation-vi,https://pokeapi.co/api/v2/generation/6/,371
868,False,floette-eternal,https://pokeapi.co/api/v2/pokemon/10061/,670,floette,False,False,False,False,,,551
869,False,floette-mega,https://pokeapi.co/api/v2/pokemon/10296/,670,floette,False,False,False,False,,,651
870,True,florges,https://pokeapi.co/api/v2/pokemon/671/,671,florges,False,False,False,False,generation-vi,https://pokeapi.co/api/v2/generation/6/,552
871,True,gogoat,https://pokeapi.co/api/v2/pokemon/673/,673,gogoat,False,False,False,False,generation-vi,https://pokeapi.co/api/v2/generation/6/,531
872,True,pangoro,https://pokeapi.co/api/v2/pokemon/675/,675,pangoro,False,False,False,False,generation-vi,https://pokeapi.co/api/v2/generation/6/,495
873,True,meowstic-male,https://pokeapi.co/api/v2/pokemon/678/,678,meowstic,False,False,False,False,generation-vi,https://pokeapi.co/api/v2/generation/6/,466
874,False,meowstic-female,https://pokeapi.co/api/v2/pokemon/10025/,678,meowstic,False,False,False,False,,,466
875,False,meowstic-male-mega,https://pokeapi.co/api/v2/pokemon/10314/,678,meowstic,False,False,False,False,,,566
876,False,meowstic-female-mega,https://pokeapi.co/api/v2/pokemon/10326/,678,meowstic,False,False,False,False,,,566
877,True,doublade,https://pokeapi.co/api/v2/pokemon/680/,680,doublade,False,False,False,False,generation-vi,https://pokeapi.co/api/v2/generation/6/,448
878,True,aegislash-shield,https://pokeapi.co/api/v2/pokemon/681/,681,aegislash,False,False,False,True,generation-vi,https://pokeapi.co/api/v2/generation/6/,500
879,False,aegislash-blade,https://pokeapi.co/api/v2/pokemon/10026/,681,aegislash,False,False,False,True,,,500
880,True,aromatisse,https://pokeapi.co/api/v2/pokemon/683/,683,aromatisse,False,False,False,False,generation-vi,https://pokeapi.co/api/v2/generation/6/,462
881,True,slurpuff,https://pokeapi.co/api/v2/pokemon/685/,685,slurpuff,False,False,False,False,generation-vi,https://pokeapi.co/api/v2/generation/6/,480
882,True,binacle,https://pokeapi.co/api/v2/pokemon/688/,688,binacle,False,False,False,False,generation-vi,https://pokeapi.co/api/v2/generation/6/,306
883,True,skrelp,https://pokeapi.co/api/v2/pokemon/690/,690,skrelp,False,False,False,False,generation-vi,https://pokeapi.co/api/v2/generation/6/,320
884,True,clauncher,https://pokeapi.co/api/v2/pokemon/692/,692,clauncher,False,False,False,False,generation-vi,https://pokeapi.co/api/v2/generation/6/,330
885,True,helioptile,https://pokeapi.co/api/v2/pokemon/694/,694,helioptile,False,False,False,False,generation-vi,https://pokeapi.co/api/v2/generation/6/,289
886,True,tyrunt,https://pokeapi.co/api/v2/pokemon/696/,696,tyrunt,False,False,False,False,generation-vi,https://pokeapi.co/api/v2/generation/6/,362
887,True,amaura,https://pokeapi.co/api/v2/pokemon/698/,698,amaura,False,False,False,False,generation-vi,https://pokeapi.co/api/v2/generation/6/,362
888,True,hawlucha,https://pokeapi.co/api/v2/pokemon/701/,701,hawlucha,False,False,False,False,generation-vi,https://pokeapi.co/api/v2/generation/6/,500
889,False,hawlucha-mega,https://pokeapi.co/api/v2/pokemon/10300/,701,hawlucha,False,False,False,False,,,600
890,True,dedenne,https://pokeapi.co/api/v2/pokemon/702/,702,dedenne,False,False,False,False,generation-vi,https://pokeapi.co/api/v2/generation/6/,431
891,True,carbink,https://pokeapi.co/api/v2/pokemon/703/,703,carbink,False,False,False,False,generation-vi,https://pokeapi.co/api/v2/generation/6/,500
892,True,goomy,https://pokeapi.co/api/v2/pokemon/704/,704,goomy,False,False,False,False,generation-vi,https://pokeapi.co/api/v2/generation/6/,300
893,True,klefki,https://pokeapi.co/api/v2/pokemon/707/,707,klefki,False,False,False,False,generation-vi,https://pokeapi.co/api/v2/generation/6/,470
894,True,phantump,https://pokeapi.co/api/v2/pokemon/708/,708,phantump,False,False,False,False,generation-vi,https://pokeapi.co/api/v2/generation/6/,309
895,True,pumpkaboo-average,https://pokeapi.co/api/v2/pokemon/710/,710,pumpkaboo,False,False,False,False,generation-vi,https://pokeapi.co/api/v2/generation/6/,335
896,False,pumpkaboo-small,https://pokeapi.co/api/v2/pokemon/10027/,710,pumpkaboo,False,False,False,False,,,335
897,False,pumpkaboo-large,https://pokeapi.co/api/v2/pokemon/10028/,710,pumpkaboo,False,False,False,False,,,335
898,False,pumpkaboo-super,https://pokeapi.co/api/v2/pokemon/10029/,710,pumpkaboo,False,False,False,False,,,335
899,True,bergmite,https://pokeapi.co/api/v2/pokemon/712/,712,bergmite,False,False,False,False,generation-vi,https://pokeapi.co/api/v2/generation/6/,304
900,True,noibat,https://pokeapi.co/api/v2/pokemon/714/,714,noibat,False,False,False,False,generation-vi,https://pokeapi.co/api/v2/generation/6/,245
901,True,xerneas,https://pokeapi.co/api/v2/pokemon/716/,716,xerneas,False,True,False,True,generation-vi,https://pokeapi.co/api/v2/generation/6/,680
902,True,yveltal,https://pokeapi.co/api/v2/pokemon/717/,717,yveltal,False,True,False,False,generation-vi,https://pokeapi.co/api/v2/generation/6/,680
903,True,zygarde-50,https://pokeapi.co/api/v2/pokemon/718/,718,zygarde,False,True,False,False,generation-vi,https://pokeapi.co/api/v2/generation/6/,600
904,False,zygarde-10-power-construct,https://pokeapi.co/api/v2/pokemon/10118/,718,zygarde,False,True,False,False,,,486
905,False,zygarde-50-power-construct,https://pokeapi.co/api/v2/pokemon/10119/,718,zygarde,False,True,False,False,,,600
906,False,zygarde-complete,https://pokeapi.co/api/v2/pokemon/10120/,718,zygarde,False,True,False,False,,,708
907,False,zygarde-10,https://pokeapi.co/api/v2/pokemon/10181/,718,zygarde,False,True,False,False,,,486
908,False,zygarde-mega,https://pokeapi.co/api/v2/pokemon/10301/,718,zygarde,False,True,False,False,,,778
909,True,diancie,https://pokeapi.co/api/v2/pokemon/719/,719,diancie,False,False,True,True,generation-vi,https://pokeapi.co/api/v2/generation/6/,600
910,False,diancie-mega,https://pokeapi.co/api/v2/pokemon/10075/,719,diancie,False,False,True,True,,,700
911,True,hoopa,https://pokeapi.co/api/v2/pokemon/720/,720,hoopa,False,False,True,False,generation-vi,https://pokeapi.co/api/v2/generation/6/,600
912,False,hoopa-unbound,https://pokeapi.co/api/v2/pokemon/10086/,720,hoopa,False,False,True,False,,,680
913,True,volcanion,https://pokeapi.co/api/v2/pokemon/721/,721,volcanion,False,False,True,False,generation-vi,https://pokeapi.co/api/v2/generation/6/,600
914,True,barbaracle,https://pokeapi.co/api/v2/pokemon/689/,689,barbaracle,False,False,False,False,generation-vi,https://pokeapi.co/api/v2/generation/6/,500
915,False,barbaracle-mega,https://pokeapi.co/api/v2/pokemon/10298/,689,barbaracle,False,False,False,False,,,600
916,True,dragalge,https://pokeapi.co/api/v2/pokemon/691/,691,dragalge,False,False,False,False,generation-vi,https://pokeapi.co/api/v2/generation/6/,494
917,False,dragalge-mega,https://pokeapi.co/api/v2/pokemon/10299/,691,dragalge,False,False,False,False,,,594
918,True,clawitzer,https://pokeapi.co/api/v2/pokemon/693/,693,clawitzer,False,False,False,False,generation-vi,https://pokeapi.co/api/v2/generation/6/,500
919,True,heliolisk,https://pokeapi.co/api/v2/pokemon/695/,695,heliolisk,False,False,False,False,generation-vi,https://pokeapi.co/api/v2/generation/6/,481
920,True,aurorus,https://pokeapi.co/api/v2/pokemon/699/,699,aurorus,False,False,False,False,generation-vi,https://pokeapi.co/api/v2/generation/6/,521
921,True,sylveon,https://pokeapi.co/api/v2/pokemon/700/,700,sylveon,False,False,False,False,generation-vi,https://pokeapi.co/api/v2/generation/6/,525
922,True,sliggoo,https://pokeapi.co/api/v2/pokemon/705/,705,sliggoo,False,False,False,False,generation-vi,https://pokeapi.co/api/v2/generation/6/,452
923,False,sliggoo-hisui,https://pokeapi.co/api/v2/pokemon/10241/,705,sliggoo,False,False,False,False,,,452
924,True,goodra,https://pokeapi.co/api/v2/pokemon/706/,706,goodra,False,False,False,False,generation-vi,https://pokeapi.co/api/v2/generation/6/,600
925,False,goodra-hisui,https://pokeapi.co/api/v2/pokemon/10242/,706,goodra,False,False,False,False,,,600
926,True,trevenant,https://pokeapi.co/api/v2/pokemon/709/,709,trevenant,False,False,False,False,generation-vi,https://pokeapi.co/api/v2/generation/6/,474
927,True,gourgeist-average,https://pokeapi.co/api/v2/pokemon/711/,711,gourgeist,False,False,False,False,generation-vi,https://pokeapi.co/api/v2/generation/6/,494
928,False,gourgeist-small,https://pokeapi.co/api/v2/pokemon/10030/,711,gourgeist,False,False,False,False,,,494
929,False,gourgeist-large,https://pokeapi.co/api/v2/pokemon/10031/,711,gourgeist,False,False,False,False,,,494
930,False,gourgeist-super,https://pokeapi.co/api/v2/pokemon/10032/,711,gourgeist,False,False,False,False,,,494
931,True,avalugg,https://pokeapi.co/api/v2/pokemon/713/,713,avalugg,False,False,False,False,generation-vi,https://pokeapi.co/api/v2/generation/6/,514
932,False,avalugg-hisui,https://pokeapi.co/api/v2/pokemon/10243/,713,avalugg,False,False,False,False,,,514
933,True,noivern,https://pokeapi.co/api/v2/pokemon/715/,715,noivern,False,False,False,False,generation-vi,https://pokeapi.co/api/v2/generation/6/,535
934,True,vivillon,https://pokeapi.co/api/v2/pokemon/666/,666,vivillon,False,False,False,False,generation-vi,https://pokeapi.co/api/v2/generation/6/,411
935,True,malamar,https://pokeapi.co/api/v2/pokemon/687/,687,malamar,False,False,False,False,generation-vi,https://pokeapi.co/api/v2/generation/6/,482
936,False,malamar-mega,https://pokeapi.co/api/v2/pokemon/10297/,687,malamar,False,False,False,False,,,582
937,True,tyrantrum,https://pokeapi.co/api/v2/pokemon/697/,697,tyrantrum,False,False,False,False,generation-vi,https://pokeapi.co/api/v2/generation/6/,521
938,True,rowlet,https://pokeapi.co/api/v2/pokemon/722/,722,rowlet,False,False,False,False,generation-vii,https://pokeapi.co/api/v2/generation/7/,320
939,True,litten,https://pokeapi.co/api/v2/pokemon/725/,725,litten,False,False,False,False,generation-vii,https://pokeapi.co/api/v2/generation/7/,320
940,True,popplio,https://pokeapi.co/api/v2/pokemon/728/,728,popplio,False,False,False,False,generation-vii,https://pokeapi.co/api/v2/generation/7/,320
941,True,pikipek,https://pokeapi.co/api/v2/pokemon/731/,731,pikipek,False,False,False,False,generation-vii,https://pokeapi.co/api/v2/generation/7/,265
942,True,yungoos,https://pokeapi.co/api/v2/pokemon/734/,734,yungoos,False,False,False,False,generation-vii,https://pokeapi.co/api/v2/generation/7/,253
943,True,grubbin,https://pokeapi.co/api/v2/pokemon/736/,736,grubbin,False,False,False,False,generation-vii,https://pokeapi.co/api/v2/generation/7/,300
944,True,crabrawler,https://pokeapi.co/api/v2/pokemon/739/,739,crabrawler,False,False,False,False,generation-vii,https://pokeapi.co/api/v2/generation/7/,338
945,True,oricorio-baile,https://pokeapi.co/api/v2/pokemon/741/,741,oricorio,False,False,False,False,generation-vii,https://pokeapi.co/api/v2/generation/7/,476
946,False,oricorio-pom-pom,https://pokeapi.co/api/v2/pokemon/10123/,741,oricorio,False,False,False,False,,,476
947,False,oricorio-pau,https://pokeapi.co/api/v2/pokemon/10124/,741,oricorio,False,False,False,False,,,476
948,False,oricorio-sensu,https://pokeapi.co/api/v2/pokemon/10125/,741,oricorio,False,False,False,False,,,476
949,True,cutiefly,https://pokeapi.co/api/v2/pokemon/742/,742,cutiefly,False,False,False,False,generation-vii,https://pokeapi.co/api/v2/generation/7/,304
950,True,rockruff,https://pokeapi.co/api/v2/pokemon/744/,744,rockruff,False,False,False,False,generation-vii,https://pokeapi.co/api/v2/generation/7/,280
951,False,rockruff-own-tempo,https://pokeapi.co/api/v2/pokemon/10151/,744,rockruff,False,False,False,False,,,280
952,True,wishiwashi-solo,https://pokeapi.co/api/v2/pokemon/746/,746,wishiwashi,False,False,False,False,generation-vii,https://pokeapi.co/api/v2/generation/7/,175
953,False,wishiwashi-school,https://pokeapi.co/api/v2/pokemon/10127/,746,wishiwashi,False,False,False,False,,,620
954,True,mareanie,https://pokeapi.co/api/v2/pokemon/747/,747,mareanie,False,False,False,False,generation-vii,https://pokeapi.co/api/v2/generation/7/,305
955,True,mudbray,https://pokeapi.co/api/v2/pokemon/749/,749,mudbray,False,False,False,False,generation-vii,https://pokeapi.co/api/v2/generation/7/,385
956,True,dewpider,https://pokeapi.co/api/v2/pokemon/751/,751,dewpider,False,False,False,False,generation-vii,https://pokeapi.co/api/v2/generation/7/,269
957,True,fomantis,https://pokeapi.co/api/v2/pokemon/753/,753,fomantis,False,False,False,False,generation-vii,https://pokeapi.co/api/v2/generation/7/,250
958,True,morelull,https://pokeapi.co/api/v2/pokemon/755/,755,morelull,False,False,False,False,generation-vii,https://pokeapi.co/api/v2/generation/7/,285
959,True,salandit,https://pokeapi.co/api/v2/pokemon/757/,757,salandit,False,False,False,False,generation-vii,https://pokeapi.co/api/v2/generation/7/,320
960,True,stufful,https://pokeapi.co/api/v2/pokemon/759/,759,stufful,False,False,False,False,generation-vii,https://pokeapi.co/api/v2/generation/7/,340
961,True,bounsweet,https://pokeapi.co/api/v2/pokemon/761/,761,bounsweet,False,False,False,False,generation-vii,https://pokeapi.co/api/v2/generation/7/,210
962,True,comfey,https://pokeapi.co/api/v2/pokemon/764/,764,comfey,False,False,False,False,generation-vii,https://pokeapi.co/api/v2/generation/7/,485
963,True,dartrix,https://pokeapi.co/api/v2/pokemon/723/,723,dartrix,False,False,False,False,generation-vii,https://pokeapi.co/api/v2/generation/7/,420
964,True,decidueye,https://pokeapi.co/api/v2/pokemon/724/,724,decidueye,False,False,False,False,generation-vii,https://pokeapi.co/api/v2/generation/7/,530
965,False,decidueye-hisui,https://pokeapi.co/api/v2/pokemon/10244/,724,decidueye,False,False,False,False,,,530
966,True,torracat,https://pokeapi.co/api/v2/pokemon/726/,726,torracat,False,False,False,False,generation-vii,https://pokeapi.co/api/v2/generation/7/,420
967,True,incineroar,https://pokeapi.co/api/v2/pokemon/727/,727,incineroar,False,False,False,False,generation-vii,https://pokeapi.co/api/v2/generation/7/,530
968,True,primarina,https://pokeapi.co/api/v2/pokemon/730/,730,primarina,False,False,False,False,generation-vii,https://pokeapi.co/api/v2/generation/7/,530
969,True,trumbeak,https://pokeapi.co/api/v2/pokemon/732/,732,trumbeak,False,False,False,False,generation-vii,https://pokeapi.co/api/v2/generation/7/,355
970,True,toucannon,https://pokeapi.co/api/v2/pokemon/733/,733,toucannon,False,False,False,False,generation-vii,https://pokeapi.co/api/v2/generation/7/,485
971,True,gumshoos,https://pokeapi.co/api/v2/pokemon/735/,735,gumshoos,False,False,False,False,generation-vii,https://pokeapi.co/api/v2/generation/7/,418
972,False,gumshoos-totem,https://pokeapi.co/api/v2/pokemon/10121/,735,gumshoos,False,False,False,False,,,418
973,True,charjabug,https://pokeapi.co/api/v2/pokemon/737/,737,charjabug,False,False,False,False,generation-vii,https://pokeapi.co/api/v2/generation/7/,400
974,True,vikavolt,https://pokeapi.co/api/v2/pokemon/738/,738,vikavolt,False,False,False,False,generation-vii,https://pokeapi.co/api/v2/generation/7/,500
975,False,vikavolt-totem,https://pokeapi.co/api/v2/pokemon/10122/,738,vikavolt,False,False,False,False,,,500
976,True,crabominable,https://pokeapi.co/api/v2/pokemon/740/,740,crabominable,False,False,False,False,generation-vii,https://pokeapi.co/api/v2/generation/7/,478
977,False,crabominable-mega,https://pokeapi.co/api/v2/pokemon/10315/,740,crabominable,False,False,False,False,,,578
978,True,ribombee,https://pokeapi.co/api/v2/pokemon/743/,743,ribombee,False,False,False,False,generation-vii,https://pokeapi.co/api/v2/generation/7/,464
979,False,ribombee-totem,https://pokeapi.co/api/v2/pokemon/10150/,743,ribombee,False,False,False,False,,,464
980,True,lycanroc-midday,https://pokeapi.co/api/v2/pokemon/745/,745,lycanroc,False,False,False,False,generation-vii,https://pokeapi.co/api/v2/generation/7/,487
981,False,lycanroc-midnight,https://pokeapi.co/api/v2/pokemon/10126/,745,lycanroc,False,False,False,False,,,487
982,False,lycanroc-dusk,https://pokeapi.co/api/v2/pokemon/10152/,745,lycanroc,False,False,False,False,,,487
983,True,toxapex,https://pokeapi.co/api/v2/pokemon/748/,748,toxapex,False,False,False,False,generation-vii,https://pokeapi.co/api/v2/generation/7/,495
984,True,mudsdale,https://pokeapi.co/api/v2/pokemon/750/,750,mudsdale,False,False,False,False,generation-vii,https://pokeapi.co/api/v2/generation/7/,500
985,True,araquanid,https://pokeapi.co/api/v2/pokemon/752/,752,araquanid,False,False,False,False,generation-vii,https://pokeapi.co/api/v2/generation/7/,454
986,False,araquanid-totem,https://pokeapi.co/api/v2/pokemon/10153/,752,araquanid,False,False,False,False,,,454
987,True,lurantis,https://pokeapi.co/api/v2/pokemon/754/,754,lurantis,False,False,False,False,generation-vii,https://pokeapi.co/api/v2/generation/7/,480
988,False,lurantis-totem,https://pokeapi.co/api/v2/pokemon/10128/,754,lurantis,False,False,False,False,,,480
989,True,shiinotic,https://pokeapi.co/api/v2/pokemon/756/,756,shiinotic,False,False,False,False,generation-vii,https://pokeapi.co/api/v2/generation/7/,405
990,True,salazzle,https://pokeapi.co/api/v2/pokemon/758/,758,salazzle,False,False,False,False,generation-vii,https://pokeapi.co/api/v2/generation/7/,480
991,False,salazzle-totem,https://pokeapi.co/api/v2/pokemon/10129/,758,salazzle,False,False,False,False,,,480
992,True,bewear,https://pokeapi.co/api/v2/pokemon/760/,760,bewear,False,False,False,False,generation-vii,https://pokeapi.co/api/v2/generation/7/,500
993,True,steenee,https://pokeapi.co/api/v2/pokemon/762/,762,steenee,False,False,False,False,generation-vii,https://pokeapi.co/api/v2/generation/7/,290
994,True,oranguru,https://pokeapi.co/api/v2/pokemon/765/,765,oranguru,False,False,False,False,generation-vii,https://pokeapi.co/api/v2/generation/7/,490
995,True,passimian,https://pokeapi.co/api/v2/pokemon/766/,766,passimian,False,False,False,False,generation-vii,https://pokeapi.co/api/v2/generation/7/,490
996,True,wimpod,https://pokeapi.co/api/v2/pokemon/767/,767,wimpod,False,False,False,False,generation-vii,https://pokeapi.co/api/v2/generation/7/,230
997,True,sandygast,https://pokeapi.co/api/v2/pokemon/769/,769,sandygast,False,False,False,False,generation-vii,https://pokeapi.co/api/v2/generation/7/,320
998,True,pyukumuku,https://pokeapi.co/api/v2/pokemon/771/,771,pyukumuku,False,False,False,False,generation-vii,https://pokeapi.co/api/v2/generation/7/,410
999,True,type-null,https://pokeapi.co/api/v2/pokemon/772/,772,type-null,False,True,False,False,generation-vii,https://pokeapi.co/api/v2/generation/7/,534
1000,True,minior-red-meteor,https://pokeapi.co/api/v2/pokemon/774/,774,minior,False,False,False,False,generation-vii,https://pokeapi.co/api/v2/generation/7/,440
1001,False,minior-orange-meteor,https://pokeapi.co/api/v2/pokemon/10130/,774,minior,False,False,False,False,,,440
1002,False,minior-yellow-meteor,https://pokeapi.co/api/v2/pokemon/10131/,774,minior,False,False,False,False,,,440
1003,False,minior-green-meteor,https://pokeapi.co/api/v2/pokemon/10132/,774,minior,False,False,False,False,,,440
1004,False,minior-blue-meteor,https://pokeapi.co/api/v2/pokemon/10133/,774,minior,False,False,False,False,,,440
1005,False,minior-indigo-meteor,https://pokeapi.co/api/v2/pokemon/10134/,774,minior,False,False,False,False,,,440
1006,False,minior-violet-meteor,https://pokeapi.co/api/v2/pokemon/10135/,774,minior,False,False,False,False,,,440
1007,False,minior-red,https://pokeapi.co/api/v2/pokemon/10136/,774,minior,False,False,False,False,,,500
1008,False,minior-orange,https://pokeapi.co/api/v2/pokemon/10137/,774,minior,False,False,False,False,,,500
1009,False,minior-yellow,https://pokeapi.co/api/v2/pokemon/10138/,774,minior,False,False,False,False,,,500
1010,False,minior-green,https://pokeapi.co/api/v2/pokemon/10139/,774,minior,False,False,False,False,,,500
1011,False,minior-blue,https://pokeapi.co/api/v2/pokemon/10140/,774,minior,False,False,False,False,,,500
1012,False,minior-indigo,https://pokeapi.co/api/v2/pokemon/10141/,774,minior,False,False,False,False,,,500
1013,False,minior-violet,https://pokeapi.co/api/v2/pokemon/10142/,774,minior,False,False,False,False,,,500
1014,True,komala,https://pokeapi.co/api/v2/pokemon/775/,775,komala,False,False,False,False,generation-vii,https://pokeapi.co/api/v2/generation/7/,480
1015,True,turtonator,https://pokeapi.co/api/v2/pokemon/776/,776,turtonator,False,False,False,False,generation-vii,https://pokeapi.co/api/v2/generation/7/,485
1016,True,togedemaru,https://pokeapi.co/api/v2/pokemon/777/,777,togedemaru,False,False,False,False,generation-vii,https://pokeapi.co/api/v2/generation/7/,435
1017,False,togedemaru-totem,https://pokeapi.co/api/v2/pokemon/10154/,777,togedemaru,False,False,False,False,,,435
1018,True,mimikyu-disguised,https://pokeapi.co/api/v2/pokemon/778/,778,mimikyu,False,False,False,False,generation-vii,https://pokeapi.co/api/v2/generation/7/,476
1019,False,mimikyu-busted,https://pokeapi.co/api/v2/pokemon/10143/,778,mimikyu,False,False,False,False,,,476
1020,False,mimikyu-totem-disguised,https://pokeapi.co/api/v2/pokemon/10144/,778,mimikyu,False,False,False,False,,,476
1021,False,mimikyu-totem-busted,https://pokeapi.co/api/v2/pokemon/10145/,778,mimikyu,False,False,False,False,,,476
1022,True,bruxish,https://pokeapi.co/api/v2/pokemon/779/,779,bruxish,False,False,False,False,generation-vii,https://pokeapi.co/api/v2/generation/7/,475
1023,True,drampa,https://pokeapi.co/api/v2/pokemon/780/,780,drampa,False,False,False,False,generation-vii,https://pokeapi.co/api/v2/generation/7/,485
1024,False,drampa-mega,https://pokeapi.co/api/v2/pokemon/10302/,780,drampa,False,False,False,False,,,585
1025,True,dhelmise,https://pokeapi.co/api/v2/pokemon/781/,781,dhelmise,False,False,False,False,generation-vii,https://pokeapi.co/api/v2/generation/7/,517
1026,True,jangmo-o,https://pokeapi.co/api/v2/pokemon/782/,782,jangmo-o,False,False,False,False,generation-vii,https://pokeapi.co/api/v2/generation/7/,300
1027,True,tapu-koko,https://pokeapi.co/api/v2/pokemon/785/,785,tapu-koko,False,True,False,False,generation-vii,https://pokeapi.co/api/v2/generation/7/,570
1028,True,tapu-lele,https://pokeapi.co/api/v2/pokemon/786/,786,tapu-lele,False,True,False,False,generation-vii,https://pokeapi.co/api/v2/generation/7/,570
1029,True,tapu-bulu,https://pokeapi.co/api/v2/pokemon/787/,787,tapu-bulu,False,True,False,False,generation-vii,https://pokeapi.co/api/v2/generation/7/,570
1030,True,tapu-fini,https://pokeapi.co/api/v2/pokemon/788/,788,tapu-fini,False,True,False,False,generation-vii,https://pokeapi.co/api/v2/generation/7/,570
1031,True,cosmog,https://pokeapi.co/api/v2/pokemon/789/,789,cosmog,False,True,False,False,generation-vii,https://pokeapi.co/api/v2/generation/7/,200
1032,True,nihilego,https://pokeapi.co/api/v2/pokemon/793/,793,nihilego,False,False,False,False,generation-vii,https://pokeapi.co/api/v2/generation/7/,570
1033,True,buzzwole,https://pokeapi.co/api/v2/pokemon/794/,794,buzzwole,False,False,False,False,generation-vii,https://pokeapi.co/api/v2/generation/7/,570
1034,True,pheromosa,https://pokeapi.co/api/v2/pokemon/795/,795,pheromosa,False,False,False,False,generation-vii,https://pokeapi.co/api/v2/generation/7/,570
1035,True,xurkitree,https://pokeapi.co/api/v2/pokemon/796/,796,xurkitree,False,False,False,False,generation-vii,https://pokeapi.co/api/v2/generation/7/,570
1036,True,celesteela,https://pokeapi.co/api/v2/pokemon/797/,797,celesteela,False,False,False,False,generation-vii,https://pokeapi.co/api/v2/generation/7/,570
1037,True,kartana,https://pokeapi.co/api/v2/pokemon/798/,798,kartana,False,False,False,False,generation-vii,https://pokeapi.co/api/v2/generation/7/,570
1038,True,guzzlord,https://pokeapi.co/api/v2/pokemon/799/,799,guzzlord,False,False,False,False,generation-vii,https://pokeapi.co/api/v2/generation/7/,570
1039,True,necrozma,https://pokeapi.co/api/v2/pokemon/800/,800,necrozma,False,True,False,False,generation-vii,https://pokeapi.co/api/v2/generation/7/,600
1040,False,necrozma-dusk,https://pokeapi.co/api/v2/pokemon/10155/,800,necrozma,False,True,False,False,,,680
1041,False,necrozma-dawn,https://pokeapi.co/api/v2/pokemon/10156/,800,necrozma,False,True,False,False,,,680
1042,False,necrozma-ultra,https://pokeapi.co/api/v2/pokemon/10157/,800,necrozma,False,True,False,False,,,754
1043,True,magearna,https://pokeapi.co/api/v2/pokemon/801/,801,magearna,False,False,True,False,generation-vii,https://pokeapi.co/api/v2/generation/7/,600
1044,False,magearna-original,https://pokeapi.co/api/v2/pokemon/10147/,801,magearna,False,False,True,False,,,600
1045,False,magearna-mega,https://pokeapi.co/api/v2/pokemon/10317/,801,magearna,False,False,True,False,,,700
1046,False,magearna-original-mega,https://pokeapi.co/api/v2/pokemon/10318/,801,magearna,False,False,True,False,,,700
1047,True,marshadow,https://pokeapi.co/api/v2/pokemon/802/,802,marshadow,False,False,True,False,generation-vii,https://pokeapi.co/api/v2/generation/7/,600
1048,True,poipole,https://pokeapi.co/api/v2/pokemon/803/,803,poipole,False,False,False,False,generation-vii,https://pokeapi.co/api/v2/generation/7/,420
1049,True,stakataka,https://pokeapi.co/api/v2/pokemon/805/,805,stakataka,False,False,False,False,generation-vii,https://pokeapi.co/api/v2/generation/7/,570
1050,True,blacephalon,https://pokeapi.co/api/v2/pokemon/806/,806,blacephalon,False,False,False,False,generation-vii,https://pokeapi.co/api/v2/generation/7/,570
1051,True,zeraora,https://pokeapi.co/api/v2/pokemon/807/,807,zeraora,False,False,True,False,generation-vii,https://pokeapi.co/api/v2/generation/7/,600
1052,False,zeraora-mega,https://pokeapi.co/api/v2/pokemon/10319/,807,zeraora,False,False,True,False,,,700
1053,True,meltan,https://pokeapi.co/api/v2/pokemon/808/,808,meltan,False,False,True,False,generation-vii,https://pokeapi.co/api/v2/generation/7/,300
1054,True,silvally,https://pokeapi.co/api/v2/pokemon/773/,773,silvally,False,True,False,False,generation-vii,https://pokeapi.co/api/v2/generation/7/,570
1055,True,hakamo-o,https://pokeapi.co/api/v2/pokemon/783/,783,hakamo-o,False,False,False,False,generation-vii,https://pokeapi.co/api/v2/generation/7/,420
1056,True,kommo-o,https://pokeapi.co/api/v2/pokemon/784/,784,kommo-o,False,False,False,False,generation-vii,https://pokeapi.co/api/v2/generation/7/,600
1057,False,kommo-o-totem,https://pokeapi.co/api/v2/pokemon/10146/,784,kommo-o,False,False,False,False,,,600
1058,True,cosmoem,https://pokeapi.co/api/v2/pokemon/790/,790,cosmoem,False,True,False,False,generation-vii,https://pokeapi.co/api/v2/generation/7/,400
1059,True,solgaleo,https://pokeapi.co/api/v2/pokemon/791/,791,solgaleo,False,True,False,False,generation-vii,https://pokeapi.co/api/v2/generation/7/,680
1060,True,lunala,https://pokeapi.co/api/v2/pokemon/792/,792,lunala,False,True,False,False,generation-vii,https://pokeapi.co/api/v2/generation/7/,680
1061,True,naganadel,https://pokeapi.co/api/v2/pokemon/804/,804,naganadel,False,False,False,False,generation-vii,https://pokeapi.co/api/v2/generation/7/,540
1062,True,melmetal,https://pokeapi.co/api/v2/pokemon/809/,809,melmetal,False,False,True,False,generation-vii,https://pokeapi.co/api/v2/generation/7/,600
1063,False,melmetal-gmax,https://pokeapi.co/api/v2/pokemon/10208/,809,melmetal,False,False,True,False,,,600
1064,True,brionne,https://pokeapi.co/api/v2/pokemon/729/,729,brionne,False,False,False,False,generation-vii,https://pokeapi.co/api/v2/generation/7/,420
1065,True,tsareena,https://pokeapi.co/api/v2/pokemon/763/,763,tsareena,False,False,False,False,generation-vii,https://pokeapi.co/api/v2/generation/7/,510
1066,True,golisopod,https://pokeapi.co/api/v2/pokemon/768/,768,golisopod,False,False,False,False,generation-vii,https://pokeapi.co/api/v2/generation/7/,530
1067,False,golisopod-mega,https://pokeapi.co/api/v2/pokemon/10316/,768,golisopod,False,False,False,False,,,630
1068,True,palossand,https://pokeapi.co/api/v2/pokemon/770/,770,palossand,False,False,False,False,generation-vii,https://pokeapi.co/api/v2/generation/7/,480
1069,True,grookey,https://pokeapi.co/api/v2/pokemon/810/,810,grookey,False,False,False,False,generation-viii,https://pokeapi.co/api/v2/generation/8/,310
1070,True,scorbunny,https://pokeapi.co/api/v2/pokemon/813/,813,scorbunny,False,False,False,False,generation-viii,https://pokeapi.co/api/v2/generation/8/,310
1071,True,sobble,https://pokeapi.co/api/v2/pokemon/816/,816,sobble,False,False,False,False,generation-viii,https://pokeapi.co/api/v2/generation/8/,310
1072,True,skwovet,https://pokeapi.co/api/v2/pokemon/819/,819,skwovet,False,False,False,False,generation-viii,https://pokeapi.co/api/v2/generation/8/,275
1073,True,rookidee,https://pokeapi.co/api/v2/pokemon/821/,821,rookidee,False,False,False,False,generation-viii,https://pokeapi.co/api/v2/generation/8/,245
1074,True,blipbug,https://pokeapi.co/api/v2/pokemon/824/,824,blipbug,False,False,False,False,generation-viii,https://pokeapi.co/api/v2/generation/8/,180
1075,True,nickit,https://pokeapi.co/api/v2/pokemon/827/,827,nickit,False,False,False,False,generation-viii,https://pokeapi.co/api/v2/generation/8/,245
1076,True,gossifleur,https://pokeapi.co/api/v2/pokemon/829/,829,gossifleur,False,False,False,False,generation-viii,https://pokeapi.co/api/v2/generation/8/,250
1077,True,wooloo,https://pokeapi.co/api/v2/pokemon/831/,831,wooloo,False,False,False,False,generation-viii,https://pokeapi.co/api/v2/generation/8/,270
1078,True,chewtle,https://pokeapi.co/api/v2/pokemon/833/,833,chewtle,False,False,False,False,generation-viii,https://pokeapi.co/api/v2/generation/8/,284
1079,True,yamper,https://pokeapi.co/api/v2/pokemon/835/,835,yamper,False,False,False,False,generation-viii,https://pokeapi.co/api/v2/generation/8/,270
1080,True,rolycoly,https://pokeapi.co/api/v2/pokemon/837/,837,rolycoly,False,False,False,False,generation-viii,https://pokeapi.co/api/v2/generation/8/,240
1081,True,applin,https://pokeapi.co/api/v2/pokemon/840/,840,applin,False,False,False,False,generation-viii,https://pokeapi.co/api/v2/generation/8/,260
1082,True,thwackey,https://pokeapi.co/api/v2/pokemon/811/,811,thwackey,False,False,False,False,generation-viii,https://pokeapi.co/api/v2/generation/8/,420
1083,True,rillaboom,https://pokeapi.co/api/v2/pokemon/812/,812,rillaboom,False,False,False,False,generation-viii,https://pokeapi.co/api/v2/generation/8/,530
1084,False,rillaboom-gmax,https://pokeapi.co/api/v2/pokemon/10209/,812,rillaboom,False,False,False,False,,,530
1085,True,raboot,https://pokeapi.co/api/v2/pokemon/814/,814,raboot,False,False,False,False,generation-viii,https://pokeapi.co/api/v2/generation/8/,420
1086,True,cinderace,https://pokeapi.co/api/v2/pokemon/815/,815,cinderace,False,False,False,False,generation-viii,https://pokeapi.co/api/v2/generation/8/,530
1087,False,cinderace-gmax,https://pokeapi.co/api/v2/pokemon/10210/,815,cinderace,False,False,False,False,,,530
1088,True,drizzile,https://pokeapi.co/api/v2/pokemon/817/,817,drizzile,False,False,False,False,generation-viii,https://pokeapi.co/api/v2/generation/8/,420
1089,True,inteleon,https://pokeapi.co/api/v2/pokemon/818/,818,inteleon,False,False,False,False,generation-viii,https://pokeapi.co/api/v2/generation/8/,530
1090,False,inteleon-gmax,https://pokeapi.co/api/v2/pokemon/10211/,818,inteleon,False,False,False,False,,,530
1091,True,greedent,https://pokeapi.co/api/v2/pokemon/820/,820,greedent,False,False,False,False,generation-viii,https://pokeapi.co/api/v2/generation/8/,460
1092,True,corvisquire,https://pokeapi.co/api/v2/pokemon/822/,822,corvisquire,False,False,False,False,generation-viii,https://pokeapi.co/api/v2/generation/8/,365
1093,True,corviknight,https://pokeapi.co/api/v2/pokemon/823/,823,corviknight,False,False,False,False,generation-viii,https://pokeapi.co/api/v2/generation/8/,495
1094,False,corviknight-gmax,https://pokeapi.co/api/v2/pokemon/10212/,823,corviknight,False,False,False,False,,,495
1095,True,dottler,https://pokeapi.co/api/v2/pokemon/825/,825,dottler,False,False,False,False,generation-viii,https://pokeapi.co/api/v2/generation/8/,335
1096,True,thievul,https://pokeapi.co/api/v2/pokemon/828/,828,thievul,False,False,False,False,generation-viii,https://pokeapi.co/api/v2/generation/8/,455
1097,True,eldegoss,https://pokeapi.co/api/v2/pokemon/830/,830,eldegoss,False,False,False,False,generation-viii,https://pokeapi.co/api/v2/generation/8/,460
1098,True,dubwool,https://pokeapi.co/api/v2/pokemon/832/,832,dubwool,False,False,False,False,generation-viii,https://pokeapi.co/api/v2/generation/8/,490
1099,True,drednaw,https://pokeapi.co/api/v2/pokemon/834/,834,drednaw,False,False,False,False,generation-viii,https://pokeapi.co/api/v2/generation/8/,485
1100,False,drednaw-gmax,https://pokeapi.co/api/v2/pokemon/10214/,834,drednaw,False,False,False,False,,,485
1101,True,boltund,https://pokeapi.co/api/v2/pokemon/836/,836,boltund,False,False,False,False,generation-viii,https://pokeapi.co/api/v2/generation/8/,490
1102,True,carkol,https://pokeapi.co/api/v2/pokemon/838/,838,carkol,False,False,False,False,generation-viii,https://pokeapi.co/api/v2/generation/8/,410
1103,True,coalossal,https://pokeapi.co/api/v2/pokemon/839/,839,coalossal,False,False,False,False,generation-viii,https://pokeapi.co/api/v2/generation/8/,510
1104,False,coalossal-gmax,https://pokeapi.co/api/v2/pokemon/10215/,839,coalossal,False,False,False,False,,,510
1105,True,flapple,https://pokeapi.co/api/v2/pokemon/841/,841,flapple,False,False,False,False,generation-viii,https://pokeapi.co/api/v2/generation/8/,485
1106,False,flapple-gmax,https://pokeapi.co/api/v2/pokemon/10216/,841,flapple,False,False,False,False,,,485
1107,True,silicobra,https://pokeapi.co/api/v2/pokemon/843/,843,silicobra,False,False,False,False,generation-viii,https://pokeapi.co/api/v2/generation/8/,315
1108,True,cramorant,https://pokeapi.co/api/v2/pokemon/845/,845,cramorant,False,False,False,False,generation-viii,https://pokeapi.co/api/v2/generation/8/,475
1109,False,cramorant-gulping,https://pokeapi.co/api/v2/pokemon/10182/,845,cramorant,False,False,False,False,,,475
1110,False,cramorant-gorging,https://pokeapi.co/api/v2/pokemon/10183/,845,cramorant,False,False,False,False,,,475
1111,True,arrokuda,https://pokeapi.co/api/v2/pokemon/846/,846,arrokuda,False,False,False,False,generation-viii,https://pokeapi.co/api/v2/generation/8/,280
1112,True,toxel,https://pokeapi.co/api/v2/pokemon/848/,848,toxel,True,False,False,False,generation-viii,https://pokeapi.co/api/v2/generation/8/,242
1113,True,sizzlipede,https://pokeapi.co/api/v2/pokemon/850/,850,sizzlipede,False,False,False,False,generation-viii,https://pokeapi.co/api/v2/generation/8/,305
1114,True,clobbopus,https://pokeapi.co/api/v2/pokemon/852/,852,clobbopus,False,False,False,False,generation-viii,https://pokeapi.co/api/v2/generation/8/,310
1115,True,sinistea,https://pokeapi.co/api/v2/pokemon/854/,854,sinistea,False,False,False,False,generation-viii,https://pokeapi.co/api/v2/generation/8/,308
1116,True,hatenna,https://pokeapi.co/api/v2/pokemon/856/,856,hatenna,False,False,False,False,generation-viii,https://pokeapi.co/api/v2/generation/8/,265
1117,True,impidimp,https://pokeapi.co/api/v2/pokemon/859/,859,impidimp,False,False,False,False,generation-viii,https://pokeapi.co/api/v2/generation/8/,265
1118,True,milcery,https://pokeapi.co/api/v2/pokemon/868/,868,milcery,False,False,False,False,generation-viii,https://pokeapi.co/api/v2/generation/8/,270
1119,True,falinks,https://pokeapi.co/api/v2/pokemon/870/,870,falinks,False,False,False,False,generation-viii,https://pokeapi.co/api/v2/generation/8/,470
1120,False,falinks-mega,https://pokeapi.co/api/v2/pokemon/10303/,870,falinks,False,False,False,False,,,570
1121,True,pincurchin,https://pokeapi.co/api/v2/pokemon/871/,871,pincurchin,False,False,False,False,generation-viii,https://pokeapi.co/api/v2/generation/8/,435
1122,True,snom,https://pokeapi.co/api/v2/pokemon/872/,872,snom,False,False,False,False,generation-viii,https://pokeapi.co/api/v2/generation/8/,185
1123,True,stonjourner,https://pokeapi.co/api/v2/pokemon/874/,874,stonjourner,False,False,False,False,generation-viii,https://pokeapi.co/api/v2/generation/8/,470
1124,True,eiscue-ice,https://pokeapi.co/api/v2/pokemon/875/,875,eiscue,False,False,False,False,generation-viii,https://pokeapi.co/api/v2/generation/8/,470
1125,False,eiscue-noice,https://pokeapi.co/api/v2/pokemon/10185/,875,eiscue,False,False,False,False,,,470
1126,True,indeedee-male,https://pokeapi.co/api/v2/pokemon/876/,876,indeedee,False,False,False,False,generation-viii,https://pokeapi.co/api/v2/generation/8/,475
1127,False,indeedee-female,https://pokeapi.co/api/v2/pokemon/10186/,876,indeedee,False,False,False,False,,,475
1128,True,morpeko-full-belly,https://pokeapi.co/api/v2/pokemon/877/,877,morpeko,False,False,False,False,generation-viii,https://pokeapi.co/api/v2/generation/8/,436
1129,False,morpeko-hangry,https://pokeapi.co/api/v2/pokemon/10187/,877,morpeko,False,False,False,False,,,436
1130,True,cufant,https://pokeapi.co/api/v2/pokemon/878/,878,cufant,False,False,False,False,generation-viii,https://pokeapi.co/api/v2/generation/8/,330
1131,True,dracozolt,https://pokeapi.co/api/v2/pokemon/880/,880,dracozolt,False,False,False,False,generation-viii,https://pokeapi.co/api/v2/generation/8/,505
1132,True,arctozolt,https://pokeapi.co/api/v2/pokemon/881/,881,arctozolt,False,False,False,False,generation-viii,https://pokeapi.co/api/v2/generation/8/,505
1133,True,dracovish,https://pokeapi.co/api/v2/pokemon/882/,882,dracovish,False,False,False,False,generation-viii,https://pokeapi.co/api/v2/generation/8/,505
1134,True,arctovish,https://pokeapi.co/api/v2/pokemon/883/,883,arctovish,False,False,False,False,generation-viii,https://pokeapi.co/api/v2/generation/8/,505
1135,True,duraludon,https://pokeapi.co/api/v2/pokemon/884/,884,duraludon,False,False,False,False,generation-viii,https://pokeapi.co/api/v2/generation/8/,535
1136,False,duraludon-gmax,https://pokeapi.co/api/v2/pokemon/10225/,884,duraludon,False,False,False,False,,,535
1137,True,dreepy,https://pokeapi.co/api/v2/pokemon/885/,885,dreepy,False,False,False,False,generation-viii,https://pokeapi.co/api/v2/generation/8/,270
1138,True,zacian,https://pokeapi.co/api/v2/pokemon/888/,888,zacian,False,True,False,False,generation-viii,https://pokeapi.co/api/v2/generation/8/,660
1139,False,zacian-crowned,https://pokeapi.co/api/v2/pokemon/10188/,888,zacian,False,True,False,False,,,700
1140,True,zamazenta,https://pokeapi.co/api/v2/pokemon/889/,889,zamazenta,False,True,False,False,generation-viii,https://pokeapi.co/api/v2/generation/8/,660
1141,False,zamazenta-crowned,https://pokeapi.co/api/v2/pokemon/10189/,889,zamazenta,False,True,False,False,,,700
1142,True,eternatus,https://pokeapi.co/api/v2/pokemon/890/,890,eternatus,False,True,False,False,generation-viii,https://pokeapi.co/api/v2/generation/8/,690
1143,False,eternatus-eternamax,https://pokeapi.co/api/v2/pokemon/10190/,890,eternatus,False,True,False,False,,,1125
1144,True,kubfu,https://pokeapi.co/api/v2/pokemon/891/,891,kubfu,False,True,False,False,generation-viii,https://pokeapi.co/api/v2/generation/8/,385
1145,True,zarude,https://pokeapi.co/api/v2/pokemon/893/,893,zarude,False,False,True,False,generation-viii,https://pokeapi.co/api/v2/generation/8/,600
1146,False,zarude-dada,https://pokeapi.co/api/v2/pokemon/10192/,893,zarude,False,False,True,False,,,600
1147,True,regieleki,https://pokeapi.co/api/v2/pokemon/894/,894,regieleki,False,True,False,False,generation-viii,https://pokeapi.co/api/v2/generation/8/,580
1148,True,regidrago,https://pokeapi.co/api/v2/pokemon/895/,895,regidrago,False,True,False,False,generation-viii,https://pokeapi.co/api/v2/generation/8/,580
1149,True,glastrier,https://pokeapi.co/api/v2/pokemon/896/,896,glastrier,False,True,False,False,generation-viii,https://pokeapi.co/api/v2/generation/8/,580
1150,True,spectrier,https://pokeapi.co/api/v2/pokemon/897/,897,spectrier,False,True,False,False,generation-viii,https://pokeapi.co/api/v2/generation/8/,580
1151,True,calyrex,https://pokeapi.co/api/v2/pokemon/898/,898,calyrex,False,True,False,False,generation-viii,https://pokeapi.co/api/v2/generation/8/,500
1152,False,calyrex-ice,https://pokeapi.co/api/v2/pokemon/10193/,898,calyrex,False,True,False,False,,,680
1153,False,calyrex-shadow,https://pokeapi.co/api/v2/pokemon/10194/,898,calyrex,False,True,False,False,,,680
1154,True,enamorus-incarnate,https://pokeapi.co/api/v2/pokemon/905/,905,enamorus,False,True,False,True,generation-viii,https://pokeapi.co/api/v2/generation/8/,580
1155,False,enamorus-therian,https://pokeapi.co/api/v2/pokemon/10249/,905,enamorus,False,True,False,True,,,580
1156,True,sandaconda,https://pokeapi.co/api/v2/pokemon/844/,844,sandaconda,False,False,False,False,generation-viii,https://pokeapi.co/api/v2/generation/8/,510
1157,False,sandaconda-gmax,https://pokeapi.co/api/v2/pokemon/10218/,844,sandaconda,False,False,False,False,,,510
1158,True,barraskewda,https://pokeapi.co/api/v2/pokemon/847/,847,barraskewda,False,False,False,False,generation-viii,https://pokeapi.co/api/v2/generation/8/,490
1159,True,toxtricity-amped,https://pokeapi.co/api/v2/pokemon/849/,849,toxtricity,False,False,False,False,generation-viii,https://pokeapi.co/api/v2/generation/8/,502
1160,False,toxtricity-low-key,https://pokeapi.co/api/v2/pokemon/10184/,849,toxtricity,False,False,False,False,,,502
1161,False,toxtricity-amped-gmax,https://pokeapi.co/api/v2/pokemon/10219/,849,toxtricity,False,False,False,False,,,502
1162,False,toxtricity-low-key-gmax,https://pokeapi.co/api/v2/pokemon/10228/,849,toxtricity,False,False,False,False,,,502
1163,True,centiskorch,https://pokeapi.co/api/v2/pokemon/851/,851,centiskorch,False,False,False,False,generation-viii,https://pokeapi.co/api/v2/generation/8/,525
1164,False,centiskorch-gmax,https://pokeapi.co/api/v2/pokemon/10220/,851,centiskorch,False,False,False,False,,,525
1165,True,grapploct,https://pokeapi.co/api/v2/pokemon/853/,853,grapploct,False,False,False,False,generation-viii,https://pokeapi.co/api/v2/generation/8/,480
1166,True,polteageist,https://pokeapi.co/api/v2/pokemon/855/,855,polteageist,False,False,False,False,generation-viii,https://pokeapi.co/api/v2/generation/8/,508
1167,True,hattrem,https://pokeapi.co/api/v2/pokemon/857/,857,hattrem,False,False,False,False,generation-viii,https://pokeapi.co/api/v2/generation/8/,370
1168,True,hatterene,https://pokeapi.co/api/v2/pokemon/858/,858,hatterene,False,False,False,False,generation-viii,https://pokeapi.co/api/v2/generation/8/,510
1169,False,hatterene-gmax,https://pokeapi.co/api/v2/pokemon/10221/,858,hatterene,False,False,False,False,,,510
1170,True,morgrem,https://pokeapi.co/api/v2/pokemon/860/,860,morgrem,False,False,False,False,generation-viii,https://pokeapi.co/api/v2/generation/8/,370
1171,True,obstagoon,https://pokeapi.co/api/v2/pokemon/862/,862,obstagoon,False,False,False,False,generation-viii,https://pokeapi.co/api/v2/generation/8/,520
1172,True,perrserker,https://pokeapi.co/api/v2/pokemon/863/,863,perrserker,False,False,False,False,generation-viii,https://pokeapi.co/api/v2/generation/8/,440
1173,True,cursola,https://pokeapi.co/api/v2/pokemon/864/,864,cursola,False,False,False,False,generation-viii,https://pokeapi.co/api/v2/generation/8/,510
1174,True,sirfetchd,https://pokeapi.co/api/v2/pokemon/865/,865,sirfetchd,False,False,False,False,generation-viii,https://pokeapi.co/api/v2/generation/8/,507
1175,True,mr-rime,https://pokeapi.co/api/v2/pokemon/866/,866,mr-rime,False,False,False,False,generation-viii,https://pokeapi.co/api/v2/generation/8/,520
1176,True,runerigus,https://pokeapi.co/api/v2/pokemon/867/,867,runerigus,False,False,False,False,generation-viii,https://pokeapi.co/api/v2/generation/8/,483
1177,True,alcremie,https://pokeapi.co/api/v2/pokemon/869/,869,alcremie,False,False,False,False,generation-viii,https://pokeapi.co/api/v2/generation/8/,495
1178,False,alcremie-gmax,https://pokeapi.co/api/v2/pokemon/10223/,869,alcremie,False,False,False,False,,,495
1179,True,frosmoth,https://pokeapi.co/api/v2/pokemon/873/,873,frosmoth,False,False,False,False,generation-viii,https://pokeapi.co/api/v2/generation/8/,475
1180,True,copperajah,https://pokeapi.co/api/v2/pokemon/879/,879,copperajah,False,False,False,False,generation-viii,https://pokeapi.co/api/v2/generation/8/,500
1181,False,copperajah-gmax,https://pokeapi.co/api/v2/pokemon/10224/,879,copperajah,False,False,False,False,,,500
1182,True,drakloak,https://pokeapi.co/api/v2/pokemon/886/,886,drakloak,False,False,False,False,generation-viii,https://pokeapi.co/api/v2/generation/8/,410
1183,True,dragapult,https://pokeapi.co/api/v2/pokemon/887/,887,dragapult,False,False,False,False,generation-viii,https://pokeapi.co/api/v2/generation/8/,600
1184,True,urshifu-single-strike,https://pokeapi.co/api/v2/pokemon/892/,892,urshifu,False,True,False,False,generation-viii,https://pokeapi.co/api/v2/generation/8/,550
1185,False,urshifu-rapid-strike,https://pokeapi.co/api/v2/pokemon/10191/,892,urshifu,False,True,False,False,,,550
1186,False,urshifu-single-strike-gmax,https://pokeapi.co/api/v2/pokemon/10226/,892,urshifu,False,True,False,False,,,550
1187,False,urshifu-rapid-strike-gmax,https://pokeapi.co/api/v2/pokemon/10227/,892,urshifu,False,True,False,False,,,550
1188,True,wyrdeer,https://pokeapi.co/api/v2/pokemon/899/,899,wyrdeer,False,False,False,False,generation-viii,https://pokeapi.co/api/v2/generation/8/,525
1189,True,kleavor,https://pokeapi.co/api/v2/pokemon/900/,900,kleavor,False,False,False,False,generation-viii,https://pokeapi.co/api/v2/generation/8/,500
1190,True,basculegion-male,https://pokeapi.co/api/v2/pokemon/902/,902,basculegion,False,False,False,True,generation-viii,https://pokeapi.co/api/v2/generation/8/,530
1191,False,basculegion-female,https://pokeapi.co/api/v2/pokemon/10248/,902,basculegion,False,False,False,True,,,530
1192,True,sneasler,https://pokeapi.co/api/v2/pokemon/903/,903,sneasler,False,False,False,False,generation-viii,https://pokeapi.co/api/v2/generation/8/,510
1193,True,overqwil,https://pokeapi.co/api/v2/pokemon/904/,904,overqwil,False,False,False,False,generation-viii,https://pokeapi.co/api/v2/generation/8/,510
1194,True,orbeetle,https://pokeapi.co/api/v2/pokemon/826/,826,orbeetle,False,False,False,False,generation-viii,https://pokeapi.co/api/v2/generation/8/,505
1195,False,orbeetle-gmax,https://pokeapi.co/api/v2/pokemon/10213/,826,orbeetle,False,False,False,False,,,505
1196,True,appletun,https://pokeapi.co/api/v2/pokemon/842/,842,appletun,False,False,False,False,generation-viii,https://pokeapi.co/api/v2/generation/8/,485
1197,False,appletun-gmax,https://pokeapi.co/api/v2/pokemon/10217/,842,appletun,False,False,False,False,,,485
1198,True,grimmsnarl,https://pokeapi.co/api/v2/pokemon/861/,861,grimmsnarl,False,False,False,False,generation-viii,https://pokeapi.co/api/v2/generation/8/,510
1199,False,grimmsnarl-gmax,https://pokeapi.co/api/v2/pokemon/10222/,861,grimmsnarl,False,False,False,False,,,510
1200,True,ursaluna,https://pokeapi.co/api/v2/pokemon/901/,901,ursaluna,False,False,False,False,generation-viii,https://pokeapi.co/api/v2/generation/8/,550
1201,False,ursaluna-bloodmoon,https://pokeapi.co/api/v2/pokemon/10272/,901,ursaluna,False,False,False,False,,,555
1202,True,nymble,https://pokeapi.co/api/v2/pokemon/919/,919,nymble,False,False,False,False,generation-ix,https://pokeapi.co/api/v2/generation/9/,210
1203,True,sprigatito,https://pokeapi.co/api/v2/pokemon/906/,906,sprigatito,False,False,False,False,generation-ix,https://pokeapi.co/api/v2/generation/9/,310
1204,True,fuecoco,https://pokeapi.co/api/v2/pokemon/909/,909,fuecoco,False,False,False,False,generation-ix,https://pokeapi.co/api/v2/generation/9/,310
1205,True,quaxly,https://pokeapi.co/api/v2/pokemon/912/,912,quaxly,False,False,False,False,generation-ix,https://pokeapi.co/api/v2/generation/9/,310
1206,True,lechonk,https://pokeapi.co/api/v2/pokemon/915/,915,lechonk,False,False,False,False,generation-ix,https://pokeapi.co/api/v2/generation/9/,254
1207,True,tarountula,https://pokeapi.co/api/v2/pokemon/917/,917,tarountula,False,False,False,False,generation-ix,https://pokeapi.co/api/v2/generation/9/,210
1208,True,floragato,https://pokeapi.co/api/v2/pokemon/907/,907,floragato,False,False,False,False,generation-ix,https://pokeapi.co/api/v2/generation/9/,410
1209,True,meowscarada,https://pokeapi.co/api/v2/pokemon/908/,908,meowscarada,False,False,False,False,generation-ix,https://pokeapi.co/api/v2/generation/9/,530
1210,True,crocalor,https://pokeapi.co/api/v2/pokemon/910/,910,crocalor,False,False,False,False,generation-ix,https://pokeapi.co/api/v2/generation/9/,411
1211,True,skeledirge,https://pokeapi.co/api/v2/pokemon/911/,911,skeledirge,False,False,False,False,generation-ix,https://pokeapi.co/api/v2/generation/9/,530
1212,True,quaxwell,https://pokeapi.co/api/v2/pokemon/913/,913,quaxwell,False,False,False,False,generation-ix,https://pokeapi.co/api/v2/generation/9/,410
1213,True,quaquaval,https://pokeapi.co/api/v2/pokemon/914/,914,quaquaval,False,False,False,False,generation-ix,https://pokeapi.co/api/v2/generation/9/,530
1214,True,oinkologne-male,https://pokeapi.co/api/v2/pokemon/916/,916,oinkologne,False,False,False,False,generation-ix,https://pokeapi.co/api/v2/generation/9/,489
1215,False,oinkologne-female,https://pokeapi.co/api/v2/pokemon/10254/,916,oinkologne,False,False,False,False,,,489
1216,True,spidops,https://pokeapi.co/api/v2/pokemon/918/,918,spidops,False,False,False,False,generation-ix,https://pokeapi.co/api/v2/generation/9/,404
1217,True,pawmi,https://pokeapi.co/api/v2/pokemon/921/,921,pawmi,False,False,False,False,generation-ix,https://pokeapi.co/api/v2/generation/9/,240
1218,True,tandemaus,https://pokeapi.co/api/v2/pokemon/924/,924,tandemaus,False,False,False,False,generation-ix,https://pokeapi.co/api/v2/generation/9/,305
1219,True,fidough,https://pokeapi.co/api/v2/pokemon/926/,926,fidough,False,False,False,False,generation-ix,https://pokeapi.co/api/v2/generation/9/,312
1220,True,smoliv,https://pokeapi.co/api/v2/pokemon/928/,928,smoliv,False,False,False,False,generation-ix,https://pokeapi.co/api/v2/generation/9/,260
1221,True,squawkabilly-green-plumage,https://pokeapi.co/api/v2/pokemon/931/,931,squawkabilly,False,False,False,False,generation-ix,https://pokeapi.co/api/v2/generation/9/,417
1222,False,squawkabilly-blue-plumage,https://pokeapi.co/api/v2/pokemon/10260/,931,squawkabilly,False,False,False,False,,,417
1223,False,squawkabilly-yellow-plumage,https://pokeapi.co/api/v2/pokemon/10261/,931,squawkabilly,False,False,False,False,,,417
1224,False,squawkabilly-white-plumage,https://pokeapi.co/api/v2/pokemon/10262/,931,squawkabilly,False,False,False,False,,,417
1225,True,nacli,https://pokeapi.co/api/v2/pokemon/932/,932,nacli,False,False,False,False,generation-ix,https://pokeapi.co/api/v2/generation/9/,280
1226,True,charcadet,https://pokeapi.co/api/v2/pokemon/935/,935,charcadet,False,False,False,False,generation-ix,https://pokeapi.co/api/v2/generation/9/,255
1227,True,tadbulb,https://pokeapi.co/api/v2/pokemon/938/,938,tadbulb,False,False,False,False,generation-ix,https://pokeapi.co/api/v2/generation/9/,272
1228,True,wattrel,https://pokeapi.co/api/v2/pokemon/940/,940,wattrel,False,False,False,False,generation-ix,https://pokeapi.co/api/v2/generation/9/,280
1229,True,maschiff,https://pokeapi.co/api/v2/pokemon/942/,942,maschiff,False,False,False,False,generation-ix,https://pokeapi.co/api/v2/generation/9/,340
1230,True,shroodle,https://pokeapi.co/api/v2/pokemon/944/,944,shroodle,False,False,False,False,generation-ix,https://pokeapi.co/api/v2/generation/9/,290
1231,True,bramblin,https://pokeapi.co/api/v2/pokemon/946/,946,bramblin,False,False,False,False,generation-ix,https://pokeapi.co/api/v2/generation/9/,275
1232,True,toedscool,https://pokeapi.co/api/v2/pokemon/948/,948,toedscool,False,False,False,False,generation-ix,https://pokeapi.co/api/v2/generation/9/,335
1233,True,klawf,https://pokeapi.co/api/v2/pokemon/950/,950,klawf,False,False,False,False,generation-ix,https://pokeapi.co/api/v2/generation/9/,450
1234,True,capsakid,https://pokeapi.co/api/v2/pokemon/951/,951,capsakid,False,False,False,False,generation-ix,https://pokeapi.co/api/v2/generation/9/,304
1235,True,rellor,https://pokeapi.co/api/v2/pokemon/953/,953,rellor,False,False,False,False,generation-ix,https://pokeapi.co/api/v2/generation/9/,270
1236,True,flittle,https://pokeapi.co/api/v2/pokemon/955/,955,flittle,False,False,False,False,generation-ix,https://pokeapi.co/api/v2/generation/9/,255
1237,True,tinkatink,https://pokeapi.co/api/v2/pokemon/957/,957,tinkatink,False,False,False,False,generation-ix,https://pokeapi.co/api/v2/generation/9/,297
1238,True,wiglett,https://pokeapi.co/api/v2/pokemon/960/,960,wiglett,False,False,False,False,generation-ix,https://pokeapi.co/api/v2/generation/9/,245
1239,True,bombirdier,https://pokeapi.co/api/v2/pokemon/962/,962,bombirdier,False,False,False,False,generation-ix,https://pokeapi.co/api/v2/generation/9/,485
1240,True,finizen,https://pokeapi.co/api/v2/pokemon/963/,963,finizen,False,False,False,False,generation-ix,https://pokeapi.co/api/v2/generation/9/,315
1241,True,varoom,https://pokeapi.co/api/v2/pokemon/965/,965,varoom,False,False,False,False,generation-ix,https://pokeapi.co/api/v2/generation/9/,300
1242,True,cyclizar,https://pokeapi.co/api/v2/pokemon/967/,967,cyclizar,False,False,False,False,generation-ix,https://pokeapi.co/api/v2/generation/9/,501
1243,True,orthworm,https://pokeapi.co/api/v2/pokemon/968/,968,orthworm,False,False,False,False,generation-ix,https://pokeapi.co/api/v2/generation/9/,480
1244,True,glimmet,https://pokeapi.co/api/v2/pokemon/969/,969,glimmet,False,False,False,False,generation-ix,https://pokeapi.co/api/v2/generation/9/,350
1245,True,greavard,https://pokeapi.co/api/v2/pokemon/971/,971,greavard,False,False,False,False,generation-ix,https://pokeapi.co/api/v2/generation/9/,290
1246,True,flamigo,https://pokeapi.co/api/v2/pokemon/973/,973,flamigo,False,False,False,False,generation-ix,https://pokeapi.co/api/v2/generation/9/,500
1247,True,cetoddle,https://pokeapi.co/api/v2/pokemon/974/,974,cetoddle,False,False,False,False,generation-ix,https://pokeapi.co/api/v2/generation/9/,334
1248,True,veluza,https://pokeapi.co/api/v2/pokemon/976/,976,veluza,False,False,False,False,generation-ix,https://pokeapi.co/api/v2/generation/9/,478
1249,True,dondozo,https://pokeapi.co/api/v2/pokemon/977/,977,dondozo,False,False,False,False,generation-ix,https://pokeapi.co/api/v2/generation/9/,530
1250,True,tatsugiri-curly,https://pokeapi.co/api/v2/pokemon/978/,978,tatsugiri,False,False,False,False,generation-ix,https://pokeapi.co/api/v2/generation/9/,475
1251,False,tatsugiri-droopy,https://pokeapi.co/api/v2/pokemon/10258/,978,tatsugiri,False,False,False,False,,,475
1252,False,tatsugiri-stretchy,https://pokeapi.co/api/v2/pokemon/10259/,978,tatsugiri,False,False,False,False,,,475
1253,False,tatsugiri-curly-mega,https://pokeapi.co/api/v2/pokemon/10322/,978,tatsugiri,False,False,False,False,,,575
1254,False,tatsugiri-droopy-mega,https://pokeapi.co/api/v2/pokemon/10323/,978,tatsugiri,False,False,False,False,,,575
1255,False,tatsugiri-stretchy-mega,https://pokeapi.co/api/v2/pokemon/10324/,978,tatsugiri,False,False,False,False,,,575
1256,True,great-tusk,https://pokeapi.co/api/v2/pokemon/984/,984,great-tusk,False,False,False,False,generation-ix,https://pokeapi.co/api/v2/generation/9/,570
1257,True,scream-tail,https://pokeapi.co/api/v2/pokemon/985/,985,scream-tail,False,False,False,False,generation-ix,https://pokeapi.co/api/v2/generation/9/,570
1258,True,brute-bonnet,https://pokeapi.co/api/v2/pokemon/986/,986,brute-bonnet,False,False,False,False,generation-ix,https://pokeapi.co/api/v2/generation/9/,570
1259,True,flutter-mane,https://pokeapi.co/api/v2/pokemon/987/,987,flutter-mane,False,False,False,False,generation-ix,https://pokeapi.co/api/v2/generation/9/,570
1260,True,slither-wing,https://pokeapi.co/api/v2/pokemon/988/,988,slither-wing,False,False,False,False,generation-ix,https://pokeapi.co/api/v2/generation/9/,570
1261,True,sandy-shocks,https://pokeapi.co/api/v2/pokemon/989/,989,sandy-shocks,False,False,False,False,generation-ix,https://pokeapi.co/api/v2/generation/9/,570
1262,True,iron-treads,https://pokeapi.co/api/v2/pokemon/990/,990,iron-treads,False,False,False,False,generation-ix,https://pokeapi.co/api/v2/generation/9/,570
1263,True,iron-bundle,https://pokeapi.co/api/v2/pokemon/991/,991,iron-bundle,False,False,False,False,generation-ix,https://pokeapi.co/api/v2/generation/9/,570
1264,True,iron-hands,https://pokeapi.co/api/v2/pokemon/992/,992,iron-hands,False,False,False,False,generation-ix,https://pokeapi.co/api/v2/generation/9/,570
1265,True,iron-jugulis,https://pokeapi.co/api/v2/pokemon/993/,993,iron-jugulis,False,False,False,False,generation-ix,https://pokeapi.co/api/v2/generation/9/,570
1266,True,iron-moth,https://pokeapi.co/api/v2/pokemon/994/,994,iron-moth,False,False,False,False,generation-ix,https://pokeapi.co/api/v2/generation/9/,570
1267,True,iron-thorns,https://pokeapi.co/api/v2/pokemon/995/,995,iron-thorns,False,False,False,False,generation-ix,https://pokeapi.co/api/v2/generation/9/,570
1268,True,frigibax,https://pokeapi.co/api/v2/pokemon/996/,996,frigibax,False,False,False,False,generation-ix,https://pokeapi.co/api/v2/generation/9/,320
1269,True,pawmo,https://pokeapi.co/api/v2/pokemon/922/,922,pawmo,False,False,False,False,generation-ix,https://pokeapi.co/api/v2/generation/9/,350
1270,True,pawmot,https://pokeapi.co/api/v2/pokemon/923/,923,pawmot,False,False,False,False,generation-ix,https://pokeapi.co/api/v2/generation/9/,490
1271,True,maushold-family-of-four,https://pokeapi.co/api/v2/pokemon/925/,925,maushold,False,False,False,False,generation-ix,https://pokeapi.co/api/v2/generation/9/,470
1272,False,maushold-family-of-three,https://pokeapi.co/api/v2/pokemon/10257/,925,maushold,False,False,False,False,,,470
1273,True,dachsbun,https://pokeapi.co/api/v2/pokemon/927/,927,dachsbun,False,False,False,False,generation-ix,https://pokeapi.co/api/v2/generation/9/,477
1274,True,dolliv,https://pokeapi.co/api/v2/pokemon/929/,929,dolliv,False,False,False,False,generation-ix,https://pokeapi.co/api/v2/generation/9/,354
1275,True,naclstack,https://pokeapi.co/api/v2/pokemon/933/,933,naclstack,False,False,False,False,generation-ix,https://pokeapi.co/api/v2/generation/9/,355
1276,True,garganacl,https://pokeapi.co/api/v2/pokemon/934/,934,garganacl,False,False,False,False,generation-ix,https://pokeapi.co/api/v2/generation/9/,500
1277,True,armarouge,https://pokeapi.co/api/v2/pokemon/936/,936,armarouge,False,False,False,False,generation-ix,https://pokeapi.co/api/v2/generation/9/,525
1278,True,ceruledge,https://pokeapi.co/api/v2/pokemon/937/,937,ceruledge,False,False,False,False,generation-ix,https://pokeapi.co/api/v2/generation/9/,525
1279,True,bellibolt,https://pokeapi.co/api/v2/pokemon/939/,939,bellibolt,False,False,False,False,generation-ix,https://pokeapi.co/api/v2/generation/9/,495
1280,True,kilowattrel,https://pokeapi.co/api/v2/pokemon/941/,941,kilowattrel,False,False,False,False,generation-ix,https://pokeapi.co/api/v2/generation/9/,490
1281,True,mabosstiff,https://pokeapi.co/api/v2/pokemon/943/,943,mabosstiff,False,False,False,False,generation-ix,https://pokeapi.co/api/v2/generation/9/,505
1282,True,grafaiai,https://pokeapi.co/api/v2/pokemon/945/,945,grafaiai,False,False,False,False,generation-ix,https://pokeapi.co/api/v2/generation/9/,485
1283,True,brambleghast,https://pokeapi.co/api/v2/pokemon/947/,947,brambleghast,False,False,False,False,generation-ix,https://pokeapi.co/api/v2/generation/9/,480
1284,True,toedscruel,https://pokeapi.co/api/v2/pokemon/949/,949,toedscruel,False,False,False,False,generation-ix,https://pokeapi.co/api/v2/generation/9/,515
1285,True,scovillain,https://pokeapi.co/api/v2/pokemon/952/,952,scovillain,False,False,False,False,generation-ix,https://pokeapi.co/api/v2/generation/9/,486
1286,False,scovillain-mega,https://pokeapi.co/api/v2/pokemon/10320/,952,scovillain,False,False,False,False,,,586
1287,True,rabsca,https://pokeapi.co/api/v2/pokemon/954/,954,rabsca,False,False,False,False,generation-ix,https://pokeapi.co/api/v2/generation/9/,470
1288,True,espathra,https://pokeapi.co/api/v2/pokemon/956/,956,espathra,False,False,False,False,generation-ix,https://pokeapi.co/api/v2/generation/9/,481
1289,True,tinkatuff,https://pokeapi.co/api/v2/pokemon/958/,958,tinkatuff,False,False,False,False,generation-ix,https://pokeapi.co/api/v2/generation/9/,380
1290,True,tinkaton,https://pokeapi.co/api/v2/pokemon/959/,959,tinkaton,False,False,False,False,generation-ix,https://pokeapi.co/api/v2/generation/9/,506
1291,True,wugtrio,https://pokeapi.co/api/v2/pokemon/961/,961,wugtrio,False,False,False,False,generation-ix,https://pokeapi.co/api/v2/generation/9/,425
1292,True,palafin-zero,https://pokeapi.co/api/v2/pokemon/964/,964,palafin,False,False,False,False,generation-ix,https://pokeapi.co/api/v2/generation/9/,457
1293,False,palafin-hero,https://pokeapi.co/api/v2/pokemon/10256/,964,palafin,False,False,False,False,,,650
1294,True,glimmora,https://pokeapi.co/api/v2/pokemon/970/,970,glimmora,False,False,False,False,generation-ix,https://pokeapi.co/api/v2/generation/9/,525
1295,False,glimmora-mega,https://pokeapi.co/api/v2/pokemon/10321/,970,glimmora,False,False,False,False,,,625
1296,True,houndstone,https://pokeapi.co/api/v2/pokemon/972/,972,houndstone,False,False,False,False,generation-ix,https://pokeapi.co/api/v2/generation/9/,488
1297,True,cetitan,https://pokeapi.co/api/v2/pokemon/975/,975,cetitan,False,False,False,False,generation-ix,https://pokeapi.co/api/v2/generation/9/,521
1298,True,annihilape,https://pokeapi.co/api/v2/pokemon/979/,979,annihilape,False,False,False,False,generation-ix,https://pokeapi.co/api/v2/generation/9/,535
1299,True,clodsire,https://pokeapi.co/api/v2/pokemon/980/,980,clodsire,False,False,False,False,generation-ix,https://pokeapi.co/api/v2/generation/9/,430
1300,True,farigiraf,https://pokeapi.co/api/v2/pokemon/981/,981,farigiraf,False,False,False,False,generation-ix,https://pokeapi.co/api/v2/generation/9/,520
1301,True,dudunsparce-two-segment,https://pokeapi.co/api/v2/pokemon/982/,982,dudunsparce,False,False,False,False,generation-ix,https://pokeapi.co/api/v2/generation/9/,520
1302,False,dudunsparce-three-segment,https://pokeapi.co/api/v2/pokemon/10255/,982,dudunsparce,False,False,False,False,,,520
1303,True,kingambit,https://pokeapi.co/api/v2/pokemon/983/,983,kingambit,False,False,False,False,generation-ix,https://pokeapi.co/api/v2/generation/9/,550
1304,True,gimmighoul,https://pokeapi.co/api/v2/pokemon/999/,999,gimmighoul,False,False,False,False,generation-ix,https://pokeapi.co/api/v2/generation/9/,300
1305,False,gimmighoul-roaming,https://pokeapi.co/api/v2/pokemon/10263/,999,gimmighoul,False,False,False,False,,,300
1306,True,wo-chien,https://pokeapi.co/api/v2/pokemon/1001/,1001,wo-chien,False,True,False,False,generation-ix,https://pokeapi.co/api/v2/generation/9/,570
1307,True,chien-pao,https://pokeapi.co/api/v2/pokemon/1002/,1002,chien-pao,False,True,False,False,generation-ix,https://pokeapi.co/api/v2/generation/9/,570
1308,True,ting-lu,https://pokeapi.co/api/v2/pokemon/1003/,1003,ting-lu,False,True,False,False,generation-ix,https://pokeapi.co/api/v2/generation/9/,570
1309,True,chi-yu,https://pokeapi.co/api/v2/pokemon/1004/,1004,chi-yu,False,True,False,False,generation-ix,https://pokeapi.co/api/v2/generation/9/,570
1310,True,roaring-moon,https://pokeapi.co/api/v2/pokemon/1005/,1005,roaring-moon,False,False,False,False,generation-ix,https://pokeapi.co/api/v2/generation/9/,590
1311,True,iron-valiant,https://pokeapi.co/api/v2/pokemon/1006/,1006,iron-valiant,False,False,False,False,generation-ix,https://pokeapi.co/api/v2/generation/9/,590
1312,True,koraidon,https://pokeapi.co/api/v2/pokemon/1007/,1007,koraidon,False,True,False,False,generation-ix,https://pokeapi.co/api/v2/generation/9/,670
1313,False,koraidon-limited-build,https://pokeapi.co/api/v2/pokemon/10264/,1007,koraidon,False,True,False,False,,,670
1314,False,koraidon-sprinting-build,https://pokeapi.co/api/v2/pokemon/10265/,1007,koraidon,False,True,False,False,,,670
1315,False,koraidon-swimming-build,https://pokeapi.co/api/v2/pokemon/10266/,1007,koraidon,False,True,False,False,,,670
1316,False,koraidon-gliding-build,https://pokeapi.co/api/v2/pokemon/10267/,1007,koraidon,False,True,False,False,,,670
1317,True,miraidon,https://pokeapi.co/api/v2/pokemon/1008/,1008,miraidon,False,True,False,False,generation-ix,https://pokeapi.co/api/v2/generation/9/,670
1318,False,miraidon-low-power-mode,https://pokeapi.co/api/v2/pokemon/10268/,1008,miraidon,False,True,False,False,,,670
1319,False,miraidon-drive-mode,https://pokeapi.co/api/v2/pokemon/10269/,1008,miraidon,False,True,False,False,,,670
1320,False,miraidon-aquatic-mode,https://pokeapi.co/api/v2/pokemon/10270/,1008,miraidon,False,True,False,False,,,670
1321,False,miraidon-glide-mode,https://pokeapi.co/api/v2/pokemon/10271/,1008,miraidon,False,True,False,False,,,670
1322,True,walking-wake,https://pokeapi.co/api/v2/pokemon/1009/,1009,walking-wake,False,False,False,False,generation-ix,https://pokeapi.co/api/v2/generation/9/,590
1323,True,iron-leaves,https://pokeapi.co/api/v2/pokemon/1010/,1010,iron-leaves,False,False,False,False,generation-ix,https://pokeapi.co/api/v2/generation/9/,590
1324,True,poltchageist,https://pokeapi.co/api/v2/pokemon/1012/,1012,poltchageist,False,False,False,False,generation-ix,https://pokeapi.co/api/v2/generation/9/,308
1325,True,okidogi,https://pokeapi.co/api/v2/pokemon/1014/,1014,okidogi,False,True,False,False,generation-ix,https://pokeapi.co/api/v2/generation/9/,555
1326,True,munkidori,https://pokeapi.co/api/v2/pokemon/1015/,1015,munkidori,False,True,False,False,generation-ix,https://pokeapi.co/api/v2/generation/9/,555
1327,True,fezandipiti,https://pokeapi.co/api/v2/pokemon/1016/,1016,fezandipiti,False,True,False,False,generation-ix,https://pokeapi.co/api/v2/generation/9/,555
1328,True,ogerpon,https://pokeapi.co/api/v2/pokemon/1017/,1017,ogerpon,False,True,False,False,generation-ix,https://pokeapi.co/api/v2/generation/9/,550
1329,False,ogerpon-wellspring-mask,https://pokeapi.co/api/v2/pokemon/10273/,1017,ogerpon,False,True,False,False,,,550
1330,False,ogerpon-hearthflame-mask,https://pokeapi.co/api/v2/pokemon/10274/,1017,ogerpon,False,True,False,False,,,550
1331,False,ogerpon-cornerstone-mask,https://pokeapi.co/api/v2/pokemon/10275/,1017,ogerpon,False,True,False,False,,,550
1332,True,gouging-fire,https://pokeapi.co/api/v2/pokemon/1020/,1020,gouging-fire,False,False,False,False,generation-ix,https://pokeapi.co/api/v2/generation/9/,590
1333,True,raging-bolt,https://pokeapi.co/api/v2/pokemon/1021/,1021,raging-bolt,False,False,False,False,generation-ix,https://pokeapi.co/api/v2/generation/9/,590
1334,True,iron-boulder,https://pokeapi.co/api/v2/pokemon/1022/,1022,iron-boulder,False,False,False,False,generation-ix,https://pokeapi.co/api/v2/generation/9/,590
1335,True,iron-crown,https://pokeapi.co/api/v2/pokemon/1023/,1023,iron-crown,False,False,False,False,generation-ix,https://pokeapi.co/api/v2/generation/9/,590
1336,True,terapagos,https://pokeapi.co/api/v2/pokemon/1024/,1024,terapagos,False,True,False,False,generation-ix,https://pokeapi.co/api/v2/generation/9/,450
1337,False,terapagos-terastal,https://pokeapi.co/api/v2/pokemon/10276/,1024,terapagos,False,True,False,False,,,600
1338,False,terapagos-stellar,https://pokeapi.co/api/v2/pokemon/10277/,1024,terapagos,False,True,False,False,,,700
1339,True,pecharunt,https://pokeapi.co/api/v2/pokemon/1025/,1025,pecharunt,False,False,True,False,generation-ix,https://pokeapi.co/api/v2/generation/9/,600
1340,True,lokix,https://pokeapi.co/api/v2/pokemon/920/,920,lokix,False,False,False,False,generation-ix,https://pokeapi.co/api/v2/generation/9/,450
1341,True,arboliva,https://pokeapi.co/api/v2/pokemon/930/,930,arboliva,False,False,False,False,generation-ix,https://pokeapi.co/api/v2/generation/9/,510
1342,True,revavroom,https://pokeapi.co/api/v2/pokemon/966/,966,revavroom,False,False,False,False,generation-ix,https://pokeapi.co/api/v2/generation/9/,500
1343,True,arctibax,https://pokeapi.co/api/v2/pokemon/997/,997,arctibax,False,False,False,False,generation-ix,https://pokeapi.co/api/v2/generation/9/,423
1344,True,baxcalibur,https://pokeapi.co/api/v2/pokemon/998/,998,baxcalibur,False,False,False,False,generation-ix,https://pokeapi.co/api/v2/generation/9/,600
1345,False,baxcalibur-mega,https://pokeapi.co/api/v2/pokemon/10325/,998,baxcalibur,False,False,False,False,,,700
1346,True,gholdengo,https://pokeapi.co/api/v2/pokemon/1000/,1000,gholdengo,False,False,False,False,generation-ix,https://pokeapi.co/api/v2/generation/9/,550
1347,True,dipplin,https://pokeapi.co/api/v2/pokemon/1011/,1011,dipplin,False,False,False,False,generation-ix,https://pokeapi.co/api/v2/generation/9/,485
1348,True,sinistcha,https://pokeapi.co/api/v2/pokemon/1013/,1013,sinistcha,False,False,False,False,generation-ix,https://pokeapi.co/api/v2/generation/9/,508
1349,True,archaludon,https://pokeapi.co/api/v2/pokemon/1018/,1018,archaludon,False,False,False,False,generation-ix,https://pokeapi.co/api/v2/generation/9/,600
1350,True,hydrapple,https://pokeapi.co/api/v2/pokemon/1019/,1019,hydrapple,False,False,False,False,generation-ix,https://pokeapi.co/api/v2/generation/9/,540
