,is_default,pokemon_name,pokemon_url,id,name,is_baby,is_legendary,is_mythical,gen,gen_url
0,True,bulbasaur,https://pokeapi.co/api/v2/pokemon/1/,1,bulbasaur,False,False,False,generation-i,https://pokeapi.co/api/v2/generation/1/
1,True,charmander,https://pokeapi.co/api/v2/pokemon/4/,4,charmander,False,False,False,generation-i,https://pokeapi.co/api/v2/generation/1/
2,True,squirtle,https://pokeapi.co/api/v2/pokemon/7/,7,squirtle,False,False,False,generation-i,https://pokeapi.co/api/v2/generation/1/
3,True,caterpie,https://pokeapi.co/api/v2/pokemon/10/,10,caterpie,False,False,False,generation-i,https://pokeapi.co/api/v2/generation/1/
4,True,weedle,https://pokeapi.co/api/v2/pokemon/13/,13,weedle,False,False,False,generation-i,https://pokeapi.co/api/v2/generation/1/
5,True,pidgey,https://pokeapi.co/api/v2/pokemon/16/,16,pidgey,False,False,False,generation-i,https://pokeapi.co/api/v2/generation/1/
6,True,rattata,https://pokeapi.co/api/v2/pokemon/19/,19,rattata,False,False,False,generation-i,https://pokeapi.co/api/v2/generation/1/
7,False,rattata-alola,https://pokeapi.co/api/v2/pokemon/10091/,19,rattata,False,False,False,,
8,True,spearow,https://pokeapi.co/api/v2/pokemon/21/,21,spearow,False,False,False,generation-i,https://pokeapi.co/api/v2/generation/1/
9,True,ekans,https://pokeapi.co/api/v2/pokemon/23/,23,ekans,False,False,False,generation-i,https://pokeapi.co/api/v2/generation/1/
10,True,sandshrew,https://pokeapi.co/api/v2/pokemon/27/,27,sandshrew,False,False,False,generation-i,https://pokeapi.co/api/v2/generation/1/
11,False,sandshrew-alola,https://pokeapi.co/api/v2/pokemon/10101/,27,sandshrew,False,False,False,,
12,True,nidoran-f,https://pokeapi.co/api/v2/pokemon/29/,29,nidoran-f,False,False,False,generation-i,https://pokeapi.co/api/v2/generation/1/
13,True,nidoran-m,https://pokeapi.co/api/v2/pokemon/32/,32,nidoran-m,False,False,False,generation-i,https://pokeapi.co/api/v2/generation/1/
14,True,vulpix,https://pokeapi.co/api/v2/pokemon/37/,37,vulpix,False,False,False,generation-i,https://pokeapi.co/api/v2/generation/1/
15,False,vulpix-alola,https://pokeapi.co/api/v2/pokemon/10103/,37,vulpix,False,False,False,,
16,True,zubat,https://pokeapi.co/api/v2/pokemon/41/,41,zubat,False,False,False,generation-i,https://pokeapi.co/api/v2/generation/1/
17,True,oddish,https://pokeapi.co/api/v2/pokemon/43/,43,oddish,False,False,False,generation-i,https://pokeapi.co/api/v2/generation/1/
18,True,paras,https://pokeapi.co/api/v2/pokemon/46/,46,paras,False,False,False,generation-i,https://pokeapi.co/api/v2/generation/1/
19,True,venonat,https://pokeapi.co/api/v2/pokemon/48/,48,venonat,False,False,False,generation-i,https://pokeapi.co/api/v2/generation/1/
20,True,diglett,https://pokeapi.co/api/v2/pokemon/50/,50,diglett,False,False,False,generation-i,https://pokeapi.co/api/v2/generation/1/
21,False,diglett-alola,https://pokeapi.co/api/v2/pokemon/10105/,50,diglett,False,False,False,,
22,True,meowth,https://pokeapi.co/api/v2/pokemon/52/,52,meowth,False,False,False,generation-i,https://pokeapi.co/api/v2/generation/1/
23,False,meowth-alola,https://pokeapi.co/api/v2/pokemon/10107/,52,meowth,False,False,False,,
24,False,meowth-galar,https://pokeapi.co/api/v2/pokemon/10161/,52,meowth,False,False,False,,
25,False,meowth-gmax,https://pokeapi.co/api/v2/pokemon/10200/,52,meowth,False,False,False,,
26,True,psyduck,https://pokeapi.co/api/v2/pokemon/54/,54,psyduck,False,False,False,generation-i,https://pokeapi.co/api/v2/generation/1/
27,True,mankey,https://pokeapi.co/api/v2/pokemon/56/,56,mankey,False,False,False,generation-i,https://pokeapi.co/api/v2/generation/1/
28,True,growlithe,https://pokeapi.co/api/v2/pokemon/58/,58,growlithe,False,False,False,generation-i,https://pokeapi.co/api/v2/generation/1/
29,False,growlithe-hisui,https://pokeapi.co/api/v2/pokemon/10229/,58,growlithe,False,False,False,,
30,True,poliwag,https://pokeapi.co/api/v2/pokemon/60/,60,poliwag,False,False,False,generation-i,https://pokeapi.co/api/v2/generation/1/
31,True,abra,https://pokeapi.co/api/v2/pokemon/63/,63,abra,False,False,False,generation-i,https://pokeapi.co/api/v2/generation/1/
32,True,machop,https://pokeapi.co/api/v2/pokemon/66/,66,machop,False,False,False,generation-i,https://pokeapi.co/api/v2/generation/1/
33,True,bellsprout,https://pokeapi.co/api/v2/pokemon/69/,69,bellsprout,False,False,False,generation-i,https://pokeapi.co/api/v2/generation/1/
34,True,tentacool,https://pokeapi.co/api/v2/pokemon/72/,72,tentacool,False,False,False,generation-i,https://pokeapi.co/api/v2/generation/1/
35,True,geodude,https://pokeapi.co/api/v2/pokemon/74/,74,geodude,False,False,False,generation-i,https://pokeapi.co/api/v2/generation/1/
36,False,geodude-alola,https://pokeapi.co/api/v2/pokemon/10109/,74,geodude,False,False,False,,
37,True,venusaur,https://pokeapi.co/api/v2/pokemon/3/,3,venusaur,False,False,False,generation-i,https://pokeapi.co/api/v2/generation/1/
38,False,venusaur-mega,https://pokeapi.co/api/v2/pokemon/10033/,3,venusaur,False,False,False,,
39,False,venusaur-gmax,https://pokeapi.co/api/v2/pokemon/10195/,3,venusaur,False,False,False,,
40,True,charmeleon,https://pokeapi.co/api/v2/pokemon/5/,5,charmeleon,False,False,False,generation-i,https://pokeapi.co/api/v2/generation/1/
41,True,charizard,https://pokeapi.co/api/v2/pokemon/6/,6,charizard,False,False,False,generation-i,https://pokeapi.co/api/v2/generation/1/
42,False,charizard-mega-x,https://pokeapi.co/api/v2/pokemon/10034/,6,charizard,False,False,False,,
43,False,charizard-mega-y,https://pokeapi.co/api/v2/pokemon/10035/,6,charizard,False,False,False,,
44,False,charizard-gmax,https://pokeapi.co/api/v2/pokemon/10196/,6,charizard,False,False,False,,
45,True,wartortle,https://pokeapi.co/api/v2/pokemon/8/,8,wartortle,False,False,False,generation-i,https://pokeapi.co/api/v2/generation/1/
46,True,blastoise,https://pokeapi.co/api/v2/pokemon/9/,9,blastoise,False,False,False,generation-i,https://pokeapi.co/api/v2/generation/1/
47,False,blastoise-mega,https://pokeapi.co/api/v2/pokemon/10036/,9,blastoise,False,False,False,,
48,False,blastoise-gmax,https://pokeapi.co/api/v2/pokemon/10197/,9,blastoise,False,False,False,,
49,True,metapod,https://pokeapi.co/api/v2/pokemon/11/,11,metapod,False,False,False,generation-i,https://pokeapi.co/api/v2/generation/1/
50,True,butterfree,https://pokeapi.co/api/v2/pokemon/12/,12,butterfree,False,False,False,generation-i,https://pokeapi.co/api/v2/generation/1/
51,False,butterfree-gmax,https://pokeapi.co/api/v2/pokemon/10198/,12,butterfree,False,False,False,,
52,True,kakuna,https://pokeapi.co/api/v2/pokemon/14/,14,kakuna,False,False,False,generation-i,https://pokeapi.co/api/v2/generation/1/
53,True,beedrill,https://pokeapi.co/api/v2/pokemon/15/,15,beedrill,False,False,False,generation-i,https://pokeapi.co/api/v2/generation/1/
54,False,beedrill-mega,https://pokeapi.co/api/v2/pokemon/10090/,15,beedrill,False,False,False,,
55,True,pidgeotto,https://pokeapi.co/api/v2/pokemon/17/,17,pidgeotto,False,False,False,generation-i,https://pokeapi.co/api/v2/generation/1/
56,True,pidgeot,https://pokeapi.co/api/v2/pokemon/18/,18,pidgeot,False,False,False,generation-i,https://pokeapi.co/api/v2/generation/1/
57,False,pidgeot-mega,https://pokeapi.co/api/v2/pokemon/10073/,18,pidgeot,False,False,False,,
58,True,raticate,https://pokeapi.co/api/v2/pokemon/20/,20,raticate,False,False,False,generation-i,https://pokeapi.co/api/v2/generation/1/
59,False,raticate-alola,https://pokeapi.co/api/v2/pokemon/10092/,20,raticate,False,False,False,,
60,False,raticate-totem-alola,https://pokeapi.co/api/v2/pokemon/10093/,20,raticate,False,False,False,,
61,True,fearow,https://pokeapi.co/api/v2/pokemon/22/,22,fearow,False,False,False,generation-i,https://pokeapi.co/api/v2/generation/1/
62,True,arbok,https://pokeapi.co/api/v2/pokemon/24/,24,arbok,False,False,False,generation-i,https://pokeapi.co/api/v2/generation/1/
63,True,pikachu,https://pokeapi.co/api/v2/pokemon/25/,25,pikachu,False,False,False,generation-i,https://pokeapi.co/api/v2/generation/1/
64,False,pikachu-rock-star,https://pokeapi.co/api/v2/pokemon/10080/,25,pikachu,False,False,False,,
65,False,pikachu-belle,https://pokeapi.co/api/v2/pokemon/10081/,25,pikachu,False,False,False,,
66,False,pikachu-pop-star,https://pokeapi.co/api/v2/pokemon/10082/,25,pikachu,False,False,False,,
67,False,pikachu-phd,https://pokeapi.co/api/v2/pokemon/10083/,25,pikachu,False,False,False,,
68,False,pikachu-libre,https://pokeapi.co/api/v2/pokemon/10084/,25,pikachu,False,False,False,,
69,False,pikachu-cosplay,https://pokeapi.co/api/v2/pokemon/10085/,25,pikachu,False,False,False,,
70,False,pikachu-original-cap,https://pokeapi.co/api/v2/pokemon/10094/,25,pikachu,False,False,False,,
71,False,pikachu-hoenn-cap,https://pokeapi.co/api/v2/pokemon/10095/,25,pikachu,False,False,False,,
72,False,pikachu-sinnoh-cap,https://pokeapi.co/api/v2/pokemon/10096/,25,pikachu,False,False,False,,
73,False,pikachu-unova-cap,https://pokeapi.co/api/v2/pokemon/10097/,25,pikachu,False,False,False,,
74,False,pikachu-kalos-cap,https://pokeapi.co/api/v2/pokemon/10098/,25,pikachu,False,False,False,,
75,False,pikachu-alola-cap,https://pokeapi.co/api/v2/pokemon/10099/,25,pikachu,False,False,False,,
76,False,pikachu-partner-cap,https://pokeapi.co/api/v2/pokemon/10148/,25,pikachu,False,False,False,,
77,False,pikachu-starter,https://pokeapi.co/api/v2/pokemon/10158/,25,pikachu,False,False,False,,
78,False,pikachu-world-cap,https://pokeapi.co/api/v2/pokemon/10160/,25,pikachu,False,False,False,,
79,False,pikachu-gmax,https://pokeapi.co/api/v2/pokemon/10199/,25,pikachu,False,False,False,,
80,True,raichu,https://pokeapi.co/api/v2/pokemon/26/,26,raichu,False,False,False,generation-i,https://pokeapi.co/api/v2/generation/1/
81,False,raichu-alola,https://pokeapi.co/api/v2/pokemon/10100/,26,raichu,False,False,False,,
82,False,raichu-mega-x,https://pokeapi.co/api/v2/pokemon/10304/,26,raichu,False,False,False,,
83,False,raichu-mega-y,https://pokeapi.co/api/v2/pokemon/10305/,26,raichu,False,False,False,,
84,True,sandslash,https://pokeapi.co/api/v2/pokemon/28/,28,sandslash,False,False,False,generation-i,https://pokeapi.co/api/v2/generation/1/
85,False,sandslash-alola,https://pokeapi.co/api/v2/pokemon/10102/,28,sandslash,False,False,False,,
86,True,nidorina,https://pokeapi.co/api/v2/pokemon/30/,30,nidorina,False,False,False,generation-i,https://pokeapi.co/api/v2/generation/1/
87,True,nidoqueen,https://pokeapi.co/api/v2/pokemon/31/,31,nidoqueen,False,False,False,generation-i,https://pokeapi.co/api/v2/generation/1/
88,True,nidorino,https://pokeapi.co/api/v2/pokemon/33/,33,nidorino,False,False,False,generation-i,https://pokeapi.co/api/v2/generation/1/
89,True,nidoking,https://pokeapi.co/api/v2/pokemon/34/,34,nidoking,False,False,False,generation-i,https://pokeapi.co/api/v2/generation/1/
90,True,clefairy,https://pokeapi.co/api/v2/pokemon/35/,35,clefairy,False,False,False,generation-i,https://pokeapi.co/api/v2/generation/1/
91,True,clefable,https://pokeapi.co/api/v2/pokemon/36/,36,clefable,False,False,False,generation-i,https://pokeapi.co/api/v2/generation/1/
92,False,clefable-mega,https://pokeapi.co/api/v2/pokemon/10278/,36,clefable,False,False,False,,
93,True,ninetales,https://pokeapi.co/api/v2/pokemon/38/,38,ninetales,False,False,False,generation-i,https://pokeapi.co/api/v2/generation/1/
94,False,ninetales-alola,https://pokeapi.co/api/v2/pokemon/10104/,38,ninetales,False,False,False,,
95,True,jigglypuff,https://pokeapi.co/api/v2/pokemon/39/,39,jigglypuff,False,False,False,generation-i,https://pokeapi.co/api/v2/generation/1/
96,True,wigglytuff,https://pokeapi.co/api/v2/pokemon/40/,40,wigglytuff,False,False,False,generation-i,https://pokeapi.co/api/v2/generation/1/
97,True,golbat,https://pokeapi.co/api/v2/pokemon/42/,42,golbat,False,False,False,generation-i,https://pokeapi.co/api/v2/generation/1/
98,True,gloom,https://pokeapi.co/api/v2/pokemon/44/,44,gloom,False,False,False,generation-i,https://pokeapi.co/api/v2/generation/1/
99,True,vileplume,https://pokeapi.co/api/v2/pokemon/45/,45,vileplume,False,False,False,generation-i,https://pokeapi.co/api/v2/generation/1/
100,True,parasect,https://pokeapi.co/api/v2/pokemon/47/,47,parasect,False,False,False,generation-i,https://pokeapi.co/api/v2/generation/1/
101,True,venomoth,https://pokeapi.co/api/v2/pokemon/49/,49,venomoth,False,False,False,generation-i,https://pokeapi.co/api/v2/generation/1/
102,True,dugtrio,https://pokeapi.co/api/v2/pokemon/51/,51,dugtrio,False,False,False,generation-i,https://pokeapi.co/api/v2/generation/1/
103,False,dugtrio-alola,https://pokeapi.co/api/v2/pokemon/10106/,51,dugtrio,False,False,False,,
104,True,persian,https://pokeapi.co/api/v2/pokemon/53/,53,persian,False,False,False,generation-i,https://pokeapi.co/api/v2/generation/1/
105,False,persian-alola,https://pokeapi.co/api/v2/pokemon/10108/,53,persian,False,False,False,,
106,True,golduck,https://pokeapi.co/api/v2/pokemon/55/,55,golduck,False,False,False,generation-i,https://pokeapi.co/api/v2/generation/1/
107,True,primeape,https://pokeapi.co/api/v2/pokemon/57/,57,primeape,False,False,False,generation-i,https://pokeapi.co/api/v2/generation/1/
108,True,arcanine,https://pokeapi.co/api/v2/pokemon/59/,59,arcanine,False,False,False,generation-i,https://pokeapi.co/api/v2/generation/1/
109,False,arcanine-hisui,https://pokeapi.co/api/v2/pokemon/10230/,59,arcanine,False,False,False,,
110,True,poliwhirl,https://pokeapi.co/api/v2/pokemon/61/,61,poliwhirl,False,False,False,generation-i,https://pokeapi.co/api/v2/generation/1/
111,True,poliwrath,https://pokeapi.co/api/v2/pokemon/62/,62,poliwrath,False,False,False,generation-i,https://pokeapi.co/api/v2/generation/1/
112,True,kadabra,https://pokeapi.co/api/v2/pokemon/64/,64,kadabra,False,False,False,generation-i,https://pokeapi.co/api/v2/generation/1/
113,True,alakazam,https://pokeapi.co/api/v2/pokemon/65/,65,alakazam,False,False,False,generation-i,https://pokeapi.co/api/v2/generation/1/
114,False,alakazam-mega,https://pokeapi.co/api/v2/pokemon/10037/,65,alakazam,False,False,False,,
115,True,machoke,https://pokeapi.co/api/v2/pokemon/67/,67,machoke,False,False,False,generation-i,https://pokeapi.co/api/v2/generation/1/
116,True,machamp,https://pokeapi.co/api/v2/pokemon/68/,68,machamp,False,False,False,generation-i,https://pokeapi.co/api/v2/generation/1/
117,False,machamp-gmax,https://pokeapi.co/api/v2/pokemon/10201/,68,machamp,False,False,False,,
118,True,weepinbell,https://pokeapi.co/api/v2/pokemon/70/,70,weepinbell,False,False,False,generation-i,https://pokeapi.co/api/v2/generation/1/
119,True,victreebel,https://pokeapi.co/api/v2/pokemon/71/,71,victreebel,False,False,False,generation-i,https://pokeapi.co/api/v2/generation/1/
120,False,victreebel-mega,https://pokeapi.co/api/v2/pokemon/10279/,71,victreebel,False,False,False,,
121,True,tentacruel,https://pokeapi.co/api/v2/pokemon/73/,73,tentacruel,False,False,False,generation-i,https://pokeapi.co/api/v2/generation/1/
122,True,graveler,https://pokeapi.co/api/v2/pokemon/75/,75,graveler,False,False,False,generation-i,https://pokeapi.co/api/v2/generation/1/
123,False,graveler-alola,https://pokeapi.co/api/v2/pokemon/10110/,75,graveler,False,False,False,,
124,True,ponyta,https://pokeapi.co/api/v2/pokemon/77/,77,ponyta,False,False,False,generation-i,https://pokeapi.co/api/v2/generation/1/
125,False,ponyta-galar,https://pokeapi.co/api/v2/pokemon/10162/,77,ponyta,False,False,False,,
126,True,slowpoke,https://pokeapi.co/api/v2/pokemon/79/,79,slowpoke,False,False,False,generation-i,https://pokeapi.co/api/v2/generation/1/
127,False,slowpoke-galar,https://pokeapi.co/api/v2/pokemon/10164/,79,slowpoke,False,False,False,,
128,True,magnemite,https://pokeapi.co/api/v2/pokemon/81/,81,magnemite,False,False,False,generation-i,https://pokeapi.co/api/v2/generation/1/
129,True,farfetchd,https://pokeapi.co/api/v2/pokemon/83/,83,farfetchd,False,False,False,generation-i,https://pokeapi.co/api/v2/generation/1/
130,False,farfetchd-galar,https://pokeapi.co/api/v2/pokemon/10166/,83,farfetchd,False,False,False,,
131,True,doduo,https://pokeapi.co/api/v2/pokemon/84/,84,doduo,False,False,False,generation-i,https://pokeapi.co/api/v2/generation/1/
132,True,seel,https://pokeapi.co/api/v2/pokemon/86/,86,seel,False,False,False,generation-i,https://pokeapi.co/api/v2/generation/1/
133,True,grimer,https://pokeapi.co/api/v2/pokemon/88/,88,grimer,False,False,False,generation-i,https://pokeapi.co/api/v2/generation/1/
134,False,grimer-alola,https://pokeapi.co/api/v2/pokemon/10112/,88,grimer,False,False,False,,
135,True,shellder,https://pokeapi.co/api/v2/pokemon/90/,90,shellder,False,False,False,generation-i,https://pokeapi.co/api/v2/generation/1/
136,True,gastly,https://pokeapi.co/api/v2/pokemon/92/,92,gastly,False,False,False,generation-i,https://pokeapi.co/api/v2/generation/1/
137,True,onix,https://pokeapi.co/api/v2/pokemon/95/,95,onix,False,False,False,generation-i,https://pokeapi.co/api/v2/generation/1/
138,True,drowzee,https://pokeapi.co/api/v2/pokemon/96/,96,drowzee,False,False,False,generation-i,https://pokeapi.co/api/v2/generation/1/
139,True,krabby,https://pokeapi.co/api/v2/pokemon/98/,98,krabby,False,False,False,generation-i,https://pokeapi.co/api/v2/generation/1/
140,True,voltorb,https://pokeapi.co/api/v2/pokemon/100/,100,voltorb,False,False,False,generation-i,https://pokeapi.co/api/v2/generation/1/
141,False,voltorb-hisui,https://pokeapi.co/api/v2/pokemon/10231/,100,voltorb,False,False,False,,
142,True,exeggcute,https://pokeapi.co/api/v2/pokemon/102/,102,exeggcute,False,False,False,generation-i,https://pokeapi.co/api/v2/generation/1/
143,True,cubone,https://pokeapi.co/api/v2/pokemon/104/,104,cubone,False,False,False,generation-i,https://pokeapi.co/api/v2/generation/1/
144,True,lickitung,https://pokeapi.co/api/v2/pokemon/108/,108,lickitung,False,False,False,generation-i,https://pokeapi.co/api/v2/generation/1/
145,True,koffing,https://pokeapi.co/api/v2/pokemon/109/,109,koffing,False,False,False,generation-i,https://pokeapi.co/api/v2/generation/1/
146,True,rhyhorn,https://pokeapi.co/api/v2/pokemon/111/,111,rhyhorn,False,False,False,generation-i,https://pokeapi.co/api/v2/generation/1/
147,True,tangela,https://pokeapi.co/api/v2/pokemon/114/,114,tangela,False,False,False,generation-i,https://pokeapi.co/api/v2/generation/1/
148,True,kangaskhan,https://pokeapi.co/api/v2/pokemon/115/,115,kangaskhan,False,False,False,generation-i,https://pokeapi.co/api/v2/generation/1/
149,False,kangaskhan-mega,https://pokeapi.co/api/v2/pokemon/10039/,115,kangaskhan,False,False,False,,
150,True,horsea,https://pokeapi.co/api/v2/pokemon/116/,116,horsea,False,False,False,generation-i,https://pokeapi.co/api/v2/generation/1/
151,True,goldeen,https://pokeapi.co/api/v2/pokemon/118/,118,goldeen,False,False,False,generation-i,https://pokeapi.co/api/v2/generation/1/
152,True,staryu,https://pokeapi.co/api/v2/pokemon/120/,120,staryu,False,False,False,generation-i,https://pokeapi.co/api/v2/generation/1/
153,True,scyther,https://pokeapi.co/api/v2/pokemon/123/,123,scyther,False,False,False,generation-i,https://pokeapi.co/api/v2/generation/1/
154,True,pinsir,https://pokeapi.co/api/v2/pokemon/127/,127,pinsir,False,False,False,generation-i,https://pokeapi.co/api/v2/generation/1/
155,False,pinsir-mega,https://pokeapi.co/api/v2/pokemon/10040/,127,pinsir,False,False,False,,
156,True,tauros,https://pokeapi.co/api/v2/pokemon/128/,128,tauros,False,False,False,generation-i,https://pokeapi.co/api/v2/generation/1/
157,False,tauros-paldea-combat-breed,https://pokeapi.co/api/v2/pokemon/10250/,128,tauros,False,False,False,,
158,False,tauros-paldea-blaze-breed,https://pokeapi.co/api/v2/pokemon/10251/,128,tauros,False,False,False,,
159,False,tauros-paldea-aqua-breed,https://pokeapi.co/api/v2/pokemon/10252/,128,tauros,False,False,False,,
160,True,magikarp,https://pokeapi.co/api/v2/pokemon/129/,129,magikarp,False,False,False,generation-i,https://pokeapi.co/api/v2/generation/1/
161,True,lapras,https://pokeapi.co/api/v2/pokemon/131/,131,lapras,False,False,False,generation-i,https://pokeapi.co/api/v2/generation/1/
162,False,lapras-gmax,https://pokeapi.co/api/v2/pokemon/10204/,131,lapras,False,False,False,,
163,True,ditto,https://pokeapi.co/api/v2/pokemon/132/,132,ditto,False,False,False,generation-i,https://pokeapi.co/api/v2/generation/1/
164,True,eevee,https://pokeapi.co/api/v2/pokemon/133/,133,eevee,False,False,False,generation-i,https://pokeapi.co/api/v2/generation/1/
165,False,eevee-starter,https://pokeapi.co/api/v2/pokemon/10159/,133,eevee,False,False,False,,
166,False,eevee-gmax,https://pokeapi.co/api/v2/pokemon/10205/,133,eevee,False,False,False,,
167,True,porygon,https://pokeapi.co/api/v2/pokemon/137/,137,porygon,False,False,False,generation-i,https://pokeapi.co/api/v2/generation/1/
168,True,omanyte,https://pokeapi.co/api/v2/pokemon/138/,138,omanyte,False,False,False,generation-i,https://pokeapi.co/api/v2/generation/1/
169,True,kabuto,https://pokeapi.co/api/v2/pokemon/140/,140,kabuto,False,False,False,generation-i,https://pokeapi.co/api/v2/generation/1/
170,True,aerodactyl,https://pokeapi.co/api/v2/pokemon/142/,142,aerodactyl,False,False,False,generation-i,https://pokeapi.co/api/v2/generation/1/
171,False,aerodactyl-mega,https://pokeapi.co/api/v2/pokemon/10042/,142,aerodactyl,False,False,False,,
172,True,articuno,https://pokeapi.co/api/v2/pokemon/144/,144,articuno,False,True,False,generation-i,https://pokeapi.co/api/v2/generation/1/
173,False,articuno-galar,https://pokeapi.co/api/v2/pokemon/10169/,144,articuno,False,True,False,,
174,True,zapdos,https://pokeapi.co/api/v2/pokemon/145/,145,zapdos,False,True,False,generation-i,https://pokeapi.co/api/v2/generation/1/
175,False,zapdos-galar,https://pokeapi.co/api/v2/pokemon/10170/,145,zapdos,False,True,False,,
176,True,moltres,https://pokeapi.co/api/v2/pokemon/146/,146,moltres,False,True,False,generation-i,https://pokeapi.co/api/v2/generation/1/
177,False,moltres-galar,https://pokeapi.co/api/v2/pokemon/10171/,146,moltres,False,True,False,,
178,True,dratini,https://pokeapi.co/api/v2/pokemon/147/,147,dratini,False,False,False,generation-i,https://pokeapi.co/api/v2/generation/1/
179,True,mewtwo,https://pokeapi.co/api/v2/pokemon/150/,150,mewtwo,False,True,False,generation-i,https://pokeapi.co/api/v2/generation/1/
180,False,mewtwo-mega-x,https://pokeapi.co/api/v2/pokemon/10043/,150,mewtwo,False,True,False,,
181,False,mewtwo-mega-y,https://pokeapi.co/api/v2/pokemon/10044/,150,mewtwo,False,True,False,,
182,True,rapidash,https://pokeapi.co/api/v2/pokemon/78/,78,rapidash,False,False,False,generation-i,https://pokeapi.co/api/v2/generation/1/
183,False,rapidash-galar,https://pokeapi.co/api/v2/pokemon/10163/,78,rapidash,False,False,False,,
184,True,slowbro,https://pokeapi.co/api/v2/pokemon/80/,80,slowbro,False,False,False,generation-i,https://pokeapi.co/api/v2/generation/1/
185,False,slowbro-mega,https://pokeapi.co/api/v2/pokemon/10071/,80,slowbro,False,False,False,,
186,False,slowbro-galar,https://pokeapi.co/api/v2/pokemon/10165/,80,slowbro,False,False,False,,
187,True,magneton,https://pokeapi.co/api/v2/pokemon/82/,82,magneton,False,False,False,generation-i,https://pokeapi.co/api/v2/generation/1/
188,True,dodrio,https://pokeapi.co/api/v2/pokemon/85/,85,dodrio,False,False,False,generation-i,https://pokeapi.co/api/v2/generation/1/
189,True,dewgong,https://pokeapi.co/api/v2/pokemon/87/,87,dewgong,False,False,False,generation-i,https://pokeapi.co/api/v2/generation/1/
190,True,muk,https://pokeapi.co/api/v2/pokemon/89/,89,muk,False,False,False,generation-i,https://pokeapi.co/api/v2/generation/1/
191,False,muk-alola,https://pokeapi.co/api/v2/pokemon/10113/,89,muk,False,False,False,,
192,True,cloyster,https://pokeapi.co/api/v2/pokemon/91/,91,cloyster,False,False,False,generation-i,https://pokeapi.co/api/v2/generation/1/
193,True,haunter,https://pokeapi.co/api/v2/pokemon/93/,93,haunter,False,False,False,generation-i,https://pokeapi.co/api/v2/generation/1/
194,True,gengar,https://pokeapi.co/api/v2/pokemon/94/,94,gengar,False,False,False,generation-i,https://pokeapi.co/api/v2/generation/1/
195,False,gengar-mega,https://pokeapi.co/api/v2/pokemon/10038/,94,gengar,False,False,False,,
196,False,gengar-gmax,https://pokeapi.co/api/v2/pokemon/10202/,94,gengar,False,False,False,,
197,True,hypno,https://pokeapi.co/api/v2/pokemon/97/,97,hypno,False,False,False,generation-i,https://pokeapi.co/api/v2/generation/1/
198,True,kingler,https://pokeapi.co/api/v2/pokemon/99/,99,kingler,False,False,False,generation-i,https://pokeapi.co/api/v2/generation/1/
199,False,kingler-gmax,https://pokeapi.co/api/v2/pokemon/10203/,99,kingler,False,False,False,,
200,True,electrode,https://pokeapi.co/api/v2/pokemon/101/,101,electrode,False,False,False,generation-i,https://pokeapi.co/api/v2/generation/1/
201,False,electrode-hisui,https://pokeapi.co/api/v2/pokemon/10232/,101,electrode,False,False,False,,
202,True,exeggutor,https://pokeapi.co/api/v2/pokemon/103/,103,exeggutor,False,False,False,generation-i,https://pokeapi.co/api/v2/generation/1/
203,False,exeggutor-alola,https://pokeapi.co/api/v2/pokemon/10114/,103,exeggutor,False,False,False,,
204,True,marowak,https://pokeapi.co/api/v2/pokemon/105/,105,marowak,False,False,False,generation-i,https://pokeapi.co/api/v2/generation/1/
205,False,marowak-alola,https://pokeapi.co/api/v2/pokemon/10115/,105,marowak,False,False,False,,
206,False,marowak-totem,https://pokeapi.co/api/v2/pokemon/10149/,105,marowak,False,False,False,,
207,True,hitmonlee,https://pokeapi.co/api/v2/pokemon/106/,106,hitmonlee,False,False,False,generation-i,https://pokeapi.co/api/v2/generation/1/
208,True,hitmonchan,https://pokeapi.co/api/v2/pokemon/107/,107,hitmonchan,False,False,False,generation-i,https://pokeapi.co/api/v2/generation/1/
209,True,weezing,https://pokeapi.co/api/v2/pokemon/110/,110,weezing,False,False,False,generation-i,https://pokeapi.co/api/v2/generation/1/
210,False,weezing-galar,https://pokeapi.co/api/v2/pokemon/10167/,110,weezing,False,False,False,,
211,True,rhydon,https://pokeapi.co/api/v2/pokemon/112/,112,rhydon,False,False,False,generation-i,https://pokeapi.co/api/v2/generation/1/
212,True,chansey,https://pokeapi.co/api/v2/pokemon/113/,113,chansey,False,False,False,generation-i,https://pokeapi.co/api/v2/generation/1/
213,True,seadra,https://pokeapi.co/api/v2/pokemon/117/,117,seadra,False,False,False,generation-i,https://pokeapi.co/api/v2/generation/1/
214,True,seaking,https://pokeapi.co/api/v2/pokemon/119/,119,seaking,False,False,False,generation-i,https://pokeapi.co/api/v2/generation/1/
215,True,starmie,https://pokeapi.co/api/v2/pokemon/121/,121,starmie,False,False,False,generation-i,https://pokeapi.co/api/v2/generation/1/
216,False,starmie-mega,https://pokeapi.co/api/v2/pokemon/10280/,121,starmie,False,False,False,,
217,True,mr-mime,https://pokeapi.co/api/v2/pokemon/122/,122,mr-mime,False,False,False,generation-i,https://pokeapi.co/api/v2/generation/1/
218,False,mr-mime-galar,https://pokeapi.co/api/v2/pokemon/10168/,122,mr-mime,False,False,False,,
219,True,jynx,https://pokeapi.co/api/v2/pokemon/124/,124,jynx,False,False,False,generation-i,https://pokeapi.co/api/v2/generation/1/
220,True,electabuzz,https://pokeapi.co/api/v2/pokemon/125/,125,electabuzz,False,False,False,generation-i,https://pokeapi.co/api/v2/generation/1/
221,True,magmar,https://pokeapi.co/api/v2/pokemon/126/,126,magmar,False,False,False,generation-i,https://pokeapi.co/api/v2/generation/1/
222,True,gyarados,https://pokeapi.co/api/v2/pokemon/130/,130,gyarados,False,False,False,generation-i,https://pokeapi.co/api/v2/generation/1/
223,False,gyarados-mega,https://pokeapi.co/api/v2/pokemon/10041/,130,gyarados,False,False,False,,
224,True,vaporeon,https://pokeapi.co/api/v2/pokemon/134/,134,vaporeon,False,False,False,generation-i,https://pokeapi.co/api/v2/generation/1/
225,True,jolteon,https://pokeapi.co/api/v2/pokemon/135/,135,jolteon,False,False,False,generation-i,https://pokeapi.co/api/v2/generation/1/
226,True,flareon,https://pokeapi.co/api/v2/pokemon/136/,136,flareon,False,False,False,generation-i,https://pokeapi.co/api/v2/generation/1/
227,True,omastar,https://pokeapi.co/api/v2/pokemon/139/,139,omastar,False,False,False,generation-i,https://pokeapi.co/api/v2/generation/1/
228,True,kabutops,https://pokeapi.co/api/v2/pokemon/141/,141,kabutops,False,False,False,generation-i,https://pokeapi.co/api/v2/generation/1/
229,True,snorlax,https://pokeapi.co/api/v2/pokemon/143/,143,snorlax,False,False,False,generation-i,https://pokeapi.co/api/v2/generation/1/
230,False,snorlax-gmax,https://pokeapi.co/api/v2/pokemon/10206/,143,snorlax,False,False,False,,
231,True,dragonair,https://pokeapi.co/api/v2/pokemon/148/,148,dragonair,False,False,False,generation-i,https://pokeapi.co/api/v2/generation/1/
232,True,dragonite,https://pokeapi.co/api/v2/pokemon/149/,149,dragonite,False,False,False,generation-i,https://pokeapi.co/api/v2/generation/1/
233,False,dragonite-mega,https://pokeapi.co/api/v2/pokemon/10281/,149,dragonite,False,False,False,,
234,True,mew,https://pokeapi.co/api/v2/pokemon/151/,151,mew,False,False,True,generation-i,https://pokeapi.co/api/v2/generation/1/
235,True,ivysaur,https://pokeapi.co/api/v2/pokemon/2/,2,ivysaur,False,False,False,generation-i,https://pokeapi.co/api/v2/generation/1/
236,True,golem,https://pokeapi.co/api/v2/pokemon/76/,76,golem,False,False,False,generation-i,https://pokeapi.co/api/v2/generation/1/
237,False,golem-alola,https://pokeapi.co/api/v2/pokemon/10111/,76,golem,False,False,False,,
238,True,sudowoodo,https://pokeapi.co/api/v2/pokemon/185/,185,sudowoodo,False,False,False,generation-ii,https://pokeapi.co/api/v2/generation/2/
239,True,chikorita,https://pokeapi.co/api/v2/pokemon/152/,152,chikorita,False,False,False,generation-ii,https://pokeapi.co/api/v2/generation/2/
240,True,xatu,https://pokeapi.co/api/v2/pokemon/178/,178,xatu,False,False,False,generation-ii,https://pokeapi.co/api/v2/generation/2/
241,True,flaaffy,https://pokeapi.co/api/v2/pokemon/180/,180,flaaffy,False,False,False,generation-ii,https://pokeapi.co/api/v2/generation/2/
242,True,cyndaquil,https://pokeapi.co/api/v2/pokemon/155/,155,cyndaquil,False,False,False,generation-ii,https://pokeapi.co/api/v2/generation/2/
243,True,ampharos,https://pokeapi.co/api/v2/pokemon/181/,181,ampharos,False,False,False,generation-ii,https://pokeapi.co/api/v2/generation/2/
244,False,ampharos-mega,https://pokeapi.co/api/v2/pokemon/10045/,181,ampharos,False,False,False,,
245,True,bellossom,https://pokeapi.co/api/v2/pokemon/182/,182,bellossom,False,False,False,generation-ii,https://pokeapi.co/api/v2/generation/2/
246,True,totodile,https://pokeapi.co/api/v2/pokemon/158/,158,totodile,False,False,False,generation-ii,https://pokeapi.co/api/v2/generation/2/
247,True,marill,https://pokeapi.co/api/v2/pokemon/183/,183,marill,False,False,False,generation-ii,https://pokeapi.co/api/v2/generation/2/
248,True,azumarill,https://pokeapi.co/api/v2/pokemon/184/,184,azumarill,False,False,False,generation-ii,https://pokeapi.co/api/v2/generation/2/
249,True,sentret,https://pokeapi.co/api/v2/pokemon/161/,161,sentret,False,False,False,generation-ii,https://pokeapi.co/api/v2/generation/2/
250,True,espeon,https://pokeapi.co/api/v2/pokemon/196/,196,espeon,False,False,False,generation-ii,https://pokeapi.co/api/v2/generation/2/
251,True,hoothoot,https://pokeapi.co/api/v2/pokemon/163/,163,hoothoot,False,False,False,generation-ii,https://pokeapi.co/api/v2/generation/2/
252,True,umbreon,https://pokeapi.co/api/v2/pokemon/197/,197,umbreon,False,False,False,generation-ii,https://pokeapi.co/api/v2/generation/2/
253,True,ledyba,https://pokeapi.co/api/v2/pokemon/165/,165,ledyba,False,False,False,generation-ii,https://pokeapi.co/api/v2/generation/2/
254,True,slowking,https://pokeapi.co/api/v2/pokemon/199/,199,slowking,False,False,False,generation-ii,https://pokeapi.co/api/v2/generation/2/
255,False,slowking-galar,https://pokeapi.co/api/v2/pokemon/10172/,199,slowking,False,False,False,,
256,True,spinarak,https://pokeapi.co/api/v2/pokemon/167/,167,spinarak,False,False,False,generation-ii,https://pokeapi.co/api/v2/generation/2/
257,True,wobbuffet,https://pokeapi.co/api/v2/pokemon/202/,202,wobbuffet,False,False,False,generation-ii,https://pokeapi.co/api/v2/generation/2/
258,True,forretress,https://pokeapi.co/api/v2/pokemon/205/,205,forretress,False,False,False,generation-ii,https://pokeapi.co/api/v2/generation/2/
259,True,chinchou,https://pokeapi.co/api/v2/pokemon/170/,170,chinchou,False,False,False,generation-ii,https://pokeapi.co/api/v2/generation/2/
260,True,steelix,https://pokeapi.co/api/v2/pokemon/208/,208,steelix,False,False,False,generation-ii,https://pokeapi.co/api/v2/generation/2/
261,False,steelix-mega,https://pokeapi.co/api/v2/pokemon/10072/,208,steelix,False,False,False,,
262,True,pichu,https://pokeapi.co/api/v2/pokemon/172/,172,pichu,True,False,False,generation-ii,https://pokeapi.co/api/v2/generation/2/
263,True,cleffa,https://pokeapi.co/api/v2/pokemon/173/,173,cleffa,True,False,False,generation-ii,https://pokeapi.co/api/v2/generation/2/
264,True,igglybuff,https://pokeapi.co/api/v2/pokemon/174/,174,igglybuff,True,False,False,generation-ii,https://pokeapi.co/api/v2/generation/2/
265,True,togepi,https://pokeapi.co/api/v2/pokemon/175/,175,togepi,True,False,False,generation-ii,https://pokeapi.co/api/v2/generation/2/
266,True,natu,https://pokeapi.co/api/v2/pokemon/177/,177,natu,False,False,False,generation-ii,https://pokeapi.co/api/v2/generation/2/
267,True,mareep,https://pokeapi.co/api/v2/pokemon/179/,179,mareep,False,False,False,generation-ii,https://pokeapi.co/api/v2/generation/2/
268,True,hoppip,https://pokeapi.co/api/v2/pokemon/187/,187,hoppip,False,False,False,generation-ii,https://pokeapi.co/api/v2/generation/2/
269,True,aipom,https://pokeapi.co/api/v2/pokemon/190/,190,aipom,False,False,False,generation-ii,https://pokeapi.co/api/v2/generation/2/
270,True,sunkern,https://pokeapi.co/api/v2/pokemon/191/,191,sunkern,False,False,False,generation-ii,https://pokeapi.co/api/v2/generation/2/
271,True,yanma,https://pokeapi.co/api/v2/pokemon/193/,193,yanma,False,False,False,generation-ii,https://pokeapi.co/api/v2/generation/2/
272,True,wooper,https://pokeapi.co/api/v2/pokemon/194/,194,wooper,False,False,False,generation-ii,https://pokeapi.co/api/v2/generation/2/
273,False,wooper-paldea,https://pokeapi.co/api/v2/pokemon/10253/,194,wooper,False,False,False,,
274,True,murkrow,https://pokeapi.co/api/v2/pokemon/198/,198,murkrow,False,False,False,generation-ii,https://pokeapi.co/api/v2/generation/2/
275,True,misdreavus,https://pokeapi.co/api/v2/pokemon/200/,200,misdreavus,False,False,False,generation-ii,https://pokeapi.co/api/v2/generation/2/
276,True,unown,https://pokeapi.co/api/v2/pokemon/201/,201,unown,False,False,False,generation-ii,https://pokeapi.co/api/v2/generation/2/
277,True,girafarig,https://pokeapi.co/api/v2/pokemon/203/,203,girafarig,False,False,False,generation-ii,https://pokeapi.co/api/v2/generation/2/
278,True,pineco,https://pokeapi.co/api/v2/pokemon/204/,204,pineco,False,False,False,generation-ii,https://pokeapi.co/api/v2/generation/2/
279,True,dunsparce,https://pokeapi.co/api/v2/pokemon/206/,206,dunsparce,False,False,False,generation-ii,https://pokeapi.co/api/v2/generation/2/
280,True,gligar,https://pokeapi.co/api/v2/pokemon/207/,207,gligar,False,False,False,generation-ii,https://pokeapi.co/api/v2/generation/2/
281,True,snubbull,https://pokeapi.co/api/v2/pokemon/209/,209,snubbull,False,False,False,generation-ii,https://pokeapi.co/api/v2/generation/2/
282,True,qwilfish,https://pokeapi.co/api/v2/pokemon/211/,211,qwilfish,False,False,False,generation-ii,https://pokeapi.co/api/v2/generation/2/
283,False,qwilfish-hisui,https://pokeapi.co/api/v2/pokemon/10234/,211,qwilfish,False,False,False,,
284,True,shuckle,https://pokeapi.co/api/v2/pokemon/213/,213,shuckle,False,False,False,generation-ii,https://pokeapi.co/api/v2/generation/2/
285,True,heracross,https://pokeapi.co/api/v2/pokemon/214/,214,heracross,False,False,False,generation-ii,https://pokeapi.co/api/v2/generation/2/
286,False,heracross-mega,https://pokeapi.co/api/v2/pokemon/10047/,214,heracross,False,False,False,,
287,True,sneasel,https://pokeapi.co/api/v2/pokemon/215/,215,sneasel,False,False,False,generation-ii,https://pokeapi.co/api/v2/generation/2/
288,False,sneasel-hisui,https://pokeapi.co/api/v2/pokemon/10235/,215,sneasel,False,False,False,,
289,True,teddiursa,https://pokeapi.co/api/v2/pokemon/216/,216,teddiursa,False,False,False,generation-ii,https://pokeapi.co/api/v2/generation/2/
290,True,slugma,https://pokeapi.co/api/v2/pokemon/218/,218,slugma,False,False,False,generation-ii,https://pokeapi.co/api/v2/generation/2/
291,True,swinub,https://pokeapi.co/api/v2/pokemon/220/,220,swinub,False,False,False,generation-ii,https://pokeapi.co/api/v2/generation/2/
292,True,corsola,https://pokeapi.co/api/v2/pokemon/222/,222,corsola,False,False,False,generation-ii,https://pokeapi.co/api/v2/generation/2/
293,False,corsola-galar,https://pokeapi.co/api/v2/pokemon/10173/,222,corsola,False,False,False,,
294,True,remoraid,https://pokeapi.co/api/v2/pokemon/223/,223,remoraid,False,False,False,generation-ii,https://pokeapi.co/api/v2/generation/2/
295,True,delibird,https://pokeapi.co/api/v2/pokemon/225/,225,delibird,False,False,False,generation-ii,https://pokeapi.co/api/v2/generation/2/
296,True,meganium,https://pokeapi.co/api/v2/pokemon/154/,154,meganium,False,False,False,generation-ii,https://pokeapi.co/api/v2/generation/2/
297,False,meganium-mega,https://pokeapi.co/api/v2/pokemon/10282/,154,meganium,False,False,False,,
298,True,quilava,https://pokeapi.co/api/v2/pokemon/156/,156,quilava,False,False,False,generation-ii,https://pokeapi.co/api/v2/generation/2/
299,True,typhlosion,https://pokeapi.co/api/v2/pokemon/157/,157,typhlosion,False,False,False,generation-ii,https://pokeapi.co/api/v2/generation/2/
300,False,typhlosion-hisui,https://pokeapi.co/api/v2/pokemon/10233/,157,typhlosion,False,False,False,,
301,True,croconaw,https://pokeapi.co/api/v2/pokemon/159/,159,croconaw,False,False,False,generation-ii,https://pokeapi.co/api/v2/generation/2/
302,True,feraligatr,https://pokeapi.co/api/v2/pokemon/160/,160,feraligatr,False,False,False,generation-ii,https://pokeapi.co/api/v2/generation/2/
303,False,feraligatr-mega,https://pokeapi.co/api/v2/pokemon/10283/,160,feraligatr,False,False,False,,
304,True,furret,https://pokeapi.co/api/v2/pokemon/162/,162,furret,False,False,False,generation-ii,https://pokeapi.co/api/v2/generation/2/
305,True,noctowl,https://pokeapi.co/api/v2/pokemon/164/,164,noctowl,False,False,False,generation-ii,https://pokeapi.co/api/v2/generation/2/
306,True,ledian,https://pokeapi.co/api/v2/pokemon/166/,166,ledian,False,False,False,generation-ii,https://pokeapi.co/api/v2/generation/2/
307,True,ariados,https://pokeapi.co/api/v2/pokemon/168/,168,ariados,False,False,False,generation-ii,https://pokeapi.co/api/v2/generation/2/
308,True,lanturn,https://pokeapi.co/api/v2/pokemon/171/,171,lanturn,False,False,False,generation-ii,https://pokeapi.co/api/v2/generation/2/
309,True,togetic,https://pokeapi.co/api/v2/pokemon/176/,176,togetic,False,False,False,generation-ii,https://pokeapi.co/api/v2/generation/2/
310,True,granbull,https://pokeapi.co/api/v2/pokemon/210/,210,granbull,False,False,False,generation-ii,https://pokeapi.co/api/v2/generation/2/
311,True,scizor,https://pokeapi.co/api/v2/pokemon/212/,212,scizor,False,False,False,generation-ii,https://pokeapi.co/api/v2/generation/2/
312,False,scizor-mega,https://pokeapi.co/api/v2/pokemon/10046/,212,scizor,False,False,False,,
313,True,ursaring,https://pokeapi.co/api/v2/pokemon/217/,217,ursaring,False,False,False,generation-ii,https://pokeapi.co/api/v2/generation/2/
314,True,magcargo,https://pokeapi.co/api/v2/pokemon/219/,219,magcargo,False,False,False,generation-ii,https://pokeapi.co/api/v2/generation/2/
315,True,piloswine,https://pokeapi.co/api/v2/pokemon/221/,221,piloswine,False,False,False,generation-ii,https://pokeapi.co/api/v2/generation/2/
316,True,octillery,https://pokeapi.co/api/v2/pokemon/224/,224,octillery,False,False,False,generation-ii,https://pokeapi.co/api/v2/generation/2/
317,True,skarmory,https://pokeapi.co/api/v2/pokemon/227/,227,skarmory,False,False,False,generation-ii,https://pokeapi.co/api/v2/generation/2/
318,False,skarmory-mega,https://pokeapi.co/api/v2/pokemon/10284/,227,skarmory,False,False,False,,
319,True,houndour,https://pokeapi.co/api/v2/pokemon/228/,228,houndour,False,False,False,generation-ii,https://pokeapi.co/api/v2/generation/2/
320,True,phanpy,https://pokeapi.co/api/v2/pokemon/231/,231,phanpy,False,False,False,generation-ii,https://pokeapi.co/api/v2/generation/2/
321,True,stantler,https://pokeapi.co/api/v2/pokemon/234/,234,stantler,False,False,False,generation-ii,https://pokeapi.co/api/v2/generation/2/
322,True,smeargle,https://pokeapi.co/api/v2/pokemon/235/,235,smeargle,False,False,False,generation-ii,https://pokeapi.co/api/v2/generation/2/
323,True,tyrogue,https://pokeapi.co/api/v2/pokemon/236/,236,tyrogue,True,False,False,generation-ii,https://pokeapi.co/api/v2/generation/2/
324,True,smoochum,https://pokeapi.co/api/v2/pokemon/238/,238,smoochum,True,False,False,generation-ii,https://pokeapi.co/api/v2/generation/2/
325,True,elekid,https://pokeapi.co/api/v2/pokemon/239/,239,elekid,True,False,False,generation-ii,https://pokeapi.co/api/v2/generation/2/
326,True,magby,https://pokeapi.co/api/v2/pokemon/240/,240,magby,True,False,False,generation-ii,https://pokeapi.co/api/v2/generation/2/
327,True,miltank,https://pokeapi.co/api/v2/pokemon/241/,241,miltank,False,False,False,generation-ii,https://pokeapi.co/api/v2/generation/2/
328,True,raikou,https://pokeapi.co/api/v2/pokemon/243/,243,raikou,False,True,False,generation-ii,https://pokeapi.co/api/v2/generation/2/
329,True,entei,https://pokeapi.co/api/v2/pokemon/244/,244,entei,False,True,False,generation-ii,https://pokeapi.co/api/v2/generation/2/
330,True,suicune,https://pokeapi.co/api/v2/pokemon/245/,245,suicune,False,True,False,generation-ii,https://pokeapi.co/api/v2/generation/2/
331,True,larvitar,https://pokeapi.co/api/v2/pokemon/246/,246,larvitar,False,False,False,generation-ii,https://pokeapi.co/api/v2/generation/2/
332,True,lugia,https://pokeapi.co/api/v2/pokemon/249/,249,lugia,False,True,False,generation-ii,https://pokeapi.co/api/v2/generation/2/
333,True,ho-oh,https://pokeapi.co/api/v2/pokemon/250/,250,ho-oh,False,True,False,generation-ii,https://pokeapi.co/api/v2/generation/2/
334,True,celebi,https://pokeapi.co/api/v2/pokemon/251/,251,celebi,False,False,True,generation-ii,https://pokeapi.co/api/v2/generation/2/
335,True,houndoom,https://pokeapi.co/api/v2/pokemon/229/,229,houndoom,False,False,False,generation-ii,https://pokeapi.co/api/v2/generation/2/
336,False,houndoom-mega,https://pokeapi.co/api/v2/pokemon/10048/,229,houndoom,False,False,False,,
337,True,kingdra,https://pokeapi.co/api/v2/pokemon/230/,230,kingdra,False,False,False,generation-ii,https://pokeapi.co/api/v2/generation/2/
338,True,donphan,https://pokeapi.co/api/v2/pokemon/232/,232,donphan,False,False,False,generation-ii,https://pokeapi.co/api/v2/generation/2/
339,True,porygon2,https://pokeapi.co/api/v2/pokemon/233/,233,porygon2,False,False,False,generation-ii,https://pokeapi.co/api/v2/generation/2/
340,True,hitmontop,https://pokeapi.co/api/v2/pokemon/237/,237,hitmontop,False,False,False,generation-ii,https://pokeapi.co/api/v2/generation/2/
341,True,bayleef,https://pokeapi.co/api/v2/pokemon/153/,153,bayleef,False,False,False,generation-ii,https://pokeapi.co/api/v2/generation/2/
342,True,crobat,https://pokeapi.co/api/v2/pokemon/169/,169,crobat,False,False,False,generation-ii,https://pokeapi.co/api/v2/generation/2/
343,True,politoed,https://pokeapi.co/api/v2/pokemon/186/,186,politoed,False,False,False,generation-ii,https://pokeapi.co/api/v2/generation/2/
344,True,skiploom,https://pokeapi.co/api/v2/pokemon/188/,188,skiploom,False,False,False,generation-ii,https://pokeapi.co/api/v2/generation/2/
345,True,jumpluff,https://pokeapi.co/api/v2/pokemon/189/,189,jumpluff,False,False,False,generation-ii,https://pokeapi.co/api/v2/generation/2/
346,True,sunflora,https://pokeapi.co/api/v2/pokemon/192/,192,sunflora,False,False,False,generation-ii,https://pokeapi.co/api/v2/generation/2/
347,True,quagsire,https://pokeapi.co/api/v2/pokemon/195/,195,quagsire,False,False,False,generation-ii,https://pokeapi.co/api/v2/generation/2/
348,True,mantine,https://pokeapi.co/api/v2/pokemon/226/,226,mantine,False,False,False,generation-ii,https://pokeapi.co/api/v2/generation/2/
349,True,blissey,https://pokeapi.co/api/v2/pokemon/242/,242,blissey,False,False,False,generation-ii,https://pokeapi.co/api/v2/generation/2/
350,True,pupitar,https://pokeapi.co/api/v2/pokemon/247/,247,pupitar,False,False,False,generation-ii,https://pokeapi.co/api/v2/generation/2/
351,True,tyranitar,https://pokeapi.co/api/v2/pokemon/248/,248,tyranitar,False,False,False,generation-ii,https://pokeapi.co/api/v2/generation/2/
352,False,tyranitar-mega,https://pokeapi.co/api/v2/pokemon/10049/,248,tyranitar,False,False,False,,
353,True,milotic,https://pokeapi.co/api/v2/pokemon/350/,350,milotic,False,False,False,generation-iii,https://pokeapi.co/api/v2/generation/3/
354,True,banette,https://pokeapi.co/api/v2/pokemon/354/,354,banette,False,False,False,generation-iii,https://pokeapi.co/api/v2/generation/3/
355,False,banette-mega,https://pokeapi.co/api/v2/pokemon/10056/,354,banette,False,False,False,,
356,True,treecko,https://pokeapi.co/api/v2/pokemon/252/,252,treecko,False,False,False,generation-iii,https://pokeapi.co/api/v2/generation/3/
357,True,torchic,https://pokeapi.co/api/v2/pokemon/255/,255,torchic,False,False,False,generation-iii,https://pokeapi.co/api/v2/generation/3/
358,True,mudkip,https://pokeapi.co/api/v2/pokemon/258/,258,mudkip,False,False,False,generation-iii,https://pokeapi.co/api/v2/generation/3/
359,True,poochyena,https://pokeapi.co/api/v2/pokemon/261/,261,poochyena,False,False,False,generation-iii,https://pokeapi.co/api/v2/generation/3/
360,True,zigzagoon,https://pokeapi.co/api/v2/pokemon/263/,263,zigzagoon,False,False,False,generation-iii,https://pokeapi.co/api/v2/generation/3/
361,False,zigzagoon-galar,https://pokeapi.co/api/v2/pokemon/10174/,263,zigzagoon,False,False,False,,
362,True,wurmple,https://pokeapi.co/api/v2/pokemon/265/,265,wurmple,False,False,False,generation-iii,https://pokeapi.co/api/v2/generation/3/
363,True,lotad,https://pokeapi.co/api/v2/pokemon/270/,270,lotad,False,False,False,generation-iii,https://pokeapi.co/api/v2/generation/3/
364,True,seedot,https://pokeapi.co/api/v2/pokemon/273/,273,seedot,False,False,False,generation-iii,https://pokeapi.co/api/v2/generation/3/
365,True,taillow,https://pokeapi.co/api/v2/pokemon/276/,276,taillow,False,False,False,generation-iii,https://pokeapi.co/api/v2/generation/3/
366,True,wingull,https://pokeapi.co/api/v2/pokemon/278/,278,wingull,False,False,False,generation-iii,https://pokeapi.co/api/v2/generation/3/
367,True,ralts,https://pokeapi.co/api/v2/pokemon/280/,280,ralts,False,False,False,generation-iii,https://pokeapi.co/api/v2/generation/3/
368,True,surskit,https://pokeapi.co/api/v2/pokemon/283/,283,surskit,False,False,False,generation-iii,https://pokeapi.co/api/v2/generation/3/
369,True,shroomish,https://pokeapi.co/api/v2/pokemon/285/,285,shroomish,False,False,False,generation-iii,https://pokeapi.co/api/v2/generation/3/
370,True,slakoth,https://pokeapi.co/api/v2/pokemon/287/,287,slakoth,False,False,False,generation-iii,https://pokeapi.co/api/v2/generation/3/
371,True,nincada,https://pokeapi.co/api/v2/pokemon/290/,290,nincada,False,False,False,generation-iii,https://pokeapi.co/api/v2/generation/3/
372,True,whismur,https://pokeapi.co/api/v2/pokemon/293/,293,whismur,False,False,False,generation-iii,https://pokeapi.co/api/v2/generation/3/
373,True,makuhita,https://pokeapi.co/api/v2/pokemon/296/,296,makuhita,False,False,False,generation-iii,https://pokeapi.co/api/v2/generation/3/
374,True,azurill,https://pokeapi.co/api/v2/pokemon/298/,298,azurill,True,False,False,generation-iii,https://pokeapi.co/api/v2/generation/3/
375,True,nosepass,https://pokeapi.co/api/v2/pokemon/299/,299,nosepass,False,False,False,generation-iii,https://pokeapi.co/api/v2/generation/3/
376,True,skitty,https://pokeapi.co/api/v2/pokemon/300/,300,skitty,False,False,False,generation-iii,https://pokeapi.co/api/v2/generation/3/
377,True,pelipper,https://pokeapi.co/api/v2/pokemon/279/,279,pelipper,False,False,False,generation-iii,https://pokeapi.co/api/v2/generation/3/
378,True,kirlia,https://pokeapi.co/api/v2/pokemon/281/,281,kirlia,False,False,False,generation-iii,https://pokeapi.co/api/v2/generation/3/
379,True,gardevoir,https://pokeapi.co/api/v2/pokemon/282/,282,gardevoir,False,False,False,generation-iii,https://pokeapi.co/api/v2/generation/3/
380,False,gardevoir-mega,https://pokeapi.co/api/v2/pokemon/10051/,282,gardevoir,False,False,False,,
381,True,masquerain,https://pokeapi.co/api/v2/pokemon/284/,284,masquerain,False,False,False,generation-iii,https://pokeapi.co/api/v2/generation/3/
382,True,breloom,https://pokeapi.co/api/v2/pokemon/286/,286,breloom,False,False,False,generation-iii,https://pokeapi.co/api/v2/generation/3/
383,True,vigoroth,https://pokeapi.co/api/v2/pokemon/288/,288,vigoroth,False,False,False,generation-iii,https://pokeapi.co/api/v2/generation/3/
384,True,slaking,https://pokeapi.co/api/v2/pokemon/289/,289,slaking,False,False,False,generation-iii,https://pokeapi.co/api/v2/generation/3/
385,True,ninjask,https://pokeapi.co/api/v2/pokemon/291/,291,ninjask,False,False,False,generation-iii,https://pokeapi.co/api/v2/generation/3/
386,True,shedinja,https://pokeapi.co/api/v2/pokemon/292/,292,shedinja,False,False,False,generation-iii,https://pokeapi.co/api/v2/generation/3/
387,True,loudred,https://pokeapi.co/api/v2/pokemon/294/,294,loudred,False,False,False,generation-iii,https://pokeapi.co/api/v2/generation/3/
388,True,exploud,https://pokeapi.co/api/v2/pokemon/295/,295,exploud,False,False,False,generation-iii,https://pokeapi.co/api/v2/generation/3/
389,True,hariyama,https://pokeapi.co/api/v2/pokemon/297/,297,hariyama,False,False,False,generation-iii,https://pokeapi.co/api/v2/generation/3/
390,True,sableye,https://pokeapi.co/api/v2/pokemon/302/,302,sableye,False,False,False,generation-iii,https://pokeapi.co/api/v2/generation/3/
391,False,sableye-mega,https://pokeapi.co/api/v2/pokemon/10066/,302,sableye,False,False,False,,
392,True,mawile,https://pokeapi.co/api/v2/pokemon/303/,303,mawile,False,False,False,generation-iii,https://pokeapi.co/api/v2/generation/3/
393,False,mawile-mega,https://pokeapi.co/api/v2/pokemon/10052/,303,mawile,False,False,False,,
394,True,aron,https://pokeapi.co/api/v2/pokemon/304/,304,aron,False,False,False,generation-iii,https://pokeapi.co/api/v2/generation/3/
395,True,meditite,https://pokeapi.co/api/v2/pokemon/307/,307,meditite,False,False,False,generation-iii,https://pokeapi.co/api/v2/generation/3/
396,True,electrike,https://pokeapi.co/api/v2/pokemon/309/,309,electrike,False,False,False,generation-iii,https://pokeapi.co/api/v2/generation/3/
397,True,plusle,https://pokeapi.co/api/v2/pokemon/311/,311,plusle,False,False,False,generation-iii,https://pokeapi.co/api/v2/generation/3/
398,True,minun,https://pokeapi.co/api/v2/pokemon/312/,312,minun,False,False,False,generation-iii,https://pokeapi.co/api/v2/generation/3/
399,True,volbeat,https://pokeapi.co/api/v2/pokemon/313/,313,volbeat,False,False,False,generation-iii,https://pokeapi.co/api/v2/generation/3/
400,True,illumise,https://pokeapi.co/api/v2/pokemon/314/,314,illumise,False,False,False,generation-iii,https://pokeapi.co/api/v2/generation/3/
401,True,gulpin,https://pokeapi.co/api/v2/pokemon/316/,316,gulpin,False,False,False,generation-iii,https://pokeapi.co/api/v2/generation/3/
402,True,carvanha,https://pokeapi.co/api/v2/pokemon/318/,318,carvanha,False,False,False,generation-iii,https://pokeapi.co/api/v2/generation/3/
403,True,wailmer,https://pokeapi.co/api/v2/pokemon/320/,320,wailmer,False,False,False,generation-iii,https://pokeapi.co/api/v2/generation/3/
404,True,numel,https://pokeapi.co/api/v2/pokemon/322/,322,numel,False,False,False,generation-iii,https://pokeapi.co/api/v2/generation/3/
405,True,torkoal,https://pokeapi.co/api/v2/pokemon/324/,324,torkoal,False,False,False,generation-iii,https://pokeapi.co/api/v2/generation/3/
406,True,spoink,https://pokeapi.co/api/v2/pokemon/325/,325,spoink,False,False,False,generation-iii,https://pokeapi.co/api/v2/generation/3/
407,True,spinda,https://pokeapi.co/api/v2/pokemon/327/,327,spinda,False,False,False,generation-iii,https://pokeapi.co/api/v2/generation/3/
408,True,trapinch,https://pokeapi.co/api/v2/pokemon/328/,328,trapinch,False,False,False,generation-iii,https://pokeapi.co/api/v2/generation/3/
409,True,cacnea,https://pokeapi.co/api/v2/pokemon/331/,331,cacnea,False,False,False,generation-iii,https://pokeapi.co/api/v2/generation/3/
410,True,swablu,https://pokeapi.co/api/v2/pokemon/333/,333,swablu,False,False,False,generation-iii,https://pokeapi.co/api/v2/generation/3/
411,True,zangoose,https://pokeapi.co/api/v2/pokemon/335/,335,zangoose,False,False,False,generation-iii,https://pokeapi.co/api/v2/generation/3/
412,True,seviper,https://pokeapi.co/api/v2/pokemon/336/,336,seviper,False,False,False,generation-iii,https://pokeapi.co/api/v2/generation/3/
413,True,lunatone,https://pokeapi.co/api/v2/pokemon/337/,337,lunatone,False,False,False,generation-iii,https://pokeapi.co/api/v2/generation/3/
414,True,solrock,https://pokeapi.co/api/v2/pokemon/338/,338,solrock,False,False,False,generation-iii,https://pokeapi.co/api/v2/generation/3/
415,True,barboach,https://pokeapi.co/api/v2/pokemon/339/,339,barboach,False,False,False,generation-iii,https://pokeapi.co/api/v2/generation/3/
416,True,corphish,https://pokeapi.co/api/v2/pokemon/341/,341,corphish,False,False,False,generation-iii,https://pokeapi.co/api/v2/generation/3/
417,True,baltoy,https://pokeapi.co/api/v2/pokemon/343/,343,baltoy,False,False,False,generation-iii,https://pokeapi.co/api/v2/generation/3/
418,True,lileep,https://pokeapi.co/api/v2/pokemon/345/,345,lileep,False,False,False,generation-iii,https://pokeapi.co/api/v2/generation/3/
419,True,anorith,https://pokeapi.co/api/v2/pokemon/347/,347,anorith,False,False,False,generation-iii,https://pokeapi.co/api/v2/generation/3/
420,True,feebas,https://pokeapi.co/api/v2/pokemon/349/,349,feebas,False,False,False,generation-iii,https://pokeapi.co/api/v2/generation/3/
421,True,castform,https://pokeapi.co/api/v2/pokemon/351/,351,castform,False,False,False,generation-iii,https://pokeapi.co/api/v2/generation/3/
422,False,castform-sunny,https://pokeapi.co/api/v2/pokemon/10013/,351,castform,False,False,False,,
423,False,castform-rainy,https://pokeapi.co/api/v2/pokemon/10014/,351,castform,False,False,False,,
424,False,castform-snowy,https://pokeapi.co/api/v2/pokemon/10015/,351,castform,False,False,False,,
425,True,kecleon,https://pokeapi.co/api/v2/pokemon/352/,352,kecleon,False,False,False,generation-iii,https://pokeapi.co/api/v2/generation/3/
426,True,shuppet,https://pokeapi.co/api/v2/pokemon/353/,353,shuppet,False,False,False,generation-iii,https://pokeapi.co/api/v2/generation/3/
427,True,duskull,https://pokeapi.co/api/v2/pokemon/355/,355,duskull,False,False,False,generation-iii,https://pokeapi.co/api/v2/generation/3/
428,True,tropius,https://pokeapi.co/api/v2/pokemon/357/,357,tropius,False,False,False,generation-iii,https://pokeapi.co/api/v2/generation/3/
429,True,absol,https://pokeapi.co/api/v2/pokemon/359/,359,absol,False,False,False,generation-iii,https://pokeapi.co/api/v2/generation/3/
430,False,absol-mega,https://pokeapi.co/api/v2/pokemon/10057/,359,absol,False,False,False,,
431,False,absol-mega-z,https://pokeapi.co/api/v2/pokemon/10307/,359,absol,False,False,False,,
432,True,wynaut,https://pokeapi.co/api/v2/pokemon/360/,360,wynaut,True,False,False,generation-iii,https://pokeapi.co/api/v2/generation/3/
433,True,snorunt,https://pokeapi.co/api/v2/pokemon/361/,361,snorunt,False,False,False,generation-iii,https://pokeapi.co/api/v2/generation/3/
434,True,spheal,https://pokeapi.co/api/v2/pokemon/363/,363,spheal,False,False,False,generation-iii,https://pokeapi.co/api/v2/generation/3/
435,True,clamperl,https://pokeapi.co/api/v2/pokemon/366/,366,clamperl,False,False,False,generation-iii,https://pokeapi.co/api/v2/generation/3/
436,True,relicanth,https://pokeapi.co/api/v2/pokemon/369/,369,relicanth,False,False,False,generation-iii,https://pokeapi.co/api/v2/generation/3/
437,True,luvdisc,https://pokeapi.co/api/v2/pokemon/370/,370,luvdisc,False,False,False,generation-iii,https://pokeapi.co/api/v2/generation/3/
438,True,bagon,https://pokeapi.co/api/v2/pokemon/371/,371,bagon,False,False,False,generation-iii,https://pokeapi.co/api/v2/generation/3/
439,True,beldum,https://pokeapi.co/api/v2/pokemon/374/,374,beldum,False,False,False,generation-iii,https://pokeapi.co/api/v2/generation/3/
440,True,lairon,https://pokeapi.co/api/v2/pokemon/305/,305,lairon,False,False,False,generation-iii,https://pokeapi.co/api/v2/generation/3/
441,True,glalie,https://pokeapi.co/api/v2/pokemon/362/,362,glalie,False,False,False,generation-iii,https://pokeapi.co/api/v2/generation/3/
442,False,glalie-mega,https://pokeapi.co/api/v2/pokemon/10074/,362,glalie,False,False,False,,
443,True,sealeo,https://pokeapi.co/api/v2/pokemon/364/,364,sealeo,False,False,False,generation-iii,https://pokeapi.co/api/v2/generation/3/
444,True,walrein,https://pokeapi.co/api/v2/pokemon/365/,365,walrein,False,False,False,generation-iii,https://pokeapi.co/api/v2/generation/3/
445,True,huntail,https://pokeapi.co/api/v2/pokemon/367/,367,huntail,False,False,False,generation-iii,https://pokeapi.co/api/v2/generation/3/
446,True,gorebyss,https://pokeapi.co/api/v2/pokemon/368/,368,gorebyss,False,False,False,generation-iii,https://pokeapi.co/api/v2/generation/3/
447,True,shelgon,https://pokeapi.co/api/v2/pokemon/372/,372,shelgon,False,False,False,generation-iii,https://pokeapi.co/api/v2/generation/3/
448,True,salamence,https://pokeapi.co/api/v2/pokemon/373/,373,salamence,False,False,False,generation-iii,https://pokeapi.co/api/v2/generation/3/
449,False,salamence-mega,https://pokeapi.co/api/v2/pokemon/10089/,373,salamence,False,False,False,,
450,True,metang,https://pokeapi.co/api/v2/pokemon/375/,375,metang,False,False,False,generation-iii,https://pokeapi.co/api/v2/generation/3/
451,True,regirock,https://pokeapi.co/api/v2/pokemon/377/,377,regirock,False,True,False,generation-iii,https://pokeapi.co/api/v2/generation/3/
452,True,regice,https://pokeapi.co/api/v2/pokemon/378/,378,regice,False,True,False,generation-iii,https://pokeapi.co/api/v2/generation/3/
453,True,registeel,https://pokeapi.co/api/v2/pokemon/379/,379,registeel,False,True,False,generation-iii,https://pokeapi.co/api/v2/generation/3/
454,True,latias,https://pokeapi.co/api/v2/pokemon/380/,380,latias,False,True,False,generation-iii,https://pokeapi.co/api/v2/generation/3/
455,False,latias-mega,https://pokeapi.co/api/v2/pokemon/10062/,380,latias,False,True,False,,
456,True,latios,https://pokeapi.co/api/v2/pokemon/381/,381,latios,False,True,False,generation-iii,https://pokeapi.co/api/v2/generation/3/
457,False,latios-mega,https://pokeapi.co/api/v2/pokemon/10063/,381,latios,False,True,False,,
458,True,kyogre,https://pokeapi.co/api/v2/pokemon/382/,382,kyogre,False,True,False,generation-iii,https://pokeapi.co/api/v2/generation/3/
459,False,kyogre-primal,https://pokeapi.co/api/v2/pokemon/10077/,382,kyogre,False,True,False,,
460,True,groudon,https://pokeapi.co/api/v2/pokemon/383/,383,groudon,False,True,False,generation-iii,https://pokeapi.co/api/v2/generation/3/
461,False,groudon-primal,https://pokeapi.co/api/v2/pokemon/10078/,383,groudon,False,True,False,,
462,True,rayquaza,https://pokeapi.co/api/v2/pokemon/384/,384,rayquaza,False,True,False,generation-iii,https://pokeapi.co/api/v2/generation/3/
463,False,rayquaza-mega,https://pokeapi.co/api/v2/pokemon/10079/,384,rayquaza,False,True,False,,
464,True,jirachi,https://pokeapi.co/api/v2/pokemon/385/,385,jirachi,False,False,True,generation-iii,https://pokeapi.co/api/v2/generation/3/
465,True,deoxys-normal,https://pokeapi.co/api/v2/pokemon/386/,386,deoxys,False,False,True,generation-iii,https://pokeapi.co/api/v2/generation/3/
466,False,deoxys-attack,https://pokeapi.co/api/v2/pokemon/10001/,386,deoxys,False,False,True,,
467,False,deoxys-defense,https://pokeapi.co/api/v2/pokemon/10002/,386,deoxys,False,False,True,,
468,False,deoxys-speed,https://pokeapi.co/api/v2/pokemon/10003/,386,deoxys,False,False,True,,
469,True,grovyle,https://pokeapi.co/api/v2/pokemon/253/,253,grovyle,False,False,False,generation-iii,https://pokeapi.co/api/v2/generation/3/
470,True,sceptile,https://pokeapi.co/api/v2/pokemon/254/,254,sceptile,False,False,False,generation-iii,https://pokeapi.co/api/v2/generation/3/
471,False,sceptile-mega,https://pokeapi.co/api/v2/pokemon/10065/,254,sceptile,False,False,False,,
472,True,combusken,https://pokeapi.co/api/v2/pokemon/256/,256,combusken,False,False,False,generation-iii,https://pokeapi.co/api/v2/generation/3/
473,True,blaziken,https://pokeapi.co/api/v2/pokemon/257/,257,blaziken,False,False,False,generation-iii,https://pokeapi.co/api/v2/generation/3/
474,False,blaziken-mega,https://pokeapi.co/api/v2/pokemon/10050/,257,blaziken,False,False,False,,
475,True,marshtomp,https://pokeapi.co/api/v2/pokemon/259/,259,marshtomp,False,False,False,generation-iii,https://pokeapi.co/api/v2/generation/3/
476,True,swampert,https://pokeapi.co/api/v2/pokemon/260/,260,swampert,False,False,False,generation-iii,https://pokeapi.co/api/v2/generation/3/
477,False,swampert-mega,https://pokeapi.co/api/v2/pokemon/10064/,260,swampert,False,False,False,,
478,True,mightyena,https://pokeapi.co/api/v2/pokemon/262/,262,mightyena,False,False,False,generation-iii,https://pokeapi.co/api/v2/generation/3/
479,True,linoone,https://pokeapi.co/api/v2/pokemon/264/,264,linoone,False,False,False,generation-iii,https://pokeapi.co/api/v2/generation/3/
480,False,linoone-galar,https://pokeapi.co/api/v2/pokemon/10175/,264,linoone,False,False,False,,
481,True,silcoon,https://pokeapi.co/api/v2/pokemon/266/,266,silcoon,False,False,False,generation-iii,https://pokeapi.co/api/v2/generation/3/
482,True,beautifly,https://pokeapi.co/api/v2/pokemon/267/,267,beautifly,False,False,False,generation-iii,https://pokeapi.co/api/v2/generation/3/
483,True,cascoon,https://pokeapi.co/api/v2/pokemon/268/,268,cascoon,False,False,False,generation-iii,https://pokeapi.co/api/v2/generation/3/
484,True,dustox,https://pokeapi.co/api/v2/pokemon/269/,269,dustox,False,False,False,generation-iii,https://pokeapi.co/api/v2/generation/3/
485,True,lombre,https://pokeapi.co/api/v2/pokemon/271/,271,lombre,False,False,False,generation-iii,https://pokeapi.co/api/v2/generation/3/
486,True,ludicolo,https://pokeapi.co/api/v2/pokemon/272/,272,ludicolo,False,False,False,generation-iii,https://pokeapi.co/api/v2/generation/3/
487,True,nuzleaf,https://pokeapi.co/api/v2/pokemon/274/,274,nuzleaf,False,False,False,generation-iii,https://pokeapi.co/api/v2/generation/3/
488,True,shiftry,https://pokeapi.co/api/v2/pokemon/275/,275,shiftry,False,False,False,generation-iii,https://pokeapi.co/api/v2/generation/3/
489,True,swellow,https://pokeapi.co/api/v2/pokemon/277/,277,swellow,False,False,False,generation-iii,https://pokeapi.co/api/v2/generation/3/
490,True,delcatty,https://pokeapi.co/api/v2/pokemon/301/,301,delcatty,False,False,False,generation-iii,https://pokeapi.co/api/v2/generation/3/
491,True,aggron,https://pokeapi.co/api/v2/pokemon/306/,306,aggron,False,False,False,generation-iii,https://pokeapi.co/api/v2/generation/3/
492,False,aggron-mega,https://pokeapi.co/api/v2/pokemon/10053/,306,aggron,False,False,False,,
493,True,medicham,https://pokeapi.co/api/v2/pokemon/308/,308,medicham,False,False,False,generation-iii,https://pokeapi.co/api/v2/generation/3/
494,False,medicham-mega,https://pokeapi.co/api/v2/pokemon/10054/,308,medicham,False,False,False,,
495,True,manectric,https://pokeapi.co/api/v2/pokemon/310/,310,manectric,False,False,False,generation-iii,https://pokeapi.co/api/v2/generation/3/
496,False,manectric-mega,https://pokeapi.co/api/v2/pokemon/10055/,310,manectric,False,False,False,,
497,True,roselia,https://pokeapi.co/api/v2/pokemon/315/,315,roselia,False,False,False,generation-iii,https://pokeapi.co/api/v2/generation/3/
498,True,swalot,https://pokeapi.co/api/v2/pokemon/317/,317,swalot,False,False,False,generation-iii,https://pokeapi.co/api/v2/generation/3/
499,True,sharpedo,https://pokeapi.co/api/v2/pokemon/319/,319,sharpedo,False,False,False,generation-iii,https://pokeapi.co/api/v2/generation/3/
500,False,sharpedo-mega,https://pokeapi.co/api/v2/pokemon/10070/,319,sharpedo,False,False,False,,
501,True,wailord,https://pokeapi.co/api/v2/pokemon/321/,321,wailord,False,False,False,generation-iii,https://pokeapi.co/api/v2/generation/3/
502,True,camerupt,https://pokeapi.co/api/v2/pokemon/323/,323,camerupt,False,False,False,generation-iii,https://pokeapi.co/api/v2/generation/3/
503,False,camerupt-mega,https://pokeapi.co/api/v2/pokemon/10087/,323,camerupt,False,False,False,,
504,True,grumpig,https://pokeapi.co/api/v2/pokemon/326/,326,grumpig,False,False,False,generation-iii,https://pokeapi.co/api/v2/generation/3/
505,True,vibrava,https://pokeapi.co/api/v2/pokemon/329/,329,vibrava,False,False,False,generation-iii,https://pokeapi.co/api/v2/generation/3/
506,True,flygon,https://pokeapi.co/api/v2/pokemon/330/,330,flygon,False,False,False,generation-iii,https://pokeapi.co/api/v2/generation/3/
507,True,cacturne,https://pokeapi.co/api/v2/pokemon/332/,332,cacturne,False,False,False,generation-iii,https://pokeapi.co/api/v2/generation/3/
508,True,altaria,https://pokeapi.co/api/v2/pokemon/334/,334,altaria,False,False,False,generation-iii,https://pokeapi.co/api/v2/generation/3/
509,False,altaria-mega,https://pokeapi.co/api/v2/pokemon/10067/,334,altaria,False,False,False,,
510,True,whiscash,https://pokeapi.co/api/v2/pokemon/340/,340,whiscash,False,False,False,generation-iii,https://pokeapi.co/api/v2/generation/3/
511,True,crawdaunt,https://pokeapi.co/api/v2/pokemon/342/,342,crawdaunt,False,False,False,generation-iii,https://pokeapi.co/api/v2/generation/3/
512,True,claydol,https://pokeapi.co/api/v2/pokemon/344/,344,claydol,False,False,False,generation-iii,https://pokeapi.co/api/v2/generation/3/
513,True,cradily,https://pokeapi.co/api/v2/pokemon/346/,346,cradily,False,False,False,generation-iii,https://pokeapi.co/api/v2/generation/3/
514,True,armaldo,https://pokeapi.co/api/v2/pokemon/348/,348,armaldo,False,False,False,generation-iii,https://pokeapi.co/api/v2/generation/3/
515,True,dusclops,https://pokeapi.co/api/v2/pokemon/356/,356,dusclops,False,False,False,generation-iii,https://pokeapi.co/api/v2/generation/3/
516,True,chimecho,https://pokeapi.co/api/v2/pokemon/358/,358,chimecho,False,False,False,generation-iii,https://pokeapi.co/api/v2/generation/3/
517,False,chimecho-mega,https://pokeapi.co/api/v2/pokemon/10306/,358,chimecho,False,False,False,,
518,True,metagross,https://pokeapi.co/api/v2/pokemon/376/,376,metagross,False,False,False,generation-iii,https://pokeapi.co/api/v2/generation/3/
519,False,metagross-mega,https://pokeapi.co/api/v2/pokemon/10076/,376,metagross,False,False,False,,
520,True,turtwig,https://pokeapi.co/api/v2/pokemon/387/,387,turtwig,False,False,False,generation-iv,https://pokeapi.co/api/v2/generation/4/
521,True,chimchar,https://pokeapi.co/api/v2/pokemon/390/,390,chimchar,False,False,False,generation-iv,https://pokeapi.co/api/v2/generation/4/
522,True,piplup,https://pokeapi.co/api/v2/pokemon/393/,393,piplup,False,False,False,generation-iv,https://pokeapi.co/api/v2/generation/4/
523,True,starly,https://pokeapi.co/api/v2/pokemon/396/,396,starly,False,False,False,generation-iv,https://pokeapi.co/api/v2/generation/4/
524,True,bidoof,https://pokeapi.co/api/v2/pokemon/399/,399,bidoof,False,False,False,generation-iv,https://pokeapi.co/api/v2/generation/4/
525,True,kricketot,https://pokeapi.co/api/v2/pokemon/401/,401,kricketot,False,False,False,generation-iv,https://pokeapi.co/api/v2/generation/4/
526,True,shinx,https://pokeapi.co/api/v2/pokemon/403/,403,shinx,False,False,False,generation-iv,https://pokeapi.co/api/v2/generation/4/
527,True,budew,https://pokeapi.co/api/v2/pokemon/406/,406,budew,True,False,False,generation-iv,https://pokeapi.co/api/v2/generation/4/
528,True,cranidos,https://pokeapi.co/api/v2/pokemon/408/,408,cranidos,False,False,False,generation-iv,https://pokeapi.co/api/v2/generation/4/
529,True,shieldon,https://pokeapi.co/api/v2/pokemon/410/,410,shieldon,False,False,False,generation-iv,https://pokeapi.co/api/v2/generation/4/
530,True,burmy,https://pokeapi.co/api/v2/pokemon/412/,412,burmy,False,False,False,generation-iv,https://pokeapi.co/api/v2/generation/4/
531,True,combee,https://pokeapi.co/api/v2/pokemon/415/,415,combee,False,False,False,generation-iv,https://pokeapi.co/api/v2/generation/4/
532,True,pachirisu,https://pokeapi.co/api/v2/pokemon/417/,417,pachirisu,False,False,False,generation-iv,https://pokeapi.co/api/v2/generation/4/
533,True,buizel,https://pokeapi.co/api/v2/pokemon/418/,418,buizel,False,False,False,generation-iv,https://pokeapi.co/api/v2/generation/4/
534,True,cherubi,https://pokeapi.co/api/v2/pokemon/420/,420,cherubi,False,False,False,generation-iv,https://pokeapi.co/api/v2/generation/4/
535,True,shellos,https://pokeapi.co/api/v2/pokemon/422/,422,shellos,False,False,False,generation-iv,https://pokeapi.co/api/v2/generation/4/
536,True,drifloon,https://pokeapi.co/api/v2/pokemon/425/,425,drifloon,False,False,False,generation-iv,https://pokeapi.co/api/v2/generation/4/
537,True,buneary,https://pokeapi.co/api/v2/pokemon/427/,427,buneary,False,False,False,generation-iv,https://pokeapi.co/api/v2/generation/4/
538,True,glameow,https://pokeapi.co/api/v2/pokemon/431/,431,glameow,False,False,False,generation-iv,https://pokeapi.co/api/v2/generation/4/
539,True,chingling,https://pokeapi.co/api/v2/pokemon/433/,433,chingling,True,False,False,generation-iv,https://pokeapi.co/api/v2/generation/4/
540,True,stunky,https://pokeapi.co/api/v2/pokemon/434/,434,stunky,False,False,False,generation-iv,https://pokeapi.co/api/v2/generation/4/
541,True,bronzor,https://pokeapi.co/api/v2/pokemon/436/,436,bronzor,False,False,False,generation-iv,https://pokeapi.co/api/v2/generation/4/
542,True,bonsly,https://pokeapi.co/api/v2/pokemon/438/,438,bonsly,True,False,False,generation-iv,https://pokeapi.co/api/v2/generation/4/
543,True,mime-jr,https://pokeapi.co/api/v2/pokemon/439/,439,mime-jr,True,False,False,generation-iv,https://pokeapi.co/api/v2/generation/4/
544,True,happiny,https://pokeapi.co/api/v2/pokemon/440/,440,happiny,True,False,False,generation-iv,https://pokeapi.co/api/v2/generation/4/
545,True,chatot,https://pokeapi.co/api/v2/pokemon/441/,441,chatot,False,False,False,generation-iv,https://pokeapi.co/api/v2/generation/4/
546,True,spiritomb,https://pokeapi.co/api/v2/pokemon/442/,442,spiritomb,False,False,False,generation-iv,https://pokeapi.co/api/v2/generation/4/
547,True,gible,https://pokeapi.co/api/v2/pokemon/443/,443,gible,False,False,False,generation-iv,https://pokeapi.co/api/v2/generation/4/
548,True,munchlax,https://pokeapi.co/api/v2/pokemon/446/,446,munchlax,True,False,False,generation-iv,https://pokeapi.co/api/v2/generation/4/
549,True,riolu,https://pokeapi.co/api/v2/pokemon/447/,447,riolu,True,False,False,generation-iv,https://pokeapi.co/api/v2/generation/4/
550,True,hippopotas,https://pokeapi.co/api/v2/pokemon/449/,449,hippopotas,False,False,False,generation-iv,https://pokeapi.co/api/v2/generation/4/
551,True,skorupi,https://pokeapi.co/api/v2/pokemon/451/,451,skorupi,False,False,False,generation-iv,https://pokeapi.co/api/v2/generation/4/
552,True,croagunk,https://pokeapi.co/api/v2/pokemon/453/,453,croagunk,False,False,False,generation-iv,https://pokeapi.co/api/v2/generation/4/
553,True,grotle,https://pokeapi.co/api/v2/pokemon/388/,388,grotle,False,False,False,generation-iv,https://pokeapi.co/api/v2/generation/4/
554,True,monferno,https://pokeapi.co/api/v2/pokemon/391/,391,monferno,False,False,False,generation-iv,https://pokeapi.co/api/v2/generation/4/
555,True,infernape,https://pokeapi.co/api/v2/pokemon/392/,392,infernape,False,False,False,generation-iv,https://pokeapi.co/api/v2/generation/4/
556,True,prinplup,https://pokeapi.co/api/v2/pokemon/394/,394,prinplup,False,False,False,generation-iv,https://pokeapi.co/api/v2/generation/4/
557,True,staraptor,https://pokeapi.co/api/v2/pokemon/398/,398,staraptor,False,False,False,generation-iv,https://pokeapi.co/api/v2/generation/4/
558,False,staraptor-mega,https://pokeapi.co/api/v2/pokemon/10308/,398,staraptor,False,False,False,,
559,True,bibarel,https://pokeapi.co/api/v2/pokemon/400/,400,bibarel,False,False,False,generation-iv,https://pokeapi.co/api/v2/generation/4/
560,True,kricketune,https://pokeapi.co/api/v2/pokemon/402/,402,kricketune,False,False,False,generation-iv,https://pokeapi.co/api/v2/generation/4/
561,True,luxio,https://pokeapi.co/api/v2/pokemon/404/,404,luxio,False,False,False,generation-iv,https://pokeapi.co/api/v2/generation/4/
562,True,luxray,https://pokeapi.co/api/v2/pokemon/405/,405,luxray,False,False,False,generation-iv,https://pokeapi.co/api/v2/generation/4/
563,True,roserade,https://pokeapi.co/api/v2/pokemon/407/,407,roserade,False,False,False,generation-iv,https://pokeapi.co/api/v2/generation/4/
564,True,rampardos,https://pokeapi.co/api/v2/pokemon/409/,409,rampardos,False,False,False,generation-iv,https://pokeapi.co/api/v2/generation/4/
565,True,bastiodon,https://pokeapi.co/api/v2/pokemon/411/,411,bastiodon,False,False,False,generation-iv,https://pokeapi.co/api/v2/generation/4/
566,True,wormadam-plant,https://pokeapi.co/api/v2/pokemon/413/,413,wormadam,False,False,False,generation-iv,https://pokeapi.co/api/v2/generation/4/
567,False,wormadam-sandy,https://pokeapi.co/api/v2/pokemon/10004/,413,wormadam,False,False,False,,
568,False,wormadam-trash,https://pokeapi.co/api/v2/pokemon/10005/,413,wormadam,False,False,False,,
569,True,mothim,https://pokeapi.co/api/v2/pokemon/414/,414,mothim,False,False,False,generation-iv,https://pokeapi.co/api/v2/generation/4/
570,True,vespiquen,https://pokeapi.co/api/v2/pokemon/416/,416,vespiquen,False,False,False,generation-iv,https://pokeapi.co/api/v2/generation/4/
571,True,floatzel,https://pokeapi.co/api/v2/pokemon/419/,419,floatzel,False,False,False,generation-iv,https://pokeapi.co/api/v2/generation/4/
572,True,cherrim,https://pokeapi.co/api/v2/pokemon/421/,421,cherrim,False,False,False,generation-iv,https://pokeapi.co/api/v2/generation/4/
573,True,gastrodon,https://pokeapi.co/api/v2/pokemon/423/,423,gastrodon,False,False,False,generation-iv,https://pokeapi.co/api/v2/generation/4/
574,True,ambipom,https://pokeapi.co/api/v2/pokemon/424/,424,ambipom,False,False,False,generation-iv,https://pokeapi.co/api/v2/generation/4/
575,True,drifblim,https://pokeapi.co/api/v2/pokemon/426/,426,drifblim,False,False,False,generation-iv,https://pokeapi.co/api/v2/generation/4/
576,True,lopunny,https://pokeapi.co/api/v2/pokemon/428/,428,lopunny,False,False,False,generation-iv,https://pokeapi.co/api/v2/generation/4/
577,False,lopunny-mega,https://pokeapi.co/api/v2/pokemon/10088/,428,lopunny,False,False,False,,
578,True,mismagius,https://pokeapi.co/api/v2/pokemon/429/,429,mismagius,False,False,False,generation-iv,https://pokeapi.co/api/v2/generation/4/
579,True,honchkrow,https://pokeapi.co/api/v2/pokemon/430/,430,honchkrow,False,False,False,generation-iv,https://pokeapi.co/api/v2/generation/4/
580,True,purugly,https://pokeapi.co/api/v2/pokemon/432/,432,purugly,False,False,False,generation-iv,https://pokeapi.co/api/v2/generation/4/
581,True,skuntank,https://pokeapi.co/api/v2/pokemon/435/,435,skuntank,False,False,False,generation-iv,https://pokeapi.co/api/v2/generation/4/
582,True,bronzong,https://pokeapi.co/api/v2/pokemon/437/,437,bronzong,False,False,False,generation-iv,https://pokeapi.co/api/v2/generation/4/
583,True,gabite,https://pokeapi.co/api/v2/pokemon/444/,444,gabite,False,False,False,generation-iv,https://pokeapi.co/api/v2/generation/4/
584,True,garchomp,https://pokeapi.co/api/v2/pokemon/445/,445,garchomp,False,False,False,generation-iv,https://pokeapi.co/api/v2/generation/4/
585,False,garchomp-mega,https://pokeapi.co/api/v2/pokemon/10058/,445,garchomp,False,False,False,,
586,False,garchomp-mega-z,https://pokeapi.co/api/v2/pokemon/10309/,445,garchomp,False,False,False,,
587,True,lucario,https://pokeapi.co/api/v2/pokemon/448/,448,lucario,False,False,False,generation-iv,https://pokeapi.co/api/v2/generation/4/
588,False,lucario-mega,https://pokeapi.co/api/v2/pokemon/10059/,448,lucario,False,False,False,,
589,False,lucario-mega-z,https://pokeapi.co/api/v2/pokemon/10310/,448,lucario,False,False,False,,
590,True,hippowdon,https://pokeapi.co/api/v2/pokemon/450/,450,hippowdon,False,False,False,generation-iv,https://pokeapi.co/api/v2/generation/4/
591,True,drapion,https://pokeapi.co/api/v2/pokemon/452/,452,drapion,False,False,False,generation-iv,https://pokeapi.co/api/v2/generation/4/
592,True,carnivine,https://pokeapi.co/api/v2/pokemon/455/,455,carnivine,False,False,False,generation-iv,https://pokeapi.co/api/v2/generation/4/
593,True,finneon,https://pokeapi.co/api/v2/pokemon/456/,456,finneon,False,False,False,generation-iv,https://pokeapi.co/api/v2/generation/4/
594,True,mantyke,https://pokeapi.co/api/v2/pokemon/458/,458,mantyke,True,False,False,generation-iv,https://pokeapi.co/api/v2/generation/4/
595,True,snover,https://pokeapi.co/api/v2/pokemon/459/,459,snover,False,False,False,generation-iv,https://pokeapi.co/api/v2/generation/4/
596,True,rotom,https://pokeapi.co/api/v2/pokemon/479/,479,rotom,False,False,False,generation-iv,https://pokeapi.co/api/v2/generation/4/
597,False,rotom-heat,https://pokeapi.co/api/v2/pokemon/10008/,479,rotom,False,False,False,,
598,False,rotom-wash,https://pokeapi.co/api/v2/pokemon/10009/,479,rotom,False,False,False,,
599,False,rotom-frost,https://pokeapi.co/api/v2/pokemon/10010/,479,rotom,False,False,False,,
600,False,rotom-fan,https://pokeapi.co/api/v2/pokemon/10011/,479,rotom,False,False,False,,
601,False,rotom-mow,https://pokeapi.co/api/v2/pokemon/10012/,479,rotom,False,False,False,,
602,True,uxie,https://pokeapi.co/api/v2/pokemon/480/,480,uxie,False,True,False,generation-iv,https://pokeapi.co/api/v2/generation/4/
603,True,mesprit,https://pokeapi.co/api/v2/pokemon/481/,481,mesprit,False,True,False,generation-iv,https://pokeapi.co/api/v2/generation/4/
604,True,azelf,https://pokeapi.co/api/v2/pokemon/482/,482,azelf,False,True,False,generation-iv,https://pokeapi.co/api/v2/generation/4/
605,True,dialga,https://pokeapi.co/api/v2/pokemon/483/,483,dialga,False,True,False,generation-iv,https://pokeapi.co/api/v2/generation/4/
606,False,dialga-origin,https://pokeapi.co/api/v2/pokemon/10245/,483,dialga,False,True,False,,
607,True,palkia,https://pokeapi.co/api/v2/pokemon/484/,484,palkia,False,True,False,generation-iv,https://pokeapi.co/api/v2/generation/4/
608,False,palkia-origin,https://pokeapi.co/api/v2/pokemon/10246/,484,palkia,False,True,False,,
609,True,heatran,https://pokeapi.co/api/v2/pokemon/485/,485,heatran,False,True,False,generation-iv,https://pokeapi.co/api/v2/generation/4/
610,False,heatran-mega,https://pokeapi.co/api/v2/pokemon/10311/,485,heatran,False,True,False,,
611,True,regigigas,https://pokeapi.co/api/v2/pokemon/486/,486,regigigas,False,True,False,generation-iv,https://pokeapi.co/api/v2/generation/4/
612,True,giratina-altered,https://pokeapi.co/api/v2/pokemon/487/,487,giratina,False,True,False,generation-iv,https://pokeapi.co/api/v2/generation/4/
613,False,giratina-origin,https://pokeapi.co/api/v2/pokemon/10007/,487,giratina,False,True,False,,
614,True,cresselia,https://pokeapi.co/api/v2/pokemon/488/,488,cresselia,False,True,False,generation-iv,https://pokeapi.co/api/v2/generation/4/
615,True,phione,https://pokeapi.co/api/v2/pokemon/489/,489,phione,False,False,True,generation-iv,https://pokeapi.co/api/v2/generation/4/
616,True,manaphy,https://pokeapi.co/api/v2/pokemon/490/,490,manaphy,False,False,True,generation-iv,https://pokeapi.co/api/v2/generation/4/
617,True,darkrai,https://pokeapi.co/api/v2/pokemon/491/,491,darkrai,False,False,True,generation-iv,https://pokeapi.co/api/v2/generation/4/
618,False,darkrai-mega,https://pokeapi.co/api/v2/pokemon/10312/,491,darkrai,False,False,True,,
619,True,shaymin-land,https://pokeapi.co/api/v2/pokemon/492/,492,shaymin,False,False,True,generation-iv,https://pokeapi.co/api/v2/generation/4/
620,False,shaymin-sky,https://pokeapi.co/api/v2/pokemon/10006/,492,shaymin,False,False,True,,
621,True,arceus,https://pokeapi.co/api/v2/pokemon/493/,493,arceus,False,False,True,generation-iv,https://pokeapi.co/api/v2/generation/4/
622,True,lumineon,https://pokeapi.co/api/v2/pokemon/457/,457,lumineon,False,False,False,generation-iv,https://pokeapi.co/api/v2/generation/4/
623,True,abomasnow,https://pokeapi.co/api/v2/pokemon/460/,460,abomasnow,False,False,False,generation-iv,https://pokeapi.co/api/v2/generation/4/
624,False,abomasnow-mega,https://pokeapi.co/api/v2/pokemon/10060/,460,abomasnow,False,False,False,,
625,True,weavile,https://pokeapi.co/api/v2/pokemon/461/,461,weavile,False,False,False,generation-iv,https://pokeapi.co/api/v2/generation/4/
626,True,magnezone,https://pokeapi.co/api/v2/pokemon/462/,462,magnezone,False,False,False,generation-iv,https://pokeapi.co/api/v2/generation/4/
627,True,lickilicky,https://pokeapi.co/api/v2/pokemon/463/,463,lickilicky,False,False,False,generation-iv,https://pokeapi.co/api/v2/generation/4/
628,True,rhyperior,https://pokeapi.co/api/v2/pokemon/464/,464,rhyperior,False,False,False,generation-iv,https://pokeapi.co/api/v2/generation/4/
629,True,tangrowth,https://pokeapi.co/api/v2/pokemon/465/,465,tangrowth,False,False,False,generation-iv,https://pokeapi.co/api/v2/generation/4/
630,True,electivire,https://pokeapi.co/api/v2/pokemon/466/,466,electivire,False,False,False,generation-iv,https://pokeapi.co/api/v2/generation/4/
631,True,magmortar,https://pokeapi.co/api/v2/pokemon/467/,467,magmortar,False,False,False,generation-iv,https://pokeapi.co/api/v2/generation/4/
632,True,togekiss,https://pokeapi.co/api/v2/pokemon/468/,468,togekiss,False,False,False,generation-iv,https://pokeapi.co/api/v2/generation/4/
633,True,yanmega,https://pokeapi.co/api/v2/pokemon/469/,469,yanmega,False,False,False,generation-iv,https://pokeapi.co/api/v2/generation/4/
634,True,leafeon,https://pokeapi.co/api/v2/pokemon/470/,470,leafeon,False,False,False,generation-iv,https://pokeapi.co/api/v2/generation/4/
635,True,glaceon,https://pokeapi.co/api/v2/pokemon/471/,471,glaceon,False,False,False,generation-iv,https://pokeapi.co/api/v2/generation/4/
636,True,gliscor,https://pokeapi.co/api/v2/pokemon/472/,472,gliscor,False,False,False,generation-iv,https://pokeapi.co/api/v2/generation/4/
637,True,porygon-z,https://pokeapi.co/api/v2/pokemon/474/,474,porygon-z,False,False,False,generation-iv,https://pokeapi.co/api/v2/generation/4/
638,True,gallade,https://pokeapi.co/api/v2/pokemon/475/,475,gallade,False,False,False,generation-iv,https://pokeapi.co/api/v2/generation/4/
639,False,gallade-mega,https://pokeapi.co/api/v2/pokemon/10068/,475,gallade,False,False,False,,
640,True,probopass,https://pokeapi.co/api/v2/pokemon/476/,476,probopass,False,False,False,generation-iv,https://pokeapi.co/api/v2/generation/4/
641,True,dusknoir,https://pokeapi.co/api/v2/pokemon/477/,477,dusknoir,False,False,False,generation-iv,https://pokeapi.co/api/v2/generation/4/
642,True,froslass,https://pokeapi.co/api/v2/pokemon/478/,478,froslass,False,False,False,generation-iv,https://pokeapi.co/api/v2/generation/4/
643,False,froslass-mega,https://pokeapi.co/api/v2/pokemon/10285/,478,froslass,False,False,False,,
644,True,torterra,https://pokeapi.co/api/v2/pokemon/389/,389,torterra,False,False,False,generation-iv,https://pokeapi.co/api/v2/generation/4/
645,True,empoleon,https://pokeapi.co/api/v2/pokemon/395/,395,empoleon,False,False,False,generation-iv,https://pokeapi.co/api/v2/generation/4/
646,True,staravia,https://pokeapi.co/api/v2/pokemon/397/,397,staravia,False,False,False,generation-iv,https://pokeapi.co/api/v2/generation/4/
647,True,toxicroak,https://pokeapi.co/api/v2/pokemon/454/,454,toxicroak,False,False,False,generation-iv,https://pokeapi.co/api/v2/generation/4/
648,True,mamoswine,https://pokeapi.co/api/v2/pokemon/473/,473,mamoswine,False,False,False,generation-iv,https://pokeapi.co/api/v2/generation/4/
649,True,victini,https://pokeapi.co/api/v2/pokemon/494/,494,victini,False,False,True,generation-v,https://pokeapi.co/api/v2/generation/5/
650,True,snivy,https://pokeapi.co/api/v2/pokemon/495/,495,snivy,False,False,False,generation-v,https://pokeapi.co/api/v2/generation/5/
651,True,tepig,https://pokeapi.co/api/v2/pokemon/498/,498,tepig,False,False,False,generation-v,https://pokeapi.co/api/v2/generation/5/
652,True,oshawott,https://pokeapi.co/api/v2/pokemon/501/,501,oshawott,False,False,False,generation-v,https://pokeapi.co/api/v2/generation/5/
653,True,patrat,https://pokeapi.co/api/v2/pokemon/504/,504,patrat,False,False,False,generation-v,https://pokeapi.co/api/v2/generation/5/
654,True,lillipup,https://pokeapi.co/api/v2/pokemon/506/,506,lillipup,False,False,False,generation-v,https://pokeapi.co/api/v2/generation/5/
655,True,purrloin,https://pokeapi.co/api/v2/pokemon/509/,509,purrloin,False,False,False,generation-v,https://pokeapi.co/api/v2/generation/5/
656,True,pansage,https://pokeapi.co/api/v2/pokemon/511/,511,pansage,False,False,False,generation-v,https://pokeapi.co/api/v2/generation/5/
657,True,pansear,https://pokeapi.co/api/v2/pokemon/513/,513,pansear,False,False,False,generation-v,https://pokeapi.co/api/v2/generation/5/
658,True,panpour,https://pokeapi.co/api/v2/pokemon/515/,515,panpour,False,False,False,generation-v,https://pokeapi.co/api/v2/generation/5/
659,True,munna,https://pokeapi.co/api/v2/pokemon/517/,517,munna,False,False,False,generation-v,https://pokeapi.co/api/v2/generation/5/
660,True,pidove,https://pokeapi.co/api/v2/pokemon/519/,519,pidove,False,False,False,generation-v,https://pokeapi.co/api/v2/generation/5/
661,True,blitzle,https://pokeapi.co/api/v2/pokemon/522/,522,blitzle,False,False,False,generation-v,https://pokeapi.co/api/v2/generation/5/
662,True,roggenrola,https://pokeapi.co/api/v2/pokemon/524/,524,roggenrola,False,False,False,generation-v,https://pokeapi.co/api/v2/generation/5/
663,True,woobat,https://pokeapi.co/api/v2/pokemon/527/,527,woobat,False,False,False,generation-v,https://pokeapi.co/api/v2/generation/5/
664,True,drilbur,https://pokeapi.co/api/v2/pokemon/529/,529,drilbur,False,False,False,generation-v,https://pokeapi.co/api/v2/generation/5/
665,True,audino,https://pokeapi.co/api/v2/pokemon/531/,531,audino,False,False,False,generation-v,https://pokeapi.co/api/v2/generation/5/
666,False,audino-mega,https://pokeapi.co/api/v2/pokemon/10069/,531,audino,False,False,False,,
667,True,servine,https://pokeapi.co/api/v2/pokemon/496/,496,servine,False,False,False,generation-v,https://pokeapi.co/api/v2/generation/5/
668,True,serperior,https://pokeapi.co/api/v2/pokemon/497/,497,serperior,False,False,False,generation-v,https://pokeapi.co/api/v2/generation/5/
669,True,pignite,https://pokeapi.co/api/v2/pokemon/499/,499,pignite,False,False,False,generation-v,https://pokeapi.co/api/v2/generation/5/
670,True,emboar,https://pokeapi.co/api/v2/pokemon/500/,500,emboar,False,False,False,generation-v,https://pokeapi.co/api/v2/generation/5/
671,False,emboar-mega,https://pokeapi.co/api/v2/pokemon/10286/,500,emboar,False,False,False,,
672,True,dewott,https://pokeapi.co/api/v2/pokemon/502/,502,dewott,False,False,False,generation-v,https://pokeapi.co/api/v2/generation/5/
673,True,samurott,https://pokeapi.co/api/v2/pokemon/503/,503,samurott,False,False,False,generation-v,https://pokeapi.co/api/v2/generation/5/
674,False,samurott-hisui,https://pokeapi.co/api/v2/pokemon/10236/,503,samurott,False,False,False,,
675,True,watchog,https://pokeapi.co/api/v2/pokemon/505/,505,watchog,False,False,False,generation-v,https://pokeapi.co/api/v2/generation/5/
676,True,stoutland,https://pokeapi.co/api/v2/pokemon/508/,508,stoutland,False,False,False,generation-v,https://pokeapi.co/api/v2/generation/5/
677,True,liepard,https://pokeapi.co/api/v2/pokemon/510/,510,liepard,False,False,False,generation-v,https://pokeapi.co/api/v2/generation/5/
678,True,simisage,https://pokeapi.co/api/v2/pokemon/512/,512,simisage,False,False,False,generation-v,https://pokeapi.co/api/v2/generation/5/
679,True,simisear,https://pokeapi.co/api/v2/pokemon/514/,514,simisear,False,False,False,generation-v,https://pokeapi.co/api/v2/generation/5/
680,True,simipour,https://pokeapi.co/api/v2/pokemon/516/,516,simipour,False,False,False,generation-v,https://pokeapi.co/api/v2/generation/5/
681,True,musharna,https://pokeapi.co/api/v2/pokemon/518/,518,musharna,False,False,False,generation-v,https://pokeapi.co/api/v2/generation/5/
682,True,tranquill,https://pokeapi.co/api/v2/pokemon/520/,520,tranquill,False,False,False,generation-v,https://pokeapi.co/api/v2/generation/5/
683,True,unfezant,https://pokeapi.co/api/v2/pokemon/521/,521,unfezant,False,False,False,generation-v,https://pokeapi.co/api/v2/generation/5/
684,True,zebstrika,https://pokeapi.co/api/v2/pokemon/523/,523,zebstrika,False,False,False,generation-v,https://pokeapi.co/api/v2/generation/5/
685,True,boldore,https://pokeapi.co/api/v2/pokemon/525/,525,boldore,False,False,False,generation-v,https://pokeapi.co/api/v2/generation/5/
686,True,gigalith,https://pokeapi.co/api/v2/pokemon/526/,526,gigalith,False,False,False,generation-v,https://pokeapi.co/api/v2/generation/5/
687,True,swoobat,https://pokeapi.co/api/v2/pokemon/528/,528,swoobat,False,False,False,generation-v,https://pokeapi.co/api/v2/generation/5/
688,True,excadrill,https://pokeapi.co/api/v2/pokemon/530/,530,excadrill,False,False,False,generation-v,https://pokeapi.co/api/v2/generation/5/
689,False,excadrill-mega,https://pokeapi.co/api/v2/pokemon/10287/,530,excadrill,False,False,False,,
690,True,timburr,https://pokeapi.co/api/v2/pokemon/532/,532,timburr,False,False,False,generation-v,https://pokeapi.co/api/v2/generation/5/
691,True,tympole,https://pokeapi.co/api/v2/pokemon/535/,535,tympole,False,False,False,generation-v,https://pokeapi.co/api/v2/generation/5/
692,True,throh,https://pokeapi.co/api/v2/pokemon/538/,538,throh,False,False,False,generation-v,https://pokeapi.co/api/v2/generation/5/
693,True,sawk,https://pokeapi.co/api/v2/pokemon/539/,539,sawk,False,False,False,generation-v,https://pokeapi.co/api/v2/generation/5/
694,True,sewaddle,https://pokeapi.co/api/v2/pokemon/540/,540,sewaddle,False,False,False,generation-v,https://pokeapi.co/api/v2/generation/5/
695,True,venipede,https://pokeapi.co/api/v2/pokemon/543/,543,venipede,False,False,False,generation-v,https://pokeapi.co/api/v2/generation/5/
696,True,cottonee,https://pokeapi.co/api/v2/pokemon/546/,546,cottonee,False,False,False,generation-v,https://pokeapi.co/api/v2/generation/5/
697,True,petilil,https://pokeapi.co/api/v2/pokemon/548/,548,petilil,False,False,False,generation-v,https://pokeapi.co/api/v2/generation/5/
698,True,basculin-red-striped,https://pokeapi.co/api/v2/pokemon/550/,550,basculin,False,False,False,generation-v,https://pokeapi.co/api/v2/generation/5/
699,False,basculin-blue-striped,https://pokeapi.co/api/v2/pokemon/10016/,550,basculin,False,False,False,,
700,False,basculin-white-striped,https://pokeapi.co/api/v2/pokemon/10247/,550,basculin,False,False,False,,
701,True,sandile,https://pokeapi.co/api/v2/pokemon/551/,551,sandile,False,False,False,generation-v,https://pokeapi.co/api/v2/generation/5/
702,True,darumaka,https://pokeapi.co/api/v2/pokemon/554/,554,darumaka,False,False,False,generation-v,https://pokeapi.co/api/v2/generation/5/
703,False,darumaka-galar,https://pokeapi.co/api/v2/pokemon/10176/,554,darumaka,False,False,False,,
704,True,maractus,https://pokeapi.co/api/v2/pokemon/556/,556,maractus,False,False,False,generation-v,https://pokeapi.co/api/v2/generation/5/
705,True,dwebble,https://pokeapi.co/api/v2/pokemon/557/,557,dwebble,False,False,False,generation-v,https://pokeapi.co/api/v2/generation/5/
706,True,scraggy,https://pokeapi.co/api/v2/pokemon/559/,559,scraggy,False,False,False,generation-v,https://pokeapi.co/api/v2/generation/5/
707,True,sigilyph,https://pokeapi.co/api/v2/pokemon/561/,561,sigilyph,False,False,False,generation-v,https://pokeapi.co/api/v2/generation/5/
708,True,yamask,https://pokeapi.co/api/v2/pokemon/562/,562,yamask,False,False,False,generation-v,https://pokeapi.co/api/v2/generation/5/
709,False,yamask-galar,https://pokeapi.co/api/v2/pokemon/10179/,562,yamask,False,False,False,,
710,True,tirtouga,https://pokeapi.co/api/v2/pokemon/564/,564,tirtouga,False,False,False,generation-v,https://pokeapi.co/api/v2/generation/5/
711,True,archen,https://pokeapi.co/api/v2/pokemon/566/,566,archen,False,False,False,generation-v,https://pokeapi.co/api/v2/generation/5/
712,True,trubbish,https://pokeapi.co/api/v2/pokemon/568/,568,trubbish,False,False,False,generation-v,https://pokeapi.co/api/v2/generation/5/
713,True,zorua,https://pokeapi.co/api/v2/pokemon/570/,570,zorua,False,False,False,generation-v,https://pokeapi.co/api/v2/generation/5/
714,False,zorua-hisui,https://pokeapi.co/api/v2/pokemon/10238/,570,zorua,False,False,False,,
715,True,minccino,https://pokeapi.co/api/v2/pokemon/572/,572,minccino,False,False,False,generation-v,https://pokeapi.co/api/v2/generation/5/
716,True,gothita,https://pokeapi.co/api/v2/pokemon/574/,574,gothita,False,False,False,generation-v,https://pokeapi.co/api/v2/generation/5/
717,True,solosis,https://pokeapi.co/api/v2/pokemon/577/,577,solosis,False,False,False,generation-v,https://pokeapi.co/api/v2/generation/5/
718,True,ducklett,https://pokeapi.co/api/v2/pokemon/580/,580,ducklett,False,False,False,generation-v,https://pokeapi.co/api/v2/generation/5/
719,True,vanillite,https://pokeapi.co/api/v2/pokemon/582/,582,vanillite,False,False,False,generation-v,https://pokeapi.co/api/v2/generation/5/
720,True,deerling,https://pokeapi.co/api/v2/pokemon/585/,585,deerling,False,False,False,generation-v,https://pokeapi.co/api/v2/generation/5/
721,True,emolga,https://pokeapi.co/api/v2/pokemon/587/,587,emolga,False,False,False,generation-v,https://pokeapi.co/api/v2/generation/5/
722,True,karrablast,https://pokeapi.co/api/v2/pokemon/588/,588,karrablast,False,False,False,generation-v,https://pokeapi.co/api/v2/generation/5/
723,True,foongus,https://pokeapi.co/api/v2/pokemon/590/,590,foongus,False,False,False,generation-v,https://pokeapi.co/api/v2/generation/5/
724,True,frillish-male,https://pokeapi.co/api/v2/pokemon/592/,592,frillish,False,False,False,generation-v,https://pokeapi.co/api/v2/generation/5/
725,True,alomomola,https://pokeapi.co/api/v2/pokemon/594/,594,alomomola,False,False,False,generation-v,https://pokeapi.co/api/v2/generation/5/
726,True,joltik,https://pokeapi.co/api/v2/pokemon/595/,595,joltik,False,False,False,generation-v,https://pokeapi.co/api/v2/generation/5/
727,True,ferroseed,https://pokeapi.co/api/v2/pokemon/597/,597,ferroseed,False,False,False,generation-v,https://pokeapi.co/api/v2/generation/5/
728,True,klink,https://pokeapi.co/api/v2/pokemon/599/,599,klink,False,False,False,generation-v,https://pokeapi.co/api/v2/generation/5/
729,True,tynamo,https://pokeapi.co/api/v2/pokemon/602/,602,tynamo,False,False,False,generation-v,https://pokeapi.co/api/v2/generation/5/
730,True,elgyem,https://pokeapi.co/api/v2/pokemon/605/,605,elgyem,False,False,False,generation-v,https://pokeapi.co/api/v2/generation/5/
731,True,litwick,https://pokeapi.co/api/v2/pokemon/607/,607,litwick,False,False,False,generation-v,https://pokeapi.co/api/v2/generation/5/
732,True,conkeldurr,https://pokeapi.co/api/v2/pokemon/534/,534,conkeldurr,False,False,False,generation-v,https://pokeapi.co/api/v2/generation/5/
733,True,palpitoad,https://pokeapi.co/api/v2/pokemon/536/,536,palpitoad,False,False,False,generation-v,https://pokeapi.co/api/v2/generation/5/
734,True,seismitoad,https://pokeapi.co/api/v2/pokemon/537/,537,seismitoad,False,False,False,generation-v,https://pokeapi.co/api/v2/generation/5/
735,True,swadloon,https://pokeapi.co/api/v2/pokemon/541/,541,swadloon,False,False,False,generation-v,https://pokeapi.co/api/v2/generation/5/
736,True,leavanny,https://pokeapi.co/api/v2/pokemon/542/,542,leavanny,False,False,False,generation-v,https://pokeapi.co/api/v2/generation/5/
737,True,whirlipede,https://pokeapi.co/api/v2/pokemon/544/,544,whirlipede,False,False,False,generation-v,https://pokeapi.co/api/v2/generation/5/
738,True,scolipede,https://pokeapi.co/api/v2/pokemon/545/,545,scolipede,False,False,False,generation-v,https://pokeapi.co/api/v2/generation/5/
739,False,scolipede-mega,https://pokeapi.co/api/v2/pokemon/10288/,545,scolipede,False,False,False,,
740,True,whimsicott,https://pokeapi.co/api/v2/pokemon/547/,547,whimsicott,False,False,False,generation-v,https://pokeapi.co/api/v2/generation/5/
741,True,lilligant,https://pokeapi.co/api/v2/pokemon/549/,549,lilligant,False,False,False,generation-v,https://pokeapi.co/api/v2/generation/5/
742,False,lilligant-hisui,https://pokeapi.co/api/v2/pokemon/10237/,549,lilligant,False,False,False,,
743,True,krokorok,https://pokeapi.co/api/v2/pokemon/552/,552,krokorok,False,False,False,generation-v,https://pokeapi.co/api/v2/generation/5/
744,True,krookodile,https://pokeapi.co/api/v2/pokemon/553/,553,krookodile,False,False,False,generation-v,https://pokeapi.co/api/v2/generation/5/
745,True,darmanitan-standard,https://pokeapi.co/api/v2/pokemon/555/,555,darmanitan,False,False,False,generation-v,https://pokeapi.co/api/v2/generation/5/
746,False,darmanitan-zen,https://pokeapi.co/api/v2/pokemon/10017/,555,darmanitan,False,False,False,,
747,False,darmanitan-galar-standard,https://pokeapi.co/api/v2/pokemon/10177/,555,darmanitan,False,False,False,,
748,False,darmanitan-galar-zen,https://pokeapi.co/api/v2/pokemon/10178/,555,darmanitan,False,False,False,,
749,True,crustle,https://pokeapi.co/api/v2/pokemon/558/,558,crustle,False,False,False,generation-v,https://pokeapi.co/api/v2/generation/5/
750,True,scrafty,https://pokeapi.co/api/v2/pokemon/560/,560,scrafty,False,False,False,generation-v,https://pokeapi.co/api/v2/generation/5/
751,False,scrafty-mega,https://pokeapi.co/api/v2/pokemon/10289/,560,scrafty,False,False,False,,
752,True,carracosta,https://pokeapi.co/api/v2/pokemon/565/,565,carracosta,False,False,False,generation-v,https://pokeapi.co/api/v2/generation/5/
753,True,archeops,https://pokeapi.co/api/v2/pokemon/567/,567,archeops,False,False,False,generation-v,https://pokeapi.co/api/v2/generation/5/
754,True,garbodor,https://pokeapi.co/api/v2/pokemon/569/,569,garbodor,False,False,False,generation-v,https://pokeapi.co/api/v2/generation/5/
755,False,garbodor-gmax,https://pokeapi.co/api/v2/pokemon/10207/,569,garbodor,False,False,False,,
756,True,zoroark,https://pokeapi.co/api/v2/pokemon/571/,571,zoroark,False,False,False,generation-v,https://pokeapi.co/api/v2/generation/5/
757,False,zoroark-hisui,https://pokeapi.co/api/v2/pokemon/10239/,571,zoroark,False,False,False,,
758,True,cinccino,https://pokeapi.co/api/v2/pokemon/573/,573,cinccino,False,False,False,generation-v,https://pokeapi.co/api/v2/generation/5/
759,True,gothorita,https://pokeapi.co/api/v2/pokemon/575/,575,gothorita,False,False,False,generation-v,https://pokeapi.co/api/v2/generation/5/
760,True,gothitelle,https://pokeapi.co/api/v2/pokemon/576/,576,gothitelle,False,False,False,generation-v,https://pokeapi.co/api/v2/generation/5/
761,True,duosion,https://pokeapi.co/api/v2/pokemon/578/,578,duosion,False,False,False,generation-v,https://pokeapi.co/api/v2/generation/5/
762,True,reuniclus,https://pokeapi.co/api/v2/pokemon/579/,579,reuniclus,False,False,False,generation-v,https://pokeapi.co/api/v2/generation/5/
763,True,swanna,https://pokeapi.co/api/v2/pokemon/581/,581,swanna,False,False,False,generation-v,https://pokeapi.co/api/v2/generation/5/
764,True,vanillish,https://pokeapi.co/api/v2/pokemon/583/,583,vanillish,False,False,False,generation-v,https://pokeapi.co/api/v2/generation/5/
765,True,vanilluxe,https://pokeapi.co/api/v2/pokemon/584/,584,vanilluxe,False,False,False,generation-v,https://pokeapi.co/api/v2/generation/5/
766,True,sawsbuck,https://pokeapi.co/api/v2/pokemon/586/,586,sawsbuck,False,False,False,generation-v,https://pokeapi.co/api/v2/generation/5/
767,True,escavalier,https://pokeapi.co/api/v2/pokemon/589/,589,escavalier,False,False,False,generation-v,https://pokeapi.co/api/v2/generation/5/
768,True,amoonguss,https://pokeapi.co/api/v2/pokemon/591/,591,amoonguss,False,False,False,generation-v,https://pokeapi.co/api/v2/generation/5/
769,True,jellicent-male,https://pokeapi.co/api/v2/pokemon/593/,593,jellicent,False,False,False,generation-v,https://pokeapi.co/api/v2/generation/5/
770,True,galvantula,https://pokeapi.co/api/v2/pokemon/596/,596,galvantula,False,False,False,generation-v,https://pokeapi.co/api/v2/generation/5/
771,True,ferrothorn,https://pokeapi.co/api/v2/pokemon/598/,598,ferrothorn,False,False,False,generation-v,https://pokeapi.co/api/v2/generation/5/
772,True,klang,https://pokeapi.co/api/v2/pokemon/600/,600,klang,False,False,False,generation-v,https://pokeapi.co/api/v2/generation/5/
773,True,eelektrik,https://pokeapi.co/api/v2/pokemon/603/,603,eelektrik,False,False,False,generation-v,https://pokeapi.co/api/v2/generation/5/
774,True,eelektross,https://pokeapi.co/api/v2/pokemon/604/,604,eelektross,False,False,False,generation-v,https://pokeapi.co/api/v2/generation/5/
775,False,eelektross-mega,https://pokeapi.co/api/v2/pokemon/10290/,604,eelektross,False,False,False,,
776,True,beheeyem,https://pokeapi.co/api/v2/pokemon/606/,606,beheeyem,False,False,False,generation-v,https://pokeapi.co/api/v2/generation/5/
777,True,lampent,https://pokeapi.co/api/v2/pokemon/608/,608,lampent,False,False,False,generation-v,https://pokeapi.co/api/v2/generation/5/
778,True,axew,https://pokeapi.co/api/v2/pokemon/610/,610,axew,False,False,False,generation-v,https://pokeapi.co/api/v2/generation/5/
779,True,cubchoo,https://pokeapi.co/api/v2/pokemon/613/,613,cubchoo,False,False,False,generation-v,https://pokeapi.co/api/v2/generation/5/
780,True,cryogonal,https://pokeapi.co/api/v2/pokemon/615/,615,cryogonal,False,False,False,generation-v,https://pokeapi.co/api/v2/generation/5/
781,True,shelmet,https://pokeapi.co/api/v2/pokemon/616/,616,shelmet,False,False,False,generation-v,https://pokeapi.co/api/v2/generation/5/
782,True,stunfisk,https://pokeapi.co/api/v2/pokemon/618/,618,stunfisk,False,False,False,generation-v,https://pokeapi.co/api/v2/generation/5/
783,False,stunfisk-galar,https://pokeapi.co/api/v2/pokemon/10180/,618,stunfisk,False,False,False,,
784,True,mienfoo,https://pokeapi.co/api/v2/pokemon/619/,619,mienfoo,False,False,False,generation-v,https://pokeapi.co/api/v2/generation/5/
785,True,druddigon,https://pokeapi.co/api/v2/pokemon/621/,621,druddigon,False,False,False,generation-v,https://pokeapi.co/api/v2/generation/5/
786,True,golett,https://pokeapi.co/api/v2/pokemon/622/,622,golett,False,False,False,generation-v,https://pokeapi.co/api/v2/generation/5/
787,True,pawniard,https://pokeapi.co/api/v2/pokemon/624/,624,pawniard,False,False,False,generation-v,https://pokeapi.co/api/v2/generation/5/
788,True,bouffalant,https://pokeapi.co/api/v2/pokemon/626/,626,bouffalant,False,False,False,generation-v,https://pokeapi.co/api/v2/generation/5/
789,True,rufflet,https://pokeapi.co/api/v2/pokemon/627/,627,rufflet,False,False,False,generation-v,https://pokeapi.co/api/v2/generation/5/
790,True,vullaby,https://pokeapi.co/api/v2/pokemon/629/,629,vullaby,False,False,False,generation-v,https://pokeapi.co/api/v2/generation/5/
791,True,heatmor,https://pokeapi.co/api/v2/pokemon/631/,631,heatmor,False,False,False,generation-v,https://pokeapi.co/api/v2/generation/5/
792,True,durant,https://pokeapi.co/api/v2/pokemon/632/,632,durant,False,False,False,generation-v,https://pokeapi.co/api/v2/generation/5/
793,True,deino,https://pokeapi.co/api/v2/pokemon/633/,633,deino,False,False,False,generation-v,https://pokeapi.co/api/v2/generation/5/
794,True,larvesta,https://pokeapi.co/api/v2/pokemon/636/,636,larvesta,False,False,False,generation-v,https://pokeapi.co/api/v2/generation/5/
795,True,cobalion,https://pokeapi.co/api/v2/pokemon/638/,638,cobalion,False,True,False,generation-v,https://pokeapi.co/api/v2/generation/5/
796,True,terrakion,https://pokeapi.co/api/v2/pokemon/639/,639,terrakion,False,True,False,generation-v,https://pokeapi.co/api/v2/generation/5/
797,True,virizion,https://pokeapi.co/api/v2/pokemon/640/,640,virizion,False,True,False,generation-v,https://pokeapi.co/api/v2/generation/5/
798,True,tornadus-incarnate,https://pokeapi.co/api/v2/pokemon/641/,641,tornadus,False,True,False,generation-v,https://pokeapi.co/api/v2/generation/5/
799,False,tornadus-therian,https://pokeapi.co/api/v2/pokemon/10019/,641,tornadus,False,True,False,,
800,True,thundurus-incarnate,https://pokeapi.co/api/v2/pokemon/642/,642,thundurus,False,True,False,generation-v,https://pokeapi.co/api/v2/generation/5/
801,False,thundurus-therian,https://pokeapi.co/api/v2/pokemon/10020/,642,thundurus,False,True,False,,
802,True,reshiram,https://pokeapi.co/api/v2/pokemon/643/,643,reshiram,False,True,False,generation-v,https://pokeapi.co/api/v2/generation/5/
803,True,zekrom,https://pokeapi.co/api/v2/pokemon/644/,644,zekrom,False,True,False,generation-v,https://pokeapi.co/api/v2/generation/5/
804,True,landorus-incarnate,https://pokeapi.co/api/v2/pokemon/645/,645,landorus,False,True,False,generation-v,https://pokeapi.co/api/v2/generation/5/
805,False,landorus-therian,https://pokeapi.co/api/v2/pokemon/10021/,645,landorus,False,True,False,,
806,True,kyurem,https://pokeapi.co/api/v2/pokemon/646/,646,kyurem,False,True,False,generation-v,https://pokeapi.co/api/v2/generation/5/
807,False,kyurem-black,https://pokeapi.co/api/v2/pokemon/10022/,646,kyurem,False,True,False,,
808,False,kyurem-white,https://pokeapi.co/api/v2/pokemon/10023/,646,kyurem,False,True,False,,
809,True,keldeo-ordinary,https://pokeapi.co/api/v2/pokemon/647/,647,keldeo,False,False,True,generation-v,https://pokeapi.co/api/v2/generation/5/
810,False,keldeo-resolute,https://pokeapi.co/api/v2/pokemon/10024/,647,keldeo,False,False,True,,
811,True,meloetta-aria,https://pokeapi.co/api/v2/pokemon/648/,648,meloetta,False,False,True,generation-v,https://pokeapi.co/api/v2/generation/5/
812,False,meloetta-pirouette,https://pokeapi.co/api/v2/pokemon/10018/,648,meloetta,False,False,True,,
813,True,genesect,https://pokeapi.co/api/v2/pokemon/649/,649,genesect,False,False,True,generation-v,https://pokeapi.co/api/v2/generation/5/
814,True,fraxure,https://pokeapi.co/api/v2/pokemon/611/,611,fraxure,False,False,False,generation-v,https://pokeapi.co/api/v2/generation/5/
815,True,haxorus,https://pokeapi.co/api/v2/pokemon/612/,612,haxorus,False,False,False,generation-v,https://pokeapi.co/api/v2/generation/5/
816,True,beartic,https://pokeapi.co/api/v2/pokemon/614/,614,beartic,False,False,False,generation-v,https://pokeapi.co/api/v2/generation/5/
817,True,accelgor,https://pokeapi.co/api/v2/pokemon/617/,617,accelgor,False,False,False,generation-v,https://pokeapi.co/api/v2/generation/5/
818,True,golurk,https://pokeapi.co/api/v2/pokemon/623/,623,golurk,False,False,False,generation-v,https://pokeapi.co/api/v2/generation/5/
819,False,golurk-mega,https://pokeapi.co/api/v2/pokemon/10313/,623,golurk,False,False,False,,
820,True,bisharp,https://pokeapi.co/api/v2/pokemon/625/,625,bisharp,False,False,False,generation-v,https://pokeapi.co/api/v2/generation/5/
821,True,braviary,https://pokeapi.co/api/v2/pokemon/628/,628,braviary,False,False,False,generation-v,https://pokeapi.co/api/v2/generation/5/
822,False,braviary-hisui,https://pokeapi.co/api/v2/pokemon/10240/,628,braviary,False,False,False,,
823,True,mandibuzz,https://pokeapi.co/api/v2/pokemon/630/,630,mandibuzz,False,False,False,generation-v,https://pokeapi.co/api/v2/generation/5/
824,True,zweilous,https://pokeapi.co/api/v2/pokemon/634/,634,zweilous,False,False,False,generation-v,https://pokeapi.co/api/v2/generation/5/
825,True,hydreigon,https://pokeapi.co/api/v2/pokemon/635/,635,hydreigon,False,False,False,generation-v,https://pokeapi.co/api/v2/generation/5/
826,True,volcarona,https://pokeapi.co/api/v2/pokemon/637/,637,volcarona,False,False,False,generation-v,https://pokeapi.co/api/v2/generation/5/
827,True,herdier,https://pokeapi.co/api/v2/pokemon/507/,507,herdier,False,False,False,generation-v,https://pokeapi.co/api/v2/generation/5/
828,True,gurdurr,https://pokeapi.co/api/v2/pokemon/533/,533,gurdurr,False,False,False,generation-v,https://pokeapi.co/api/v2/generation/5/
829,True,cofagrigus,https://pokeapi.co/api/v2/pokemon/563/,563,cofagrigus,False,False,False,generation-v,https://pokeapi.co/api/v2/generation/5/
830,True,klinklang,https://pokeapi.co/api/v2/pokemon/601/,601,klinklang,False,False,False,generation-v,https://pokeapi.co/api/v2/generation/5/
831,True,chandelure,https://pokeapi.co/api/v2/pokemon/609/,609,chandelure,False,False,False,generation-v,https://pokeapi.co/api/v2/generation/5/
832,False,chandelure-mega,https://pokeapi.co/api/v2/pokemon/10291/,609,chandelure,False,False,False,,
833,True,mienshao,https://pokeapi.co/api/v2/pokemon/620/,620,mienshao,False,False,False,generation-v,https://pokeapi.co/api/v2/generation/5/
834,True,chespin,https://pokeapi.co/api/v2/pokemon/650/,650,chespin,False,False,False,generation-vi,https://pokeapi.co/api/v2/generation/6/
835,True,fennekin,https://pokeapi.co/api/v2/pokemon/653/,653,fennekin,False,False,False,generation-vi,https://pokeapi.co/api/v2/generation/6/
836,True,froakie,https://pokeapi.co/api/v2/pokemon/656/,656,froakie,False,False,False,generation-vi,https://pokeapi.co/api/v2/generation/6/
837,True,bunnelby,https://pokeapi.co/api/v2/pokemon/659/,659,bunnelby,False,False,False,generation-vi,https://pokeapi.co/api/v2/generation/6/
838,True,fletchling,https://pokeapi.co/api/v2/pokemon/661/,661,fletchling,False,False,False,generation-vi,https://pokeapi.co/api/v2/generation/6/
839,True,scatterbug,https://pokeapi.co/api/v2/pokemon/664/,664,scatterbug,False,False,False,generation-vi,https://pokeapi.co/api/v2/generation/6/
840,True,litleo,https://pokeapi.co/api/v2/pokemon/667/,667,litleo,False,False,False,generation-vi,https://pokeapi.co/api/v2/generation/6/
841,True,flabebe,https://pokeapi.co/api/v2/pokemon/669/,669,flabebe,False,False,False,generation-vi,https://pokeapi.co/api/v2/generation/6/
842,True,skiddo,https://pokeapi.co/api/v2/pokemon/672/,672,skiddo,False,False,False,generation-vi,https://pokeapi.co/api/v2/generation/6/
843,True,pancham,https://pokeapi.co/api/v2/pokemon/674/,674,pancham,False,False,False,generation-vi,https://pokeapi.co/api/v2/generation/6/
844,True,furfrou,https://pokeapi.co/api/v2/pokemon/676/,676,furfrou,False,False,False,generation-vi,https://pokeapi.co/api/v2/generation/6/
845,True,espurr,https://pokeapi.co/api/v2/pokemon/677/,677,espurr,False,False,False,generation-vi,https://pokeapi.co/api/v2/generation/6/
846,True,honedge,https://pokeapi.co/api/v2/pokemon/679/,679,honedge,False,False,False,generation-vi,https://pokeapi.co/api/v2/generation/6/
847,True,spritzee,https://pokeapi.co/api/v2/pokemon/682/,682,spritzee,False,False,False,generation-vi,https://pokeapi.co/api/v2/generation/6/
848,True,swirlix,https://pokeapi.co/api/v2/pokemon/684/,684,swirlix,False,False,False,generation-vi,https://pokeapi.co/api/v2/generation/6/
849,True,inkay,https://pokeapi.co/api/v2/pokemon/686/,686,inkay,False,False,False,generation-vi,https://pokeapi.co/api/v2/generation/6/
850,True,quilladin,https://pokeapi.co/api/v2/pokemon/651/,651,quilladin,False,False,False,generation-vi,https://pokeapi.co/api/v2/generation/6/
851,True,chesnaught,https://pokeapi.co/api/v2/pokemon/652/,652,chesnaught,False,False,False,generation-vi,https://pokeapi.co/api/v2/generation/6/
852,False,chesnaught-mega,https://pokeapi.co/api/v2/pokemon/10292/,652,chesnaught,False,False,False,,
853,True,braixen,https://pokeapi.co/api/v2/pokemon/654/,654,braixen,False,False,False,generation-vi,https://pokeapi.co/api/v2/generation/6/
854,True,delphox,https://pokeapi.co/api/v2/pokemon/655/,655,delphox,False,False,False,generation-vi,https://pokeapi.co/api/v2/generation/6/
855,False,delphox-mega,https://pokeapi.co/api/v2/pokemon/10293/,655,delphox,False,False,False,,
856,True,frogadier,https://pokeapi.co/api/v2/pokemon/657/,657,frogadier,False,False,False,generation-vi,https://pokeapi.co/api/v2/generation/6/
857,True,greninja,https://pokeapi.co/api/v2/pokemon/658/,658,greninja,False,False,False,generation-vi,https://pokeapi.co/api/v2/generation/6/
858,False,greninja-battle-bond,https://pokeapi.co/api/v2/pokemon/10116/,658,greninja,False,False,False,,
859,False,greninja-ash,https://pokeapi.co/api/v2/pokemon/10117/,658,greninja,False,False,False,,
860,False,greninja-mega,https://pokeapi.co/api/v2/pokemon/10294/,658,greninja,False,False,False,,
861,True,diggersby,https://pokeapi.co/api/v2/pokemon/660/,660,diggersby,False,False,False,generation-vi,https://pokeapi.co/api/v2/generation/6/
862,True,fletchinder,https://pokeapi.co/api/v2/pokemon/662/,662,fletchinder,False,False,False,generation-vi,https://pokeapi.co/api/v2/generation/6/
863,True,talonflame,https://pokeapi.co/api/v2/pokemon/663/,663,talonflame,False,False,False,generation-vi,https://pokeapi.co/api/v2/generation/6/
864,True,spewpa,https://pokeapi.co/api/v2/pokemon/665/,665,spewpa,False,False,False,generation-vi,https://pokeapi.co/api/v2/generation/6/
865,True,pyroar-male,https://pokeapi.co/api/v2/pokemon/668/,668,pyroar,False,False,False,generation-vi,https://pokeapi.co/api/v2/generation/6/
866,False,pyroar-mega,https://pokeapi.co/api/v2/pokemon/10295/,668,pyroar,False,False,False,,
867,True,floette,https://pokeapi.co/api/v2/pokemon/670/,670,floette,False,False,False,generation-vi,https://pokeapi.co/api/v2/generation/6/
868,False,floette-eternal,https://pokeapi.co/api/v2/pokemon/10061/,670,floette,False,False,False,,
869,False,floette-mega,https://pokeapi.co/api/v2/pokemon/10296/,670,floette,False,False,False,,
870,True,florges,https://pokeapi.co/api/v2/pokemon/671/,671,florges,False,False,False,generation-vi,https://pokeapi.co/api/v2/generation/6/
871,True,gogoat,https://pokeapi.co/api/v2/pokemon/673/,673,gogoat,False,False,False,generation-vi,https://pokeapi.co/api/v2/generation/6/
872,True,pangoro,https://pokeapi.co/api/v2/pokemon/675/,675,pangoro,False,False,False,generation-vi,https://pokeapi.co/api/v2/generation/6/
873,True,meowstic-male,https://pokeapi.co/api/v2/pokemon/678/,678,meowstic,False,False,False,generation-vi,https://pokeapi.co/api/v2/generation/6/
874,False,meowstic-female,https://pokeapi.co/api/v2/pokemon/10025/,678,meowstic,False,False,False,,
875,False,meowstic-male-mega,https://pokeapi.co/api/v2/pokemon/10314/,678,meowstic,False,False,False,,
876,False,meowstic-female-mega,https://pokeapi.co/api/v2/pokemon/10326/,678,meowstic,False,False,False,,
877,True,doublade,https://pokeapi.co/api/v2/pokemon/680/,680,doublade,False,False,False,generation-vi,https://pokeapi.co/api/v2/generation/6/
878,True,aegislash-shield,https://pokeapi.co/api/v2/pokemon/681/,681,aegislash,False,False,False,generation-vi,https://pokeapi.co/api/v2/generation/6/
879,False,aegislash-blade,https://pokeapi.co/api/v2/pokemon/10026/,681,aegislash,False,False,False,,
880,True,aromatisse,https://pokeapi.co/api/v2/pokemon/683/,683,aromatisse,False,False,False,generation-vi,https://pokeapi.co/api/v2/generation/6/
881,True,slurpuff,https://pokeapi.co/api/v2/pokemon/685/,685,slurpuff,False,False,False,generation-vi,https://pokeapi.co/api/v2/generation/6/
882,True,binacle,https://pokeapi.co/api/v2/pokemon/688/,688,binacle,False,False,False,generation-vi,https://pokeapi.co/api/v2/generation/6/
883,True,skrelp,https://pokeapi.co/api/v2/pokemon/690/,690,skrelp,False,False,False,generation-vi,https://pokeapi.co/api/v2/generation/6/
884,True,clauncher,https://pokeapi.co/api/v2/pokemon/692/,692,clauncher,False,False,False,generation-vi,https://pokeapi.co/api/v2/generation/6/
885,True,helioptile,https://pokeapi.co/api/v2/pokemon/694/,694,helioptile,False,False,False,generation-vi,https://pokeapi.co/api/v2/generation/6/
886,True,tyrunt,https://pokeapi.co/api/v2/pokemon/696/,696,tyrunt,False,False,False,generation-vi,https://pokeapi.co/api/v2/generation/6/
887,True,amaura,https://pokeapi.co/api/v2/pokemon/698/,698,amaura,False,False,False,generation-vi,https://pokeapi.co/api/v2/generation/6/
888,True,hawlucha,https://pokeapi.co/api/v2/pokemon/701/,701,hawlucha,False,False,False,generation-vi,https://pokeapi.co/api/v2/generation/6/
889,False,hawlucha-mega,https://pokeapi.co/api/v2/pokemon/10300/,701,hawlucha,False,False,False,,
890,True,dedenne,https://pokeapi.co/api/v2/pokemon/702/,702,dedenne,False,False,False,generation-vi,https://pokeapi.co/api/v2/generation/6/
891,True,carbink,https://pokeapi.co/api/v2/pokemon/703/,703,carbink,False,False,False,generation-vi,https://pokeapi.co/api/v2/generation/6/
892,True,goomy,https://pokeapi.co/api/v2/pokemon/704/,704,goomy,False,False,False,generation-vi,https://pokeapi.co/api/v2/generation/6/
893,True,klefki,https://pokeapi.co/api/v2/pokemon/707/,707,klefki,False,False,False,generation-vi,https://pokeapi.co/api/v2/generation/6/
894,True,phantump,https://pokeapi.co/api/v2/pokemon/708/,708,phantump,False,False,False,generation-vi,https://pokeapi.co/api/v2/generation/6/
895,True,pumpkaboo-average,https://pokeapi.co/api/v2/pokemon/710/,710,pumpkaboo,False,False,False,generation-vi,https://pokeapi.co/api/v2/generation/6/
896,False,pumpkaboo-small,https://pokeapi.co/api/v2/pokemon/10027/,710,pumpkaboo,False,False,False,,
897,False,pumpkaboo-large,https://pokeapi.co/api/v2/pokemon/10028/,710,pumpkaboo,False,False,False,,
898,False,pumpkaboo-super,https://pokeapi.co/api/v2/pokemon/10029/,710,pumpkaboo,False,False,False,,
899,True,bergmite,https://pokeapi.co/api/v2/pokemon/712/,712,bergmite,False,False,False,generation-vi,https://pokeapi.co/api/v2/generation/6/
900,True,noibat,https://pokeapi.co/api/v2/pokemon/714/,714,noibat,False,False,False,generation-vi,https://pokeapi.co/api/v2/generation/6/
901,True,xerneas,https://pokeapi.co/api/v2/pokemon/716/,716,xerneas,False,True,False,generation-vi,https://pokeapi.co/api/v2/generation/6/
902,True,yveltal,https://pokeapi.co/api/v2/pokemon/717/,717,yveltal,False,True,False,generation-vi,https://pokeapi.co/api/v2/generation/6/
903,True,zygarde-50,https://pokeapi.co/api/v2/pokemon/718/,718,zygarde,False,True,False,generation-vi,https://pokeapi.co/api/v2/generation/6/
904,False,zygarde-10-power-construct,https://pokeapi.co/api/v2/pokemon/10118/,718,zygarde,False,True,False,,
905,False,zygarde-50-power-construct,https://pokeapi.co/api/v2/pokemon/10119/,718,zygarde,False,True,False,,
906,False,zygarde-complete,https://pokeapi.co/api/v2/pokemon/10120/,718,zygarde,False,True,False,,
907,False,zygarde-10,https://pokeapi.co/api/v2/pokemon/10181/,718,zygarde,False,True,False,,
908,False,zygarde-mega,https://pokeapi.co/api/v2/pokemon/10301/,718,zygarde,False,True,False,,
909,True,diancie,https://pokeapi.co/api/v2/pokemon/719/,719,diancie,False,False,True,generation-vi,https://pokeapi.co/api/v2/generation/6/
910,False,diancie-mega,https://pokeapi.co/api/v2/pokemon/10075/,719,diancie,False,False,True,,
911,True,hoopa,https://pokeapi.co/api/v2/pokemon/720/,720,hoopa,False,False,True,generation-vi,https://pokeapi.co/api/v2/generation/6/
912,False,hoopa-unbound,https://pokeapi.co/api/v2/pokemon/10086/,720,hoopa,False,False,True,,
913,True,volcanion,https://pokeapi.co/api/v2/pokemon/721/,721,volcanion,False,False,True,generation-vi,https://pokeapi.co/api/v2/generation/6/
914,True,barbaracle,https://pokeapi.co/api/v2/pokemon/689/,689,barbaracle,False,False,False,generation-vi,https://pokeapi.co/api/v2/generation/6/
915,False,barbaracle-mega,https://pokeapi.co/api/v2/pokemon/10298/,689,barbaracle,False,False,False,,
916,True,dragalge,https://pokeapi.co/api/v2/pokemon/691/,691,dragalge,False,False,False,generation-vi,https://pokeapi.co/api/v2/generation/6/
917,False,dragalge-mega,https://pokeapi.co/api/v2/pokemon/10299/,691,dragalge,False,False,False,,
918,True,clawitzer,https://pokeapi.co/api/v2/pokemon/693/,693,clawitzer,False,False,False,generation-vi,https://pokeapi.co/api/v2/generation/6/
919,True,heliolisk,https://pokeapi.co/api/v2/pokemon/695/,695,heliolisk,False,False,False,generation-vi,https://pokeapi.co/api/v2/generation/6/
920,True,aurorus,https://pokeapi.co/api/v2/pokemon/699/,699,aurorus,False,False,False,generation-vi,https://pokeapi.co/api/v2/generation/6/
921,True,sylveon,https://pokeapi.co/api/v2/pokemon/700/,700,sylveon,False,False,False,generation-vi,https://pokeapi.co/api/v2/generation/6/
922,True,sliggoo,https://pokeapi.co/api/v2/pokemon/705/,705,sliggoo,False,False,False,generation-vi,https://pokeapi.co/api/v2/generation/6/
923,False,sliggoo-hisui,https://pokeapi.co/api/v2/pokemon/10241/,705,sliggoo,False,False,False,,
924,True,goodra,https://pokeapi.co/api/v2/pokemon/706/,706,goodra,False,False,False,generation-vi,https://pokeapi.co/api/v2/generation/6/
925,False,goodra-hisui,https://pokeapi.co/api/v2/pokemon/10242/,706,goodra,False,False,False,,
926,True,trevenant,https://pokeapi.co/api/v2/pokemon/709/,709,trevenant,False,False,False,generation-vi,https://pokeapi.co/api/v2/generation/6/
927,True,gourgeist-average,https://pokeapi.co/api/v2/pokemon/711/,711,gourgeist,False,False,False,generation-vi,https://pokeapi.co/api/v2/generation/6/
928,False,gourgeist-small,https://pokeapi.co/api/v2/pokemon/10030/,711,gourgeist,False,False,False,,
929,False,gourgeist-large,https://pokeapi.co/api/v2/pokemon/10031/,711,gourgeist,False,False,False,,
930,False,gourgeist-super,https://pokeapi.co/api/v2/pokemon/10032/,711,gourgeist,False,False,False,,
931,True,avalugg,https://pokeapi.co/api/v2/pokemon/713/,713,avalugg,False,False,False,generation-vi,https://pokeapi.co/api/v2/generation/6/
932,False,avalugg-hisui,https://pokeapi.co/api/v2/pokemon/10243/,713,avalugg,False,False,False,,
933,True,noivern,https://pokeapi.co/api/v2/pokemon/715/,715,noivern,False,False,False,generation-vi,https://pokeapi.co/api/v2/generation/6/
934,True,vivillon,https://pokeapi.co/api/v2/pokemon/666/,666,vivillon,False,False,False,generation-vi,https://pokeapi.co/api/v2/generation/6/
935,True,malamar,https://pokeapi.co/api/v2/pokemon/687/,687,malamar,False,False,False,generation-vi,https://pokeapi.co/api/v2/generation/6/
936,False,malamar-mega,https://pokeapi.co/api/v2/pokemon/10297/,687,malamar,False,False,False,,
937,True,tyrantrum,https://pokeapi.co/api/v2/pokemon/697/,697,tyrantrum,False,False,False,generation-vi,https://pokeapi.co/api/v2/generation/6/
938,True,rowlet,https://pokeapi.co/api/v2/pokemon/722/,722,rowlet,False,False,False,generation-vii,https://pokeapi.co/api/v2/generation/7/
939,True,litten,https://pokeapi.co/api/v2/pokemon/725/,725,litten,False,False,False,generation-vii,https://pokeapi.co/api/v2/generation/7/
940,True,popplio,https://pokeapi.co/api/v2/pokemon/728/,728,popplio,False,False,False,generation-vii,https://pokeapi.co/api/v2/generation/7/
941,True,pikipek,https://pokeapi.co/api/v2/pokemon/731/,731,pikipek,False,False,False,generation-vii,https://pokeapi.co/api/v2/generation/7/
942,True,yungoos,https://pokeapi.co/api/v2/pokemon/734/,734,yungoos,False,False,False,generation-vii,https://pokeapi.co/api/v2/generation/7/
943,True,grubbin,https://pokeapi.co/api/v2/pokemon/736/,736,grubbin,False,False,False,generation-vii,https://pokeapi.co/api/v2/generation/7/
944,True,crabrawler,https://pokeapi.co/api/v2/pokemon/739/,739,crabrawler,False,False,False,generation-vii,https://pokeapi.co/api/v2/generation/7/
945,True,oricorio-baile,https://pokeapi.co/api/v2/pokemon/741/,741,oricorio,False,False,False,generation-vii,https://pokeapi.co/api/v2/generation/7/
946,False,oricorio-pom-pom,https://pokeapi.co/api/v2/pokemon/10123/,741,oricorio,False,False,False,,
947,False,oricorio-pau,https://pokeapi.co/api/v2/pokemon/10124/,741,oricorio,False,False,False,,
948,False,oricorio-sensu,https://pokeapi.co/api/v2/pokemon/10125/,741,oricorio,False,False,False,,
949,True,cutiefly,https://pokeapi.co/api/v2/pokemon/742/,742,cutiefly,False,False,False,generation-vii,https://pokeapi.co/api/v2/generation/7/
950,True,rockruff,https://pokeapi.co/api/v2/pokemon/744/,744,rockruff,False,False,False,generation-vii,https://pokeapi.co/api/v2/generation/7/
951,False,rockruff-own-tempo,https://pokeapi.co/api/v2/pokemon/10151/,744,rockruff,False,False,False,,
952,True,wishiwashi-solo,https://pokeapi.co/api/v2/pokemon/746/,746,wishiwashi,False,False,False,generation-vii,https://pokeapi.co/api/v2/generation/7/
953,False,wishiwashi-school,https://pokeapi.co/api/v2/pokemon/10127/,746,wishiwashi,False,False,False,,
954,True,mareanie,https://pokeapi.co/api/v2/pokemon/747/,747,mareanie,False,False,False,generation-vii,https://pokeapi.co/api/v2/generation/7/
955,True,mudbray,https://pokeapi.co/api/v2/pokemon/749/,749,mudbray,False,False,False,generation-vii,https://pokeapi.co/api/v2/generation/7/
956,True,dewpider,https://pokeapi.co/api/v2/pokemon/751/,751,dewpider,False,False,False,generation-vii,https://pokeapi.co/api/v2/generation/7/
957,True,fomantis,https://pokeapi.co/api/v2/pokemon/753/,753,fomantis,False,False,False,generation-vii,https://pokeapi.co/api/v2/generation/7/
958,True,morelull,https://pokeapi.co/api/v2/pokemon/755/,755,morelull,False,False,False,generation-vii,https://pokeapi.co/api/v2/generation/7/
959,True,salandit,https://pokeapi.co/api/v2/pokemon/757/,757,salandit,False,False,False,generation-vii,https://pokeapi.co/api/v2/generation/7/
960,True,stufful,https://pokeapi.co/api/v2/pokemon/759/,759,stufful,False,False,False,generation-vii,https://pokeapi.co/api/v2/generation/7/
961,True,bounsweet,https://pokeapi.co/api/v2/pokemon/761/,761,bounsweet,False,False,False,generation-vii,https://pokeapi.co/api/v2/generation/7/
962,True,comfey,https://pokeapi.co/api/v2/pokemon/764/,764,comfey,False,False,False,generation-vii,https://pokeapi.co/api/v2/generation/7/
963,True,dartrix,https://pokeapi.co/api/v2/pokemon/723/,723,dartrix,False,False,False,generation-vii,https://pokeapi.co/api/v2/generation/7/
964,True,decidueye,https://pokeapi.co/api/v2/pokemon/724/,724,decidueye,False,False,False,generation-vii,https://pokeapi.co/api/v2/generation/7/
965,False,decidueye-hisui,https://pokeapi.co/api/v2/pokemon/10244/,724,decidueye,False,False,False,,
966,True,torracat,https://pokeapi.co/api/v2/pokemon/726/,726,torracat,False,False,False,generation-vii,https://pokeapi.co/api/v2/generation/7/
967,True,incineroar,https://pokeapi.co/api/v2/pokemon/727/,727,incineroar,False,False,False,generation-vii,https://pokeapi.co/api/v2/generation/7/
968,True,primarina,https://pokeapi.co/api/v2/pokemon/730/,730,primarina,False,False,False,generation-vii,https://pokeapi.co/api/v2/generation/7/
969,True,trumbeak,https://pokeapi.co/api/v2/pokemon/732/,732,trumbeak,False,False,False,generation-vii,https://pokeapi.co/api/v2/generation/7/
970,True,toucannon,https://pokeapi.co/api/v2/pokemon/733/,733,toucannon,False,False,False,generation-vii,https://pokeapi.co/api/v2/generation/7/
971,True,gumshoos,https://pokeapi.co/api/v2/pokemon/735/,735,gumshoos,False,False,False,generation-vii,https://pokeapi.co/api/v2/generation/7/
972,False,gumshoos-totem,https://pokeapi.co/api/v2/pokemon/10121/,735,gumshoos,False,False,False,,
973,True,charjabug,https://pokeapi.co/api/v2/pokemon/737/,737,charjabug,False,False,False,generation-vii,https://pokeapi.co/api/v2/generation/7/
974,True,vikavolt,https://pokeapi.co/api/v2/pokemon/738/,738,vikavolt,False,False,False,generation-vii,https://pokeapi.co/api/v2/generation/7/
975,False,vikavolt-totem,https://pokeapi.co/api/v2/pokemon/10122/,738,vikavolt,False,False,False,,
976,True,crabominable,https://pokeapi.co/api/v2/pokemon/740/,740,crabominable,False,False,False,generation-vii,https://pokeapi.co/api/v2/generation/7/
977,False,crabominable-mega,https://pokeapi.co/api/v2/pokemon/10315/,740,crabominable,False,False,False,,
978,True,ribombee,https://pokeapi.co/api/v2/pokemon/743/,743,ribombee,False,False,False,generation-vii,https://pokeapi.co/api/v2/generation/7/
979,False,ribombee-totem,https://pokeapi.co/api/v2/pokemon/10150/,743,ribombee,False,False,False,,
980,True,lycanroc-midday,https://pokeapi.co/api/v2/pokemon/745/,745,lycanroc,False,False,False,generation-vii,https://pokeapi.co/api/v2/generation/7/
981,False,lycanroc-midnight,https://pokeapi.co/api/v2/pokemon/10126/,745,lycanroc,False,False,False,,
982,False,lycanroc-dusk,https://pokeapi.co/api/v2/pokemon/10152/,745,lycanroc,False,False,False,,
983,True,toxapex,https://pokeapi.co/api/v2/pokemon/748/,748,toxapex,False,False,False,generation-vii,https://pokeapi.co/api/v2/generation/7/
984,True,mudsdale,https://pokeapi.co/api/v2/pokemon/750/,750,mudsdale,False,False,False,generation-vii,https://pokeapi.co/api/v2/generation/7/
985,True,araquanid,https://pokeapi.co/api/v2/pokemon/752/,752,araquanid,False,False,False,generation-vii,https://pokeapi.co/api/v2/generation/7/
986,False,araquanid-totem,https://pokeapi.co/api/v2/pokemon/10153/,752,araquanid,False,False,False,,
987,True,lurantis,https://pokeapi.co/api/v2/pokemon/754/,754,lurantis,False,False,False,generation-vii,https://pokeapi.co/api/v2/generation/7/
988,False,lurantis-totem,https://pokeapi.co/api/v2/pokemon/10128/,754,lurantis,False,False,False,,
989,True,shiinotic,https://pokeapi.co/api/v2/pokemon/756/,756,shiinotic,False,False,False,generation-vii,https://pokeapi.co/api/v2/generation/7/
990,True,salazzle,https://pokeapi.co/api/v2/pokemon/758/,758,salazzle,False,False,False,generation-vii,https://pokeapi.co/api/v2/generation/7/
991,False,salazzle-totem,https://pokeapi.co/api/v2/pokemon/10129/,758,salazzle,False,False,False,,
992,True,bewear,https://pokeapi.co/api/v2/pokemon/760/,760,bewear,False,False,False,generation-vii,https://pokeapi.co/api/v2/generation/7/
993,True,steenee,https://pokeapi.co/api/v2/pokemon/762/,762,steenee,False,False,False,generation-vii,https://pokeapi.co/api/v2/generation/7/
994,True,oranguru,https://pokeapi.co/api/v2/pokemon/765/,765,oranguru,False,False,False,generation-vii,https://pokeapi.co/api/v2/generation/7/
995,True,passimian,https://pokeapi.co/api/v2/pokemon/766/,766,passimian,False,False,False,generation-vii,https://pokeapi.co/api/v2/generation/7/
996,True,wimpod,https://pokeapi.co/api/v2/pokemon/767/,767,wimpod,False,False,False,generation-vii,https://pokeapi.co/api/v2/generation/7/
997,True,sandygast,https://pokeapi.co/api/v2/pokemon/769/,769,sandygast,False,False,False,generation-vii,https://pokeapi.co/api/v2/generation/7/
998,True,pyukumuku,https://pokeapi.co/api/v2/pokemon/771/,771,pyukumuku,False,False,False,generation-vii,https://pokeapi.co/api/v2/generation/7/
999,True,type-null,https://pokeapi.co/api/v2/pokemon/772/,772,type-null,False,True,False,generation-vii,https://pokeapi.co/api/v2/generation/7/
1000,True,minior-red-meteor,https://pokeapi.co/api/v2/pokemon/774/,774,minior,False,False,False,generation-vii,https://pokeapi.co/api/v2/generation/7/
1001,False,minior-orange-meteor,https://pokeapi.co/api/v2/pokemon/10130/,774,minior,False,False,False,,
1002,False,minior-yellow-meteor,https://pokeapi.co/api/v2/pokemon/10131/,774,minior,False,False,False,,
1003,False,minior-green-meteor,https://pokeapi.co/api/v2/pokemon/10132/,774,minior,False,False,False,,
1004,False,minior-blue-meteor,https://pokeapi.co/api/v2/pokemon/10133/,774,minior,False,False,False,,
1005,False,minior-indigo-meteor,https://pokeapi.co/api/v2/pokemon/10134/,774,minior,False,False,False,,
1006,False,minior-violet-meteor,https://pokeapi.co/api/v2/pokemon/10135/,774,minior,False,False,False,,
1007,False,minior-red,https://pokeapi.co/api/v2/pokemon/10136/,774,minior,False,False,False,,
1008,False,minior-orange,https://pokeapi.co/api/v2/pokemon/10137/,774,minior,False,False,False,,
1009,False,minior-yellow,https://pokeapi.co/api/v2/pokemon/10138/,774,minior,False,False,False,,
1010,False,minior-green,https://pokeapi.co/api/v2/pokemon/10139/,774,minior,False,False,False,,
1011,False,minior-blue,https://pokeapi.co/api/v2/pokemon/10140/,774,minior,False,False,False,,
1012,False,minior-indigo,https://pokeapi.co/api/v2/pokemon/10141/,774,minior,False,False,False,,
1013,False,minior-violet,https://pokeapi.co/api/v2/pokemon/10142/,774,minior,False,False,False,,
1014,True,komala,https://pokeapi.co/api/v2/pokemon/775/,775,komala,False,False,False,generation-vii,https://pokeapi.co/api/v2/generation/7/
1015,True,turtonator,https://pokeapi.co/api/v2/pokemon/776/,776,turtonator,False,False,False,generation-vii,https://pokeapi.co/api/v2/generation/7/
1016,True,togedemaru,https://pokeapi.co/api/v2/pokemon/777/,777,togedemaru,False,False,False,generation-vii,https://pokeapi.co/api/v2/generation/7/
1017,False,togedemaru-totem,https://pokeapi.co/api/v2/pokemon/10154/,777,togedemaru,False,False,False,,
1018,True,mimikyu-disguised,https://pokeapi.co/api/v2/pokemon/778/,778,mimikyu,False,False,False,generation-vii,https://pokeapi.co/api/v2/generation/7/
1019,False,mimikyu-busted,https://pokeapi.co/api/v2/pokemon/10143/,778,mimikyu,False,False,False,,
1020,False,mimikyu-totem-disguised,https://pokeapi.co/api/v2/pokemon/10144/,778,mimikyu,False,False,False,,
1021,False,mimikyu-totem-busted,https://pokeapi.co/api/v2/pokemon/10145/,778,mimikyu,False,False,False,,
1022,True,bruxish,https://pokeapi.co/api/v2/pokemon/779/,779,bruxish,False,False,False,generation-vii,https://pokeapi.co/api/v2/generation/7/
1023,True,drampa,https://pokeapi.co/api/v2/pokemon/780/,780,drampa,False,False,False,generation-vii,https://pokeapi.co/api/v2/generation/7/
1024,False,drampa-mega,https://pokeapi.co/api/v2/pokemon/10302/,780,drampa,False,False,False,,
1025,True,dhelmise,https://pokeapi.co/api/v2/pokemon/781/,781,dhelmise,False,False,False,generation-vii,https://pokeapi.co/api/v2/generation/7/
1026,True,jangmo-o,https://pokeapi.co/api/v2/pokemon/782/,782,jangmo-o,False,False,False,generation-vii,https://pokeapi.co/api/v2/generation/7/
1027,True,tapu-koko,https://pokeapi.co/api/v2/pokemon/785/,785,tapu-koko,False,True,False,generation-vii,https://pokeapi.co/api/v2/generation/7/
1028,True,tapu-lele,https://pokeapi.co/api/v2/pokemon/786/,786,tapu-lele,False,True,False,generation-vii,https://pokeapi.co/api/v2/generation/7/
1029,True,tapu-bulu,https://pokeapi.co/api/v2/pokemon/787/,787,tapu-bulu,False,True,False,generation-vii,https://pokeapi.co/api/v2/generation/7/
1030,True,tapu-fini,https://pokeapi.co/api/v2/pokemon/788/,788,tapu-fini,False,True,False,generation-vii,https://pokeapi.co/api/v2/generation/7/
1031,True,cosmog,https://pokeapi.co/api/v2/pokemon/789/,789,cosmog,False,True,False,generation-vii,https://pokeapi.co/api/v2/generation/7/
1032,True,nihilego,https://pokeapi.co/api/v2/pokemon/793/,793,nihilego,False,False,False,generation-vii,https://pokeapi.co/api/v2/generation/7/
1033,True,buzzwole,https://pokeapi.co/api/v2/pokemon/794/,794,buzzwole,False,False,False,generation-vii,https://pokeapi.co/api/v2/generation/7/
1034,True,pheromosa,https://pokeapi.co/api/v2/pokemon/795/,795,pheromosa,False,False,False,generation-vii,https://pokeapi.co/api/v2/generation/7/
1035,True,xurkitree,https://pokeapi.co/api/v2/pokemon/796/,796,xurkitree,False,False,False,generation-vii,https://pokeapi.co/api/v2/generation/7/
1036,True,celesteela,https://pokeapi.co/api/v2/pokemon/797/,797,celesteela,False,False,False,generation-vii,https://pokeapi.co/api/v2/generation/7/
1037,True,kartana,https://pokeapi.co/api/v2/pokemon/798/,798,kartana,False,False,False,generation-vii,https://pokeapi.co/api/v2/generation/7/
1038,True,guzzlord,https://pokeapi.co/api/v2/pokemon/799/,799,guzzlord,False,False,False,generation-vii,https://pokeapi.co/api/v2/generation/7/
1039,True,necrozma,https://pokeapi.co/api/v2/pokemon/800/,800,necrozma,False,True,False,generation-vii,https://pokeapi.co/api/v2/generation/7/
1040,False,necrozma-dusk,https://pokeapi.co/api/v2/pokemon/10155/,800,necrozma,False,True,False,,
1041,False,necrozma-dawn,https://pokeapi.co/api/v2/pokemon/10156/,800,necrozma,False,True,False,,
1042,False,necrozma-ultra,https://pokeapi.co/api/v2/pokemon/10157/,800,necrozma,False,True,False,,
1043,True,magearna,https://pokeapi.co/api/v2/pokemon/801/,801,magearna,False,False,True,generation-vii,https://pokeapi.co/api/v2/generation/7/
1044,False,magearna-original,https://pokeapi.co/api/v2/pokemon/10147/,801,magearna,False,False,True,,
1045,False,magearna-mega,https://pokeapi.co/api/v2/pokemon/10317/,801,magearna,False,False,True,,
1046,False,magearna-original-mega,https://pokeapi.co/api/v2/pokemon/10318/,801,magearna,False,False,True,,
1047,True,marshadow,https://pokeapi.co/api/v2/pokemon/802/,802,marshadow,False,False,True,generation-vii,https://pokeapi.co/api/v2/generation/7/
1048,True,poipole,https://pokeapi.co/api/v2/pokemon/803/,803,poipole,False,False,False,generation-vii,https://pokeapi.co/api/v2/generation/7/
1049,True,stakataka,https://pokeapi.co/api/v2/pokemon/805/,805,stakataka,False,False,False,generation-vii,https://pokeapi.co/api/v2/generation/7/
1050,True,blacephalon,https://pokeapi.co/api/v2/pokemon/806/,806,blacephalon,False,False,False,generation-vii,https://pokeapi.co/api/v2/generation/7/
1051,True,zeraora,https://pokeapi.co/api/v2/pokemon/807/,807,zeraora,False,False,True,generation-vii,https://pokeapi.co/api/v2/generation/7/
1052,False,zeraora-mega,https://pokeapi.co/api/v2/pokemon/10319/,807,zeraora,False,False,True,,
1053,True,meltan,https://pokeapi.co/api/v2/pokemon/808/,808,meltan,False,False,True,generation-vii,https://pokeapi.co/api/v2/generation/7/
1054,True,silvally,https://pokeapi.co/api/v2/pokemon/773/,773,silvally,False,True,False,generation-vii,https://pokeapi.co/api/v2/generation/7/
1055,True,hakamo-o,https://pokeapi.co/api/v2/pokemon/783/,783,hakamo-o,False,False,False,generation-vii,https://pokeapi.co/api/v2/generation/7/
1056,True,kommo-o,https://pokeapi.co/api/v2/pokemon/784/,784,kommo-o,False,False,False,generation-vii,https://pokeapi.co/api/v2/generation/7/
1057,False,kommo-o-totem,https://pokeapi.co/api/v2/pokemon/10146/,784,kommo-o,False,False,False,,
1058,True,cosmoem,https://pokeapi.co/api/v2/pokemon/790/,790,cosmoem,False,True,False,generation-vii,https://pokeapi.co/api/v2/generation/7/
1059,True,solgaleo,https://pokeapi.co/api/v2/pokemon/791/,791,solgaleo,False,True,False,generation-vii,https://pokeapi.co/api/v2/generation/7/
1060,True,lunala,https://pokeapi.co/api/v2/pokemon/792/,792,lunala,False,True,False,generation-vii,https://pokeapi.co/api/v2/generation/7/
1061,True,naganadel,https://pokeapi.co/api/v2/pokemon/804/,804,naganadel,False,False,False,generation-vii,https://pokeapi.co/api/v2/generation/7/
1062,True,melmetal,https://pokeapi.co/api/v2/pokemon/809/,809,melmetal,False,False,True,generation-vii,https://pokeapi.co/api/v2/generation/7/
1063,False,melmetal-gmax,https://pokeapi.co/api/v2/pokemon/10208/,809,melmetal,False,False,True,,
1064,True,brionne,https://pokeapi.co/api/v2/pokemon/729/,729,brionne,False,False,False,generation-vii,https://pokeapi.co/api/v2/generation/7/
1065,True,tsareena,https://pokeapi.co/api/v2/pokemon/763/,763,tsareena,False,False,False,generation-vii,https://pokeapi.co/api/v2/generation/7/
1066,True,golisopod,https://pokeapi.co/api/v2/pokemon/768/,768,golisopod,False,False,False,generation-vii,https://pokeapi.co/api/v2/generation/7/
1067,False,golisopod-mega,https://pokeapi.co/api/v2/pokemon/10316/,768,golisopod,False,False,False,,
1068,True,palossand,https://pokeapi.co/api/v2/pokemon/770/,770,palossand,False,False,False,generation-vii,https://pokeapi.co/api/v2/generation/7/
1069,True,grookey,https://pokeapi.co/api/v2/pokemon/810/,810,grookey,False,False,False,generation-viii,https://pokeapi.co/api/v2/generation/8/
1070,True,scorbunny,https://pokeapi.co/api/v2/pokemon/813/,813,scorbunny,False,False,False,generation-viii,https://pokeapi.co/api/v2/generation/8/
1071,True,sobble,https://pokeapi.co/api/v2/pokemon/816/,816,sobble,False,False,False,generation-viii,https://pokeapi.co/api/v2/generation/8/
1072,True,skwovet,https://pokeapi.co/api/v2/pokemon/819/,819,skwovet,False,False,False,generation-viii,https://pokeapi.co/api/v2/generation/8/
1073,True,rookidee,https://pokeapi.co/api/v2/pokemon/821/,821,rookidee,False,False,False,generation-viii,https://pokeapi.co/api/v2/generation/8/
1074,True,blipbug,https://pokeapi.co/api/v2/pokemon/824/,824,blipbug,False,False,False,generation-viii,https://pokeapi.co/api/v2/generation/8/
1075,True,nickit,https://pokeapi.co/api/v2/pokemon/827/,827,nickit,False,False,False,generation-viii,https://pokeapi.co/api/v2/generation/8/
1076,True,gossifleur,https://pokeapi.co/api/v2/pokemon/829/,829,gossifleur,False,False,False,generation-viii,https://pokeapi.co/api/v2/generation/8/
1077,True,wooloo,https://pokeapi.co/api/v2/pokemon/831/,831,wooloo,False,False,False,generation-viii,https://pokeapi.co/api/v2/generation/8/
1078,True,chewtle,https://pokeapi.co/api/v2/pokemon/833/,833,chewtle,False,False,False,generation-viii,https://pokeapi.co/api/v2/generation/8/
1079,True,yamper,https://pokeapi.co/api/v2/pokemon/835/,835,yamper,False,False,False,generation-viii,https://pokeapi.co/api/v2/generation/8/
1080,True,rolycoly,https://pokeapi.co/api/v2/pokemon/837/,837,rolycoly,False,False,False,generation-viii,https://pokeapi.co/api/v2/generation/8/
1081,True,applin,https://pokeapi.co/api/v2/pokemon/840/,840,applin,False,False,False,generation-viii,https://pokeapi.co/api/v2/generation/8/
1082,True,thwackey,https://pokeapi.co/api/v2/pokemon/811/,811,thwackey,False,False,False,generation-viii,https://pokeapi.co/api/v2/generation/8/
1083,True,rillaboom,https://pokeapi.co/api/v2/pokemon/812/,812,rillaboom,False,False,False,generation-viii,https://pokeapi.co/api/v2/generation/8/
1084,False,rillaboom-gmax,https://pokeapi.co/api/v2/pokemon/10209/,812,rillaboom,False,False,False,,
1085,True,raboot,https://pokeapi.co/api/v2/pokemon/814/,814,raboot,False,False,False,generation-viii,https://pokeapi.co/api/v2/generation/8/
1086,True,cinderace,https://pokeapi.co/api/v2/pokemon/815/,815,cinderace,False,False,False,generation-viii,https://pokeapi.co/api/v2/generation/8/
1087,False,cinderace-gmax,https://pokeapi.co/api/v2/pokemon/10210/,815,cinderace,False,False,False,,
1088,True,drizzile,https://pokeapi.co/api/v2/pokemon/817/,817,drizzile,False,False,False,generation-viii,https://pokeapi.co/api/v2/generation/8/
1089,True,inteleon,https://pokeapi.co/api/v2/pokemon/818/,818,inteleon,False,False,False,generation-viii,https://pokeapi.co/api/v2/generation/8/
1090,False,inteleon-gmax,https://pokeapi.co/api/v2/pokemon/10211/,818,inteleon,False,False,False,,
1091,True,greedent,https://pokeapi.co/api/v2/pokemon/820/,820,greedent,False,False,False,generation-viii,https://pokeapi.co/api/v2/generation/8/
1092,True,corvisquire,https://pokeapi.co/api/v2/pokemon/822/,822,corvisquire,False,False,False,generation-viii,https://pokeapi.co/api/v2/generation/8/
1093,True,corviknight,https://pokeapi.co/api/v2/pokemon/823/,823,corviknight,False,False,False,generation-viii,https://pokeapi.co/api/v2/generation/8/
1094,False,corviknight-gmax,https://pokeapi.co/api/v2/pokemon/10212/,823,corviknight,False,False,False,,
1095,True,dottler,https://pokeapi.co/api/v2/pokemon/825/,825,dottler,False,False,False,generation-viii,https://pokeapi.co/api/v2/generation/8/
1096,True,thievul,https://pokeapi.co/api/v2/pokemon/828/,828,thievul,False,False,False,generation-viii,https://pokeapi.co/api/v2/generation/8/
1097,True,eldegoss,https://pokeapi.co/api/v2/pokemon/830/,830,eldegoss,False,False,False,generation-viii,https://pokeapi.co/api/v2/generation/8/
1098,True,dubwool,https://pokeapi.co/api/v2/pokemon/832/,832,dubwool,False,False,False,generation-viii,https://pokeapi.co/api/v2/generation/8/
1099,True,drednaw,https://pokeapi.co/api/v2/pokemon/834/,834,drednaw,False,False,False,generation-viii,https://pokeapi.co/api/v2/generation/8/
1100,False,drednaw-gmax,https://pokeapi.co/api/v2/pokemon/10214/,834,drednaw,False,False,False,,
1101,True,boltund,https://pokeapi.co/api/v2/pokemon/836/,836,boltund,False,False,False,generation-viii,https://pokeapi.co/api/v2/generation/8/
1102,True,carkol,https://pokeapi.co/api/v2/pokemon/838/,838,carkol,False,False,False,generation-viii,https://pokeapi.co/api/v2/generation/8/
1103,True,coalossal,https://pokeapi.co/api/v2/pokemon/839/,839,coalossal,False,False,False,generation-viii,https://pokeapi.co/api/v2/generation/8/
1104,False,coalossal-gmax,https://pokeapi.co/api/v2/pokemon/10215/,839,coalossal,False,False,False,,
1105,True,flapple,https://pokeapi.co/api/v2/pokemon/841/,841,flapple,False,False,False,generation-viii,https://pokeapi.co/api/v2/generation/8/
1106,False,flapple-gmax,https://pokeapi.co/api/v2/pokemon/10216/,841,flapple,False,False,False,,
1107,True,silicobra,https://pokeapi.co/api/v2/pokemon/843/,843,silicobra,False,False,False,generation-viii,https://pokeapi.co/api/v2/generation/8/
1108,True,cramorant,https://pokeapi.co/api/v2/pokemon/845/,845,cramorant,False,False,False,generation-viii,https://pokeapi.co/api/v2/generation/8/
1109,False,cramorant-gulping,https://pokeapi.co/api/v2/pokemon/10182/,845,cramorant,False,False,False,,
1110,False,cramorant-gorging,https://pokeapi.co/api/v2/pokemon/10183/,845,cramorant,False,False,False,,
1111,True,arrokuda,https://pokeapi.co/api/v2/pokemon/846/,846,arrokuda,False,False,False,generation-viii,https://pokeapi.co/api/v2/generation/8/
1112,True,toxel,https://pokeapi.co/api/v2/pokemon/848/,848,toxel,True,False,False,generation-viii,https://pokeapi.co/api/v2/generation/8/
1113,True,sizzlipede,https://pokeapi.co/api/v2/pokemon/850/,850,sizzlipede,False,False,False,generation-viii,https://pokeapi.co/api/v2/generation/8/
1114,True,clobbopus,https://pokeapi.co/api/v2/pokemon/852/,852,clobbopus,False,False,False,generation-viii,https://pokeapi.co/api/v2/generation/8/
1115,True,sinistea,https://pokeapi.co/api/v2/pokemon/854/,854,sinistea,False,False,False,generation-viii,https://pokeapi.co/api/v2/generation/8/
1116,True,hatenna,https://pokeapi.co/api/v2/pokemon/856/,856,hatenna,False,False,False,generation-viii,https://pokeapi.co/api/v2/generation/8/
1117,True,impidimp,https://pokeapi.co/api/v2/pokemon/859/,859,impidimp,False,False,False,generation-viii,https://pokeapi.co/api/v2/generation/8/
1118,True,milcery,https://pokeapi.co/api/v2/pokemon/868/,868,milcery,False,False,False,generation-viii,https://pokeapi.co/api/v2/generation/8/
1119,True,falinks,https://pokeapi.co/api/v2/pokemon/870/,870,falinks,False,False,False,generation-viii,https://pokeapi.co/api/v2/generation/8/
1120,False,falinks-mega,https://pokeapi.co/api/v2/pokemon/10303/,870,falinks,False,False,False,,
1121,True,pincurchin,https://pokeapi.co/api/v2/pokemon/871/,871,pincurchin,False,False,False,generation-viii,https://pokeapi.co/api/v2/generation/8/
1122,True,snom,https://pokeapi.co/api/v2/pokemon/872/,872,snom,False,False,False,generation-viii,https://pokeapi.co/api/v2/generation/8/
1123,True,stonjourner,https://pokeapi.co/api/v2/pokemon/874/,874,stonjourner,False,False,False,generation-viii,https://pokeapi.co/api/v2/generation/8/
1124,True,eiscue-ice,https://pokeapi.co/api/v2/pokemon/875/,875,eiscue,False,False,False,generation-viii,https://pokeapi.co/api/v2/generation/8/
1125,False,eiscue-noice,https://pokeapi.co/api/v2/pokemon/10185/,875,eiscue,False,False,False,,
1126,True,indeedee-male,https://pokeapi.co/api/v2/pokemon/876/,876,indeedee,False,False,False,generation-viii,https://pokeapi.co/api/v2/generation/8/
1127,False,indeedee-female,https://pokeapi.co/api/v2/pokemon/10186/,876,indeedee,False,False,False,,
1128,True,morpeko-full-belly,https://pokeapi.co/api/v2/pokemon/877/,877,morpeko,False,False,False,generation-viii,https://pokeapi.co/api/v2/generation/8/
1129,False,morpeko-hangry,https://pokeapi.co/api/v2/pokemon/10187/,877,morpeko,False,False,False,,
1130,True,cufant,https://pokeapi.co/api/v2/pokemon/878/,878,cufant,False,False,False,generation-viii,https://pokeapi.co/api/v2/generation/8/
1131,True,dracozolt,https://pokeapi.co/api/v2/pokemon/880/,880,dracozolt,False,False,False,generation-viii,https://pokeapi.co/api/v2/generation/8/
1132,True,arctozolt,https://pokeapi.co/api/v2/pokemon/881/,881,arctozolt,False,False,False,generation-viii,https://pokeapi.co/api/v2/generation/8/
1133,True,dracovish,https://pokeapi.co/api/v2/pokemon/882/,882,dracovish,False,False,False,generation-viii,https://pokeapi.co/api/v2/generation/8/
1134,True,arctovish,https://pokeapi.co/api/v2/pokemon/883/,883,arctovish,False,False,False,generation-viii,https://pokeapi.co/api/v2/generation/8/
1135,True,duraludon,https://pokeapi.co/api/v2/pokemon/884/,884,duraludon,False,False,False,generation-viii,https://pokeapi.co/api/v2/generation/8/
1136,False,duraludon-gmax,https://pokeapi.co/api/v2/pokemon/10225/,884,duraludon,False,False,False,,
1137,True,dreepy,https://pokeapi.co/api/v2/pokemon/885/,885,dreepy,False,False,False,generation-viii,https://pokeapi.co/api/v2/generation/8/
1138,True,zacian,https://pokeapi.co/api/v2/pokemon/888/,888,zacian,False,True,False,generation-viii,https://pokeapi.co/api/v2/generation/8/
1139,False,zacian-crowned,https://pokeapi.co/api/v2/pokemon/10188/,888,zacian,False,True,False,,
1140,True,zamazenta,https://pokeapi.co/api/v2/pokemon/889/,889,zamazenta,False,True,False,generation-viii,https://pokeapi.co/api/v2/generation/8/
1141,False,zamazenta-crowned,https://pokeapi.co/api/v2/pokemon/10189/,889,zamazenta,False,True,False,,
1142,True,eternatus,https://pokeapi.co/api/v2/pokemon/890/,890,eternatus,False,True,False,generation-viii,https://pokeapi.co/api/v2/generation/8/
1143,False,eternatus-eternamax,https://pokeapi.co/api/v2/pokemon/10190/,890,eternatus,False,True,False,,
1144,True,kubfu,https://pokeapi.co/api/v2/pokemon/891/,891,kubfu,False,True,False,generation-viii,https://pokeapi.co/api/v2/generation/8/
1145,True,zarude,https://pokeapi.co/api/v2/pokemon/893/,893,zarude,False,False,True,generation-viii,https://pokeapi.co/api/v2/generation/8/
1146,False,zarude-dada,https://pokeapi.co/api/v2/pokemon/10192/,893,zarude,False,False,True,,
1147,True,regieleki,https://pokeapi.co/api/v2/pokemon/894/,894,regieleki,False,True,False,generation-viii,https://pokeapi.co/api/v2/generation/8/
1148,True,regidrago,https://pokeapi.co/api/v2/pokemon/895/,895,regidrago,False,True,False,generation-viii,https://pokeapi.co/api/v2/generation/8/
1149,True,glastrier,https://pokeapi.co/api/v2/pokemon/896/,896,glastrier,False,True,False,generation-viii,https://pokeapi.co/api/v2/generation/8/
1150,True,spectrier,https://pokeapi.co/api/v2/pokemon/897/,897,spectrier,False,True,False,generation-viii,https://pokeapi.co/api/v2/generation/8/
1151,True,calyrex,https://pokeapi.co/api/v2/pokemon/898/,898,calyrex,False,True,False,generation-viii,https://pokeapi.co/api/v2/generation/8/
1152,False,calyrex-ice,https://pokeapi.co/api/v2/pokemon/10193/,898,calyrex,False,True,False,,
1153,False,calyrex-shadow,https://pokeapi.co/api/v2/pokemon/10194/,898,calyrex,False,True,False,,
1154,True,enamorus-incarnate,https://pokeapi.co/api/v2/pokemon/905/,905,enamorus,False,True,False,generation-viii,https://pokeapi.co/api/v2/generation/8/
1155,False,enamorus-therian,https://pokeapi.co/api/v2/pokemon/10249/,905,enamorus,False,True,False,,
1156,True,sandaconda,https://pokeapi.co/api/v2/pokemon/844/,844,sandaconda,False,False,False,generation-viii,https://pokeapi.co/api/v2/generation/8/
1157,False,sandaconda-gmax,https://pokeapi.co/api/v2/pokemon/10218/,844,sandaconda,False,False,False,,
1158,True,barraskewda,https://pokeapi.co/api/v2/pokemon/847/,847,barraskewda,False,False,False,generation-viii,https://pokeapi.co/api/v2/generation/8/
1159,True,toxtricity-amped,https://pokeapi.co/api/v2/pokemon/849/,849,toxtricity,False,False,False,generation-viii,https://pokeapi.co/api/v2/generation/8/
1160,False,toxtricity-low-key,https://pokeapi.co/api/v2/pokemon/10184/,849,toxtricity,False,False,False,,
1161,False,toxtricity-amped-gmax,https://pokeapi.co/api/v2/pokemon/10219/,849,toxtricity,False,False,False,,
1162,False,toxtricity-low-key-gmax,https://pokeapi.co/api/v2/pokemon/10228/,849,toxtricity,False,False,False,,
1163,True,centiskorch,https://pokeapi.co/api/v2/pokemon/851/,851,centiskorch,False,False,False,generation-viii,https://pokeapi.co/api/v2/generation/8/
1164,False,centiskorch-gmax,https://pokeapi.co/api/v2/pokemon/10220/,851,centiskorch,False,False,False,,
1165,True,grapploct,https://pokeapi.co/api/v2/pokemon/853/,853,grapploct,False,False,False,generation-viii,https://pokeapi.co/api/v2/generation/8/
1166,True,polteageist,https://pokeapi.co/api/v2/pokemon/855/,855,polteageist,False,False,False,generation-viii,https://pokeapi.co/api/v2/generation/8/
1167,True,hattrem,https://pokeapi.co/api/v2/pokemon/857/,857,hattrem,False,False,False,generation-viii,https://pokeapi.co/api/v2/generation/8/
1168,True,hatterene,https://pokeapi.co/api/v2/pokemon/858/,858,hatterene,False,False,False,generation-viii,https://pokeapi.co/api/v2/generation/8/
1169,False,hatterene-gmax,https://pokeapi.co/api/v2/pokemon/10221/,858,hatterene,False,False,False,,
1170,True,morgrem,https://pokeapi.co/api/v2/pokemon/860/,860,morgrem,False,False,False,generation-viii,https://pokeapi.co/api/v2/generation/8/
1171,True,obstagoon,https://pokeapi.co/api/v2/pokemon/862/,862,obstagoon,False,False,False,generation-viii,https://pokeapi.co/api/v2/generation/8/
1172,True,perrserker,https://pokeapi.co/api/v2/pokemon/863/,863,perrserker,False,False,False,generation-viii,https://pokeapi.co/api/v2/generation/8/
1173,True,cursola,https://pokeapi.co/api/v2/pokemon/864/,864,cursola,False,False,False,generation-viii,https://pokeapi.co/api/v2/generation/8/
1174,True,sirfetchd,https://pokeapi.co/api/v2/pokemon/865/,865,sirfetchd,False,False,False,generation-viii,https://pokeapi.co/api/v2/generation/8/
1175,True,mr-rime,https://pokeapi.co/api/v2/pokemon/866/,866,mr-rime,False,False,False,generation-viii,https://pokeapi.co/api/v2/generation/8/
1176,True,runerigus,https://pokeapi.co/api/v2/pokemon/867/,867,runerigus,False,False,False,generation-viii,https://pokeapi.co/api/v2/generation/8/
1177,True,alcremie,https://pokeapi.co/api/v2/pokemon/869/,869,alcremie,False,False,False,generation-viii,https://pokeapi.co/api/v2/generation/8/
1178,False,alcremie-gmax,https://pokeapi.co/api/v2/pokemon/10223/,869,alcremie,False,False,False,,
1179,True,frosmoth,https://pokeapi.co/api/v2/pokemon/873/,873,frosmoth,False,False,False,generation-viii,https://pokeapi.co/api/v2/generation/8/
1180,True,copperajah,https://pokeapi.co/api/v2/pokemon/879/,879,copperajah,False,False,False,generation-viii,https://pokeapi.co/api/v2/generation/8/
1181,False,copperajah-gmax,https://pokeapi.co/api/v2/pokemon/10224/,879,copperajah,False,False,False,,
1182,True,drakloak,https://pokeapi.co/api/v2/pokemon/886/,886,drakloak,False,False,False,generation-viii,https://pokeapi.co/api/v2/generation/8/
1183,True,dragapult,https://pokeapi.co/api/v2/pokemon/887/,887,dragapult,False,False,False,generation-viii,https://pokeapi.co/api/v2/generation/8/
1184,True,urshifu-single-strike,https://pokeapi.co/api/v2/pokemon/892/,892,urshifu,False,True,False,generation-viii,https://pokeapi.co/api/v2/generation/8/
1185,False,urshifu-rapid-strike,https://pokeapi.co/api/v2/pokemon/10191/,892,urshifu,False,True,False,,
1186,False,urshifu-single-strike-gmax,https://pokeapi.co/api/v2/pokemon/10226/,892,urshifu,False,True,False,,
1187,False,urshifu-rapid-strike-gmax,https://pokeapi.co/api/v2/pokemon/10227/,892,urshifu,False,True,False,,
1188,True,wyrdeer,https://pokeapi.co/api/v2/pokemon/899/,899,wyrdeer,False,False,False,generation-viii,https://pokeapi.co/api/v2/generation/8/
1189,True,kleavor,https://pokeapi.co/api/v2/pokemon/900/,900,kleavor,False,False,False,generation-viii,https://pokeapi.co/api/v2/generation/8/
1190,True,basculegion-male,https://pokeapi.co/api/v2/pokemon/902/,902,basculegion,False,False,False,generation-viii,https://pokeapi.co/api/v2/generation/8/
1191,False,basculegion-female,https://pokeapi.co/api/v2/pokemon/10248/,902,basculegion,False,False,False,,
1192,True,sneasler,https://pokeapi.co/api/v2/pokemon/903/,903,sneasler,False,False,False,generation-viii,https://pokeapi.co/api/v2/generation/8/
1193,True,overqwil,https://pokeapi.co/api/v2/pokemon/904/,904,overqwil,False,False,False,generation-viii,https://pokeapi.co/api/v2/generation/8/
1194,True,orbeetle,https://pokeapi.co/api/v2/pokemon/826/,826,orbeetle,False,False,False,generation-viii,https://pokeapi.co/api/v2/generation/8/
1195,False,orbeetle-gmax,https://pokeapi.co/api/v2/pokemon/10213/,826,orbeetle,False,False,False,,
1196,True,appletun,https://pokeapi.co/api/v2/pokemon/842/,842,appletun,False,False,False,generation-viii,https://pokeapi.co/api/v2/generation/8/
1197,False,appletun-gmax,https://pokeapi.co/api/v2/pokemon/10217/,842,appletun,False,False,False,,
1198,True,grimmsnarl,https://pokeapi.co/api/v2/pokemon/861/,861,grimmsnarl,False,False,False,generation-viii,https://pokeapi.co/api/v2/generation/8/
1199,False,grimmsnarl-gmax,https://pokeapi.co/api/v2/pokemon/10222/,861,grimmsnarl,False,False,False,,
1200,True,ursaluna,https://pokeapi.co/api/v2/pokemon/901/,901,ursaluna,False,False,False,generation-viii,https://pokeapi.co/api/v2/generation/8/
1201,False,ursaluna-bloodmoon,https://pokeapi.co/api/v2/pokemon/10272/,901,ursaluna,False,False,False,,
1202,True,nymble,https://pokeapi.co/api/v2/pokemon/919/,919,nymble,False,False,False,generation-ix,https://pokeapi.co/api/v2/generation/9/
1203,True,sprigatito,https://pokeapi.co/api/v2/pokemon/906/,906,sprigatito,False,False,False,generation-ix,https://pokeapi.co/api/v2/generation/9/
1204,True,fuecoco,https://pokeapi.co/api/v2/pokemon/909/,909,fuecoco,False,False,False,generation-ix,https://pokeapi.co/api/v2/generation/9/
1205,True,quaxly,https://pokeapi.co/api/v2/pokemon/912/,912,quaxly,False,False,False,generation-ix,https://pokeapi.co/api/v2/generation/9/
1206,True,lechonk,https://pokeapi.co/api/v2/pokemon/915/,915,lechonk,False,False,False,generation-ix,https://pokeapi.co/api/v2/generation/9/
1207,True,tarountula,https://pokeapi.co/api/v2/pokemon/917/,917,tarountula,False,False,False,generation-ix,https://pokeapi.co/api/v2/generation/9/
1208,True,floragato,https://pokeapi.co/api/v2/pokemon/907/,907,floragato,False,False,False,generation-ix,https://pokeapi.co/api/v2/generation/9/
1209,True,meowscarada,https://pokeapi.co/api/v2/pokemon/908/,908,meowscarada,False,False,False,generation-ix,https://pokeapi.co/api/v2/generation/9/
1210,True,crocalor,https://pokeapi.co/api/v2/pokemon/910/,910,crocalor,False,False,False,generation-ix,https://pokeapi.co/api/v2/generation/9/
1211,True,skeledirge,https://pokeapi.co/api/v2/pokemon/911/,911,skeledirge,False,False,False,generation-ix,https://pokeapi.co/api/v2/generation/9/
1212,True,quaxwell,https://pokeapi.co/api/v2/pokemon/913/,913,quaxwell,False,False,False,generation-ix,https://pokeapi.co/api/v2/generation/9/
1213,True,quaquaval,https://pokeapi.co/api/v2/pokemon/914/,914,quaquaval,False,False,False,generation-ix,https://pokeapi.co/api/v2/generation/9/
1214,True,oinkologne-male,https://pokeapi.co/api/v2/pokemon/916/,916,oinkologne,False,False,False,generation-ix,https://pokeapi.co/api/v2/generation/9/
1215,False,oinkologne-female,https://pokeapi.co/api/v2/pokemon/10254/,916,oinkologne,False,False,False,,
1216,True,spidops,https://pokeapi.co/api/v2/pokemon/918/,918,spidops,False,False,False,generation-ix,https://pokeapi.co/api/v2/generation/9/
1217,True,pawmi,https://pokeapi.co/api/v2/pokemon/921/,921,pawmi,False,False,False,generation-ix,https://pokeapi.co/api/v2/generation/9/
1218,True,tandemaus,https://pokeapi.co/api/v2/pokemon/924/,924,tandemaus,False,False,False,generation-ix,https://pokeapi.co/api/v2/generation/9/
1219,True,fidough,https://pokeapi.co/api/v2/pokemon/926/,926,fidough,False,False,False,generation-ix,https://pokeapi.co/api/v2/generation/9/
1220,True,smoliv,https://pokeapi.co/api/v2/pokemon/928/,928,smoliv,False,False,False,generation-ix,https://pokeapi.co/api/v2/generation/9/
1221,True,squawkabilly-green-plumage,https://pokeapi.co/api/v2/pokemon/931/,931,squawkabilly,False,False,False,generation-ix,https://pokeapi.co/api/v2/generation/9/
1222,False,squawkabilly-blue-plumage,https://pokeapi.co/api/v2/pokemon/10260/,931,squawkabilly,False,False,False,,
1223,False,squawkabilly-yellow-plumage,https://pokeapi.co/api/v2/pokemon/10261/,931,squawkabilly,False,False,False,,
1224,False,squawkabilly-white-plumage,https://pokeapi.co/api/v2/pokemon/10262/,931,squawkabilly,False,False,False,,
1225,True,nacli,https://pokeapi.co/api/v2/pokemon/932/,932,nacli,False,False,False,generation-ix,https://pokeapi.co/api/v2/generation/9/
1226,True,charcadet,https://pokeapi.co/api/v2/pokemon/935/,935,charcadet,False,False,False,generation-ix,https://pokeapi.co/api/v2/generation/9/
1227,True,tadbulb,https://pokeapi.co/api/v2/pokemon/938/,938,tadbulb,False,False,False,generation-ix,https://pokeapi.co/api/v2/generation/9/
1228,True,wattrel,https://pokeapi.co/api/v2/pokemon/940/,940,wattrel,False,False,False,generation-ix,https://pokeapi.co/api/v2/generation/9/
1229,True,maschiff,https://pokeapi.co/api/v2/pokemon/942/,942,maschiff,False,False,False,generation-ix,https://pokeapi.co/api/v2/generation/9/
1230,True,shroodle,https://pokeapi.co/api/v2/pokemon/944/,944,shroodle,False,False,False,generation-ix,https://pokeapi.co/api/v2/generation/9/
1231,True,bramblin,https://pokeapi.co/api/v2/pokemon/946/,946,bramblin,False,False,False,generation-ix,https://pokeapi.co/api/v2/generation/9/
1232,True,toedscool,https://pokeapi.co/api/v2/pokemon/948/,948,toedscool,False,False,False,generation-ix,https://pokeapi.co/api/v2/generation/9/
1233,True,klawf,https://pokeapi.co/api/v2/pokemon/950/,950,klawf,False,False,False,generation-ix,https://pokeapi.co/api/v2/generation/9/
1234,True,capsakid,https://pokeapi.co/api/v2/pokemon/951/,951,capsakid,False,False,False,generation-ix,https://pokeapi.co/api/v2/generation/9/
1235,True,rellor,https://pokeapi.co/api/v2/pokemon/953/,953,rellor,False,False,False,generation-ix,https://pokeapi.co/api/v2/generation/9/
1236,True,flittle,https://pokeapi.co/api/v2/pokemon/955/,955,flittle,False,False,False,generation-ix,https://pokeapi.co/api/v2/generation/9/
1237,True,tinkatink,https://pokeapi.co/api/v2/pokemon/957/,957,tinkatink,False,False,False,generation-ix,https://pokeapi.co/api/v2/generation/9/
1238,True,wiglett,https://pokeapi.co/api/v2/pokemon/960/,960,wiglett,False,False,False,generation-ix,https://pokeapi.co/api/v2/generation/9/
1239,True,bombirdier,https://pokeapi.co/api/v2/pokemon/962/,962,bombirdier,False,False,False,generation-ix,https://pokeapi.co/api/v2/generation/9/
1240,True,finizen,https://pokeapi.co/api/v2/pokemon/963/,963,finizen,False,False,False,generation-ix,https://pokeapi.co/api/v2/generation/9/
1241,True,varoom,https://pokeapi.co/api/v2/pokemon/965/,965,varoom,False,False,False,generation-ix,https://pokeapi.co/api/v2/generation/9/
1242,True,cyclizar,https://pokeapi.co/api/v2/pokemon/967/,967,cyclizar,False,False,False,generation-ix,https://pokeapi.co/api/v2/generation/9/
1243,True,orthworm,https://pokeapi.co/api/v2/pokemon/968/,968,orthworm,False,False,False,generation-ix,https://pokeapi.co/api/v2/generation/9/
1244,True,glimmet,https://pokeapi.co/api/v2/pokemon/969/,969,glimmet,False,False,False,generation-ix,https://pokeapi.co/api/v2/generation/9/
1245,True,greavard,https://pokeapi.co/api/v2/pokemon/971/,971,greavard,False,False,False,generation-ix,https://pokeapi.co/api/v2/generation/9/
1246,True,flamigo,https://pokeapi.co/api/v2/pokemon/973/,973,flamigo,False,False,False,generation-ix,https://pokeapi.co/api/v2/generation/9/
1247,True,cetoddle,https://pokeapi.co/api/v2/pokemon/974/,974,cetoddle,False,False,False,generation-ix,https://pokeapi.co/api/v2/generation/9/
1248,True,veluza,https://pokeapi.co/api/v2/pokemon/976/,976,veluza,False,False,False,generation-ix,https://pokeapi.co/api/v2/generation/9/
1249,True,dondozo,https://pokeapi.co/api/v2/pokemon/977/,977,dondozo,False,False,False,generation-ix,https://pokeapi.co/api/v2/generation/9/
1250,True,tatsugiri-curly,https://pokeapi.co/api/v2/pokemon/978/,978,tatsugiri,False,False,False,generation-ix,https://pokeapi.co/api/v2/generation/9/
1251,False,tatsugiri-droopy,https://pokeapi.co/api/v2/pokemon/10258/,978,tatsugiri,False,False,False,,
1252,False,tatsugiri-stretchy,https://pokeapi.co/api/v2/pokemon/10259/,978,tatsugiri,False,False,False,,
1253,False,tatsugiri-curly-mega,https://pokeapi.co/api/v2/pokemon/10322/,978,tatsugiri,False,False,False,,
1254,False,tatsugiri-droopy-mega,https://pokeapi.co/api/v2/pokemon/10323/,978,tatsugiri,False,False,False,,
1255,False,tatsugiri-stretchy-mega,https://pokeapi.co/api/v2/pokemon/10324/,978,tatsugiri,False,False,False,,
1256,True,great-tusk,https://pokeapi.co/api/v2/pokemon/984/,984,great-tusk,False,False,False,generation-ix,https://pokeapi.co/api/v2/generation/9/
1257,True,scream-tail,https://pokeapi.co/api/v2/pokemon/985/,985,scream-tail,False,False,False,generation-ix,https://pokeapi.co/api/v2/generation/9/
1258,True,brute-bonnet,https://pokeapi.co/api/v2/pokemon/986/,986,brute-bonnet,False,False,False,generation-ix,https://pokeapi.co/api/v2/generation/9/
1259,True,flutter-mane,https://pokeapi.co/api/v2/pokemon/987/,987,flutter-mane,False,False,False,generation-ix,https://pokeapi.co/api/v2/generation/9/
1260,True,slither-wing,https://pokeapi.co/api/v2/pokemon/988/,988,slither-wing,False,False,False,generation-ix,https://pokeapi.co/api/v2/generation/9/
1261,True,sandy-shocks,https://pokeapi.co/api/v2/pokemon/989/,989,sandy-shocks,False,False,False,generation-ix,https://pokeapi.co/api/v2/generation/9/
1262,True,iron-treads,https://pokeapi.co/api/v2/pokemon/990/,990,iron-treads,False,False,False,generation-ix,https://pokeapi.co/api/v2/generation/9/
1263,True,iron-bundle,https://pokeapi.co/api/v2/pokemon/991/,991,iron-bundle,False,False,False,generation-ix,https://pokeapi.co/api/v2/generation/9/
1264,True,iron-hands,https://pokeapi.co/api/v2/pokemon/992/,992,iron-hands,False,False,False,generation-ix,https://pokeapi.co/api/v2/generation/9/
1265,True,iron-jugulis,https://pokeapi.co/api/v2/pokemon/993/,993,iron-jugulis,False,False,False,generation-ix,https://pokeapi.co/api/v2/generation/9/
1266,True,iron-moth,https://pokeapi.co/api/v2/pokemon/994/,994,iron-moth,False,False,False,generation-ix,https://pokeapi.co/api/v2/generation/9/
1267,True,iron-thorns,https://pokeapi.co/api/v2/pokemon/995/,995,iron-thorns,False,False,False,generation-ix,https://pokeapi.co/api/v2/generation/9/
1268,True,frigibax,https://pokeapi.co/api/v2/pokemon/996/,996,frigibax,False,False,False,generation-ix,https://pokeapi.co/api/v2/generation/9/
1269,True,pawmo,https://pokeapi.co/api/v2/pokemon/922/,922,pawmo,False,False,False,generation-ix,https://pokeapi.co/api/v2/generation/9/
1270,True,pawmot,https://pokeapi.co/api/v2/pokemon/923/,923,pawmot,False,False,False,generation-ix,https://pokeapi.co/api/v2/generation/9/
1271,True,maushold-family-of-four,https://pokeapi.co/api/v2/pokemon/925/,925,maushold,False,False,False,generation-ix,https://pokeapi.co/api/v2/generation/9/
1272,False,maushold-family-of-three,https://pokeapi.co/api/v2/pokemon/10257/,925,maushold,False,False,False,,
1273,True,dachsbun,https://pokeapi.co/api/v2/pokemon/927/,927,dachsbun,False,False,False,generation-ix,https://pokeapi.co/api/v2/generation/9/
1274,True,dolliv,https://pokeapi.co/api/v2/pokemon/929/,929,dolliv,False,False,False,generation-ix,https://pokeapi.co/api/v2/generation/9/
1275,True,naclstack,https://pokeapi.co/api/v2/pokemon/933/,933,naclstack,False,False,False,generation-ix,https://pokeapi.co/api/v2/generation/9/
1276,True,garganacl,https://pokeapi.co/api/v2/pokemon/934/,934,garganacl,False,False,False,generation-ix,https://pokeapi.co/api/v2/generation/9/
1277,True,armarouge,https://pokeapi.co/api/v2/pokemon/936/,936,armarouge,False,False,False,generation-ix,https://pokeapi.co/api/v2/generation/9/
1278,True,ceruledge,https://pokeapi.co/api/v2/pokemon/937/,937,ceruledge,False,False,False,generation-ix,https://pokeapi.co/api/v2/generation/9/
1279,True,bellibolt,https://pokeapi.co/api/v2/pokemon/939/,939,bellibolt,False,False,False,generation-ix,https://pokeapi.co/api/v2/generation/9/
1280,True,kilowattrel,https://pokeapi.co/api/v2/pokemon/941/,941,kilowattrel,False,False,False,generation-ix,https://pokeapi.co/api/v2/generation/9/
1281,True,mabosstiff,https://pokeapi.co/api/v2/pokemon/943/,943,mabosstiff,False,False,False,generation-ix,https://pokeapi.co/api/v2/generation/9/
1282,True,grafaiai,https://pokeapi.co/api/v2/pokemon/945/,945,grafaiai,False,False,False,generation-ix,https://pokeapi.co/api/v2/generation/9/
1283,True,brambleghast,https://pokeapi.co/api/v2/pokemon/947/,947,brambleghast,False,False,False,generation-ix,https://pokeapi.co/api/v2/generation/9/
1284,True,toedscruel,https://pokeapi.co/api/v2/pokemon/949/,949,toedscruel,False,False,False,generation-ix,https://pokeapi.co/api/v2/generation/9/
1285,True,scovillain,https://pokeapi.co/api/v2/pokemon/952/,952,scovillain,False,False,False,generation-ix,https://pokeapi.co/api/v2/generation/9/
1286,False,scovillain-mega,https://pokeapi.co/api/v2/pokemon/10320/,952,scovillain,False,False,False,,
1287,True,rabsca,https://pokeapi.co/api/v2/pokemon/954/,954,rabsca,False,False,False,generation-ix,https://pokeapi.co/api/v2/generation/9/
1288,True,espathra,https://pokeapi.co/api/v2/pokemon/956/,956,espathra,False,False,False,generation-ix,https://pokeapi.co/api/v2/generation/9/
1289,True,tinkatuff,https://pokeapi.co/api/v2/pokemon/958/,958,tinkatuff,False,False,False,generation-ix,https://pokeapi.co/api/v2/generation/9/
1290,True,tinkaton,https://pokeapi.co/api/v2/pokemon/959/,959,tinkaton,False,False,False,generation-ix,https://pokeapi.co/api/v2/generation/9/
1291,True,wugtrio,https://pokeapi.co/api/v2/pokemon/961/,961,wugtrio,False,False,False,generation-ix,https://pokeapi.co/api/v2/generation/9/
1292,True,palafin-zero,https://pokeapi.co/api/v2/pokemon/964/,964,palafin,False,False,False,generation-ix,https://pokeapi.co/api/v2/generation/9/
1293,False,palafin-hero,https://pokeapi.co/api/v2/pokemon/10256/,964,palafin,False,False,False,,
1294,True,glimmora,https://pokeapi.co/api/v2/pokemon/970/,970,glimmora,False,False,False,generation-ix,https://pokeapi.co/api/v2/generation/9/
1295,False,glimmora-mega,https://pokeapi.co/api/v2/pokemon/10321/,970,glimmora,False,False,False,,
1296,True,houndstone,https://pokeapi.co/api/v2/pokemon/972/,972,houndstone,False,False,False,generation-ix,https://pokeapi.co/api/v2/generation/9/
1297,True,cetitan,https://pokeapi.co/api/v2/pokemon/975/,975,cetitan,False,False,False,generation-ix,https://pokeapi.co/api/v2/generation/9/
1298,True,annihilape,https://pokeapi.co/api/v2/pokemon/979/,979,annihilape,False,False,False,generation-ix,https://pokeapi.co/api/v2/generation/9/
1299,True,clodsire,https://pokeapi.co/api/v2/pokemon/980/,980,clodsire,False,False,False,generation-ix,https://pokeapi.co/api/v2/generation/9/
1300,True,farigiraf,https://pokeapi.co/api/v2/pokemon/981/,981,farigiraf,False,False,False,generation-ix,https://pokeapi.co/api/v2/generation/9/
1301,True,dudunsparce-two-segment,https://pokeapi.co/api/v2/pokemon/982/,982,dudunsparce,False,False,False,generation-ix,https://pokeapi.co/api/v2/generation/9/
1302,False,dudunsparce-three-segment,https://pokeapi.co/api/v2/pokemon/10255/,982,dudunsparce,False,False,False,,
1303,True,kingambit,https://pokeapi.co/api/v2/pokemon/983/,983,kingambit,False,False,False,generation-ix,https://pokeapi.co/api/v2/generation/9/
1304,True,gimmighoul,https://pokeapi.co/api/v2/pokemon/999/,999,gimmighoul,False,False,False,generation-ix,https://pokeapi.co/api/v2/generation/9/
1305,False,gimmighoul-roaming,https://pokeapi.co/api/v2/pokemon/10263/,999,gimmighoul,False,False,False,,
1306,True,wo-chien,https://pokeapi.co/api/v2/pokemon/1001/,1001,wo-chien,False,True,False,generation-ix,https://pokeapi.co/api/v2/generation/9/
1307,True,chien-pao,https://pokeapi.co/api/v2/pokemon/1002/,1002,chien-pao,False,True,False,generation-ix,https://pokeapi.co/api/v2/generation/9/
1308,True,ting-lu,https://pokeapi.co/api/v2/pokemon/1003/,1003,ting-lu,False,True,False,generation-ix,https://pokeapi.co/api/v2/generation/9/
1309,True,chi-yu,https://pokeapi.co/api/v2/pokemon/1004/,1004,chi-yu,False,True,False,generation-ix,https://pokeapi.co/api/v2/generation/9/
1310,True,roaring-moon,https://pokeapi.co/api/v2/pokemon/1005/,1005,roaring-moon,False,False,False,generation-ix,https://pokeapi.co/api/v2/generation/9/
1311,True,iron-valiant,https://pokeapi.co/api/v2/pokemon/1006/,1006,iron-valiant,False,False,False,generation-ix,https://pokeapi.co/api/v2/generation/9/
1312,True,koraidon,https://pokeapi.co/api/v2/pokemon/1007/,1007,koraidon,False,True,False,generation-ix,https://pokeapi.co/api/v2/generation/9/
1313,False,koraidon-limited-build,https://pokeapi.co/api/v2/pokemon/10264/,1007,koraidon,False,True,False,,
1314,False,koraidon-sprinting-build,https://pokeapi.co/api/v2/pokemon/10265/,1007,koraidon,False,True,False,,
1315,False,koraidon-swimming-build,https://pokeapi.co/api/v2/pokemon/10266/,1007,koraidon,False,True,False,,
1316,False,koraidon-gliding-build,https://pokeapi.co/api/v2/pokemon/10267/,1007,koraidon,False,True,False,,
1317,True,miraidon,https://pokeapi.co/api/v2/pokemon/1008/,1008,miraidon,False,True,False,generation-ix,https://pokeapi.co/api/v2/generation/9/
1318,False,miraidon-low-power-mode,https://pokeapi.co/api/v2/pokemon/10268/,1008,miraidon,False,True,False,,
1319,False,miraidon-drive-mode,https://pokeapi.co/api/v2/pokemon/10269/,1008,miraidon,False,True,False,,
1320,False,miraidon-aquatic-mode,https://pokeapi.co/api/v2/pokemon/10270/,1008,miraidon,False,True,False,,
1321,False,miraidon-glide-mode,https://pokeapi.co/api/v2/pokemon/10271/,1008,miraidon,False,True,False,,
1322,True,walking-wake,https://pokeapi.co/api/v2/pokemon/1009/,1009,walking-wake,False,False,False,generation-ix,https://pokeapi.co/api/v2/generation/9/
1323,True,iron-leaves,https://pokeapi.co/api/v2/pokemon/1010/,1010,iron-leaves,False,False,False,generation-ix,https://pokeapi.co/api/v2/generation/9/
1324,True,poltchageist,https://pokeapi.co/api/v2/pokemon/1012/,1012,poltchageist,False,False,False,generation-ix,https://pokeapi.co/api/v2/generation/9/
1325,True,okidogi,https://pokeapi.co/api/v2/pokemon/1014/,1014,okidogi,False,True,False,generation-ix,https://pokeapi.co/api/v2/generation/9/
1326,True,munkidori,https://pokeapi.co/api/v2/pokemon/1015/,1015,munkidori,False,True,False,generation-ix,https://pokeapi.co/api/v2/generation/9/
1327,True,fezandipiti,https://pokeapi.co/api/v2/pokemon/1016/,1016,fezandipiti,False,True,False,generation-ix,https://pokeapi.co/api/v2/generation/9/
1328,True,ogerpon,https://pokeapi.co/api/v2/pokemon/1017/,1017,ogerpon,False,True,False,generation-ix,https://pokeapi.co/api/v2/generation/9/
1329,False,ogerpon-wellspring-mask,https://pokeapi.co/api/v2/pokemon/10273/,1017,ogerpon,False,True,False,,
1330,False,ogerpon-hearthflame-mask,https://pokeapi.co/api/v2/pokemon/10274/,1017,ogerpon,False,True,False,,
1331,False,ogerpon-cornerstone-mask,https://pokeapi.co/api/v2/pokemon/10275/,1017,ogerpon,False,True,False,,
1332,True,gouging-fire,https://pokeapi.co/api/v2/pokemon/1020/,1020,gouging-fire,False,False,False,generation-ix,https://pokeapi.co/api/v2/generation/9/
1333,True,raging-bolt,https://pokeapi.co/api/v2/pokemon/1021/,1021,raging-bolt,False,False,False,generation-ix,https://pokeapi.co/api/v2/generation/9/
1334,True,iron-boulder,https://pokeapi.co/api/v2/pokemon/1022/,1022,iron-boulder,False,False,False,generation-ix,https://pokeapi.co/api/v2/generation/9/
1335,True,iron-crown,https://pokeapi.co/api/v2/pokemon/1023/,1023,iron-crown,False,False,False,generation-ix,https://pokeapi.co/api/v2/generation/9/
1336,True,terapagos,https://pokeapi.co/api/v2/pokemon/1024/,1024,terapagos,False,True,False,generation-ix,https://pokeapi.co/api/v2/generation/9/
1337,False,terapagos-terastal,https://pokeapi.co/api/v2/pokemon/10276/,1024,terapagos,False,True,False,,
1338,False,terapagos-stellar,https://pokeapi.co/api/v2/pokemon/10277/,1024,terapagos,False,True,False,,
1339,True,pecharunt,https://pokeapi.co/api/v2/pokemon/1025/,1025,pecharunt,False,False,True,generation-ix,https://pokeapi.co/api/v2/generation/9/
1340,True,gholdengo,https://pokeapi.co/api/v2/pokemon/1000/,1000,gholdengo,False,False,False,generation-ix,https://pokeapi.co/api/v2/generation/9/
1341,True,dipplin,https://pokeapi.co/api/v2/pokemon/1011/,1011,dipplin,False,False,False,generation-ix,https://pokeapi.co/api/v2/generation/9/
1342,True,sinistcha,https://pokeapi.co/api/v2/pokemon/1013/,1013,sinistcha,False,False,False,generation-ix,https://pokeapi.co/api/v2/generation/9/
1343,True,archaludon,https://pokeapi.co/api/v2/pokemon/1018/,1018,archaludon,False,False,False,generation-ix,https://pokeapi.co/api/v2/generation/9/
1344,True,hydrapple,https://pokeapi.co/api/v2/pokemon/1019/,1019,hydrapple,False,False,False,generation-ix,https://pokeapi.co/api/v2/generation/9/
1345,True,lokix,https://pokeapi.co/api/v2/pokemon/920/,920,lokix,False,False,False,generation-ix,https://pokeapi.co/api/v2/generation/9/
1346,True,arboliva,https://pokeapi.co/api/v2/pokemon/930/,930,arboliva,False,False,False,generation-ix,https://pokeapi.co/api/v2/generation/9/
1347,True,revavroom,https://pokeapi.co/api/v2/pokemon/966/,966,revavroom,False,False,False,generation-ix,https://pokeapi.co/api/v2/generation/9/
1348,True,arctibax,https://pokeapi.co/api/v2/pokemon/997/,997,arctibax,False,False,False,generation-ix,https://pokeapi.co/api/v2/generation/9/
1349,True,baxcalibur,https://pokeapi.co/api/v2/pokemon/998/,998,baxcalibur,False,False,False,generation-ix,https://pokeapi.co/api/v2/generation/9/
1350,False,baxcalibur-mega,https://pokeapi.co/api/v2/pokemon/10325/,998,baxcalibur,False,False,False,,
