,base_stat,effort,stat_name,stat_url,id,name
0,45,0,hp,https://pokeapi.co/api/v2/stat/1/,1,bulbasaur
1,49,0,attack,https://pokeapi.co/api/v2/stat/2/,1,bulbasaur
2,49,0,defense,https://pokeapi.co/api/v2/stat/3/,1,bulbasaur
3,65,1,special-attack,https://pokeapi.co/api/v2/stat/4/,1,bulbasaur
4,65,0,special-defense,https://pokeapi.co/api/v2/stat/5/,1,bulbasaur
5,45,0,speed,https://pokeapi.co/api/v2/stat/6/,1,bulbasaur
6,39,0,hp,https://pokeapi.co/api/v2/stat/1/,4,charmander
7,52,0,attack,https://pokeapi.co/api/v2/stat/2/,4,charmander
8,43,0,defense,https://pokeapi.co/api/v2/stat/3/,4,charmander
9,60,0,special-attack,https://pokeapi.co/api/v2/stat/4/,4,charmander
10,50,0,special-defense,https://pokeapi.co/api/v2/stat/5/,4,charmander
11,65,1,speed,https://pokeapi.co/api/v2/stat/6/,4,charmander
12,44,0,hp,https://pokeapi.co/api/v2/stat/1/,7,squirtle
13,48,0,attack,https://pokeapi.co/api/v2/stat/2/,7,squirtle
14,65,1,defense,https://pokeapi.co/api/v2/stat/3/,7,squirtle
15,50,0,special-attack,https://pokeapi.co/api/v2/stat/4/,7,squirtle
16,64,0,special-defense,https://pokeapi.co/api/v2/stat/5/,7,squirtle
17,43,0,speed,https://pokeapi.co/api/v2/stat/6/,7,squirtle
18,45,1,hp,https://pokeapi.co/api/v2/stat/1/,10,caterpie
19,30,0,attack,https://pokeapi.co/api/v2/stat/2/,10,caterpie
20,35,0,defense,https://pokeapi.co/api/v2/stat/3/,10,caterpie
21,20,0,special-attack,https://pokeapi.co/api/v2/stat/4/,10,caterpie
22,20,0,special-defense,https://pokeapi.co/api/v2/stat/5/,10,caterpie
23,45,0,speed,https://pokeapi.co/api/v2/stat/6/,10,caterpie
24,40,0,hp,https://pokeapi.co/api/v2/stat/1/,13,weedle
25,35,0,attack,https://pokeapi.co/api/v2/stat/2/,13,weedle
26,30,0,defense,https://pokeapi.co/api/v2/stat/3/,13,weedle
27,20,0,special-attack,https://pokeapi.co/api/v2/stat/4/,13,weedle
28,20,0,special-defense,https://pokeapi.co/api/v2/stat/5/,13,weedle
29,50,1,speed,https://pokeapi.co/api/v2/stat/6/,13,weedle
30,40,0,hp,https://pokeapi.co/api/v2/stat/1/,16,pidgey
31,45,0,attack,https://pokeapi.co/api/v2/stat/2/,16,pidgey
32,40,0,defense,https://pokeapi.co/api/v2/stat/3/,16,pidgey
33,35,0,special-attack,https://pokeapi.co/api/v2/stat/4/,16,pidgey
34,35,0,special-defense,https://pokeapi.co/api/v2/stat/5/,16,pidgey
35,56,1,speed,https://pokeapi.co/api/v2/stat/6/,16,pidgey
36,30,0,hp,https://pokeapi.co/api/v2/stat/1/,19,rattata
37,56,0,attack,https://pokeapi.co/api/v2/stat/2/,19,rattata
38,35,0,defense,https://pokeapi.co/api/v2/stat/3/,19,rattata
39,25,0,special-attack,https://pokeapi.co/api/v2/stat/4/,19,rattata
40,35,0,special-defense,https://pokeapi.co/api/v2/stat/5/,19,rattata
41,72,1,speed,https://pokeapi.co/api/v2/stat/6/,19,rattata
42,30,0,hp,https://pokeapi.co/api/v2/stat/1/,10091,rattata-alola
43,56,0,attack,https://pokeapi.co/api/v2/stat/2/,10091,rattata-alola
44,35,0,defense,https://pokeapi.co/api/v2/stat/3/,10091,rattata-alola
45,25,0,special-attack,https://pokeapi.co/api/v2/stat/4/,10091,rattata-alola
46,35,0,special-defense,https://pokeapi.co/api/v2/stat/5/,10091,rattata-alola
47,72,1,speed,https://pokeapi.co/api/v2/stat/6/,10091,rattata-alola
48,40,0,hp,https://pokeapi.co/api/v2/stat/1/,21,spearow
49,60,0,attack,https://pokeapi.co/api/v2/stat/2/,21,spearow
50,30,0,defense,https://pokeapi.co/api/v2/stat/3/,21,spearow
51,31,0,special-attack,https://pokeapi.co/api/v2/stat/4/,21,spearow
52,31,0,special-defense,https://pokeapi.co/api/v2/stat/5/,21,spearow
53,70,1,speed,https://pokeapi.co/api/v2/stat/6/,21,spearow
54,35,0,hp,https://pokeapi.co/api/v2/stat/1/,23,ekans
55,60,1,attack,https://pokeapi.co/api/v2/stat/2/,23,ekans
56,44,0,defense,https://pokeapi.co/api/v2/stat/3/,23,ekans
57,40,0,special-attack,https://pokeapi.co/api/v2/stat/4/,23,ekans
58,54,0,special-defense,https://pokeapi.co/api/v2/stat/5/,23,ekans
59,55,0,speed,https://pokeapi.co/api/v2/stat/6/,23,ekans
60,50,0,hp,https://pokeapi.co/api/v2/stat/1/,27,sandshrew
61,75,0,attack,https://pokeapi.co/api/v2/stat/2/,27,sandshrew
62,85,1,defense,https://pokeapi.co/api/v2/stat/3/,27,sandshrew
63,20,0,special-attack,https://pokeapi.co/api/v2/stat/4/,27,sandshrew
64,30,0,special-defense,https://pokeapi.co/api/v2/stat/5/,27,sandshrew
65,40,0,speed,https://pokeapi.co/api/v2/stat/6/,27,sandshrew
66,50,0,hp,https://pokeapi.co/api/v2/stat/1/,10101,sandshrew-alola
67,75,0,attack,https://pokeapi.co/api/v2/stat/2/,10101,sandshrew-alola
68,90,1,defense,https://pokeapi.co/api/v2/stat/3/,10101,sandshrew-alola
69,10,0,special-attack,https://pokeapi.co/api/v2/stat/4/,10101,sandshrew-alola
70,35,0,special-defense,https://pokeapi.co/api/v2/stat/5/,10101,sandshrew-alola
71,40,0,speed,https://pokeapi.co/api/v2/stat/6/,10101,sandshrew-alola
72,55,1,hp,https://pokeapi.co/api/v2/stat/1/,29,nidoran-f
73,47,0,attack,https://pokeapi.co/api/v2/stat/2/,29,nidoran-f
74,52,0,defense,https://pokeapi.co/api/v2/stat/3/,29,nidoran-f
75,40,0,special-attack,https://pokeapi.co/api/v2/stat/4/,29,nidoran-f
76,40,0,special-defense,https://pokeapi.co/api/v2/stat/5/,29,nidoran-f
77,41,0,speed,https://pokeapi.co/api/v2/stat/6/,29,nidoran-f
78,46,0,hp,https://pokeapi.co/api/v2/stat/1/,32,nidoran-m
79,57,1,attack,https://pokeapi.co/api/v2/stat/2/,32,nidoran-m
80,40,0,defense,https://pokeapi.co/api/v2/stat/3/,32,nidoran-m
81,40,0,special-attack,https://pokeapi.co/api/v2/stat/4/,32,nidoran-m
82,40,0,special-defense,https://pokeapi.co/api/v2/stat/5/,32,nidoran-m
83,50,0,speed,https://pokeapi.co/api/v2/stat/6/,32,nidoran-m
84,38,0,hp,https://pokeapi.co/api/v2/stat/1/,37,vulpix
85,41,0,attack,https://pokeapi.co/api/v2/stat/2/,37,vulpix
86,40,0,defense,https://pokeapi.co/api/v2/stat/3/,37,vulpix
87,50,0,special-attack,https://pokeapi.co/api/v2/stat/4/,37,vulpix
88,65,0,special-defense,https://pokeapi.co/api/v2/stat/5/,37,vulpix
89,65,1,speed,https://pokeapi.co/api/v2/stat/6/,37,vulpix
90,38,0,hp,https://pokeapi.co/api/v2/stat/1/,10103,vulpix-alola
91,41,0,attack,https://pokeapi.co/api/v2/stat/2/,10103,vulpix-alola
92,40,0,defense,https://pokeapi.co/api/v2/stat/3/,10103,vulpix-alola
93,50,0,special-attack,https://pokeapi.co/api/v2/stat/4/,10103,vulpix-alola
94,65,0,special-defense,https://pokeapi.co/api/v2/stat/5/,10103,vulpix-alola
95,65,1,speed,https://pokeapi.co/api/v2/stat/6/,10103,vulpix-alola
96,40,0,hp,https://pokeapi.co/api/v2/stat/1/,41,zubat
97,45,0,attack,https://pokeapi.co/api/v2/stat/2/,41,zubat
98,35,0,defense,https://pokeapi.co/api/v2/stat/3/,41,zubat
99,30,0,special-attack,https://pokeapi.co/api/v2/stat/4/,41,zubat
100,40,0,special-defense,https://pokeapi.co/api/v2/stat/5/,41,zubat
101,55,1,speed,https://pokeapi.co/api/v2/stat/6/,41,zubat
102,45,0,hp,https://pokeapi.co/api/v2/stat/1/,43,oddish
103,50,0,attack,https://pokeapi.co/api/v2/stat/2/,43,oddish
104,55,0,defense,https://pokeapi.co/api/v2/stat/3/,43,oddish
105,75,1,special-attack,https://pokeapi.co/api/v2/stat/4/,43,oddish
106,65,0,special-defense,https://pokeapi.co/api/v2/stat/5/,43,oddish
107,30,0,speed,https://pokeapi.co/api/v2/stat/6/,43,oddish
108,35,0,hp,https://pokeapi.co/api/v2/stat/1/,46,paras
109,70,1,attack,https://pokeapi.co/api/v2/stat/2/,46,paras
110,55,0,defense,https://pokeapi.co/api/v2/stat/3/,46,paras
111,45,0,special-attack,https://pokeapi.co/api/v2/stat/4/,46,paras
112,55,0,special-defense,https://pokeapi.co/api/v2/stat/5/,46,paras
113,25,0,speed,https://pokeapi.co/api/v2/stat/6/,46,paras
114,60,0,hp,https://pokeapi.co/api/v2/stat/1/,48,venonat
115,55,0,attack,https://pokeapi.co/api/v2/stat/2/,48,venonat
116,50,0,defense,https://pokeapi.co/api/v2/stat/3/,48,venonat
117,40,0,special-attack,https://pokeapi.co/api/v2/stat/4/,48,venonat
118,55,1,special-defense,https://pokeapi.co/api/v2/stat/5/,48,venonat
119,45,0,speed,https://pokeapi.co/api/v2/stat/6/,48,venonat
120,10,0,hp,https://pokeapi.co/api/v2/stat/1/,50,diglett
121,55,0,attack,https://pokeapi.co/api/v2/stat/2/,50,diglett
122,25,0,defense,https://pokeapi.co/api/v2/stat/3/,50,diglett
123,35,0,special-attack,https://pokeapi.co/api/v2/stat/4/,50,diglett
124,45,0,special-defense,https://pokeapi.co/api/v2/stat/5/,50,diglett
125,95,1,speed,https://pokeapi.co/api/v2/stat/6/,50,diglett
126,10,0,hp,https://pokeapi.co/api/v2/stat/1/,10105,diglett-alola
127,55,0,attack,https://pokeapi.co/api/v2/stat/2/,10105,diglett-alola
128,30,0,defense,https://pokeapi.co/api/v2/stat/3/,10105,diglett-alola
129,35,0,special-attack,https://pokeapi.co/api/v2/stat/4/,10105,diglett-alola
130,45,0,special-defense,https://pokeapi.co/api/v2/stat/5/,10105,diglett-alola
131,90,1,speed,https://pokeapi.co/api/v2/stat/6/,10105,diglett-alola
132,40,0,hp,https://pokeapi.co/api/v2/stat/1/,52,meowth
133,45,0,attack,https://pokeapi.co/api/v2/stat/2/,52,meowth
134,35,0,defense,https://pokeapi.co/api/v2/stat/3/,52,meowth
135,40,0,special-attack,https://pokeapi.co/api/v2/stat/4/,52,meowth
136,40,0,special-defense,https://pokeapi.co/api/v2/stat/5/,52,meowth
137,90,1,speed,https://pokeapi.co/api/v2/stat/6/,52,meowth
138,40,0,hp,https://pokeapi.co/api/v2/stat/1/,10107,meowth-alola
139,35,0,attack,https://pokeapi.co/api/v2/stat/2/,10107,meowth-alola
140,35,0,defense,https://pokeapi.co/api/v2/stat/3/,10107,meowth-alola
141,50,0,special-attack,https://pokeapi.co/api/v2/stat/4/,10107,meowth-alola
142,40,0,special-defense,https://pokeapi.co/api/v2/stat/5/,10107,meowth-alola
143,90,1,speed,https://pokeapi.co/api/v2/stat/6/,10107,meowth-alola
144,50,0,hp,https://pokeapi.co/api/v2/stat/1/,10161,meowth-galar
145,65,1,attack,https://pokeapi.co/api/v2/stat/2/,10161,meowth-galar
146,55,0,defense,https://pokeapi.co/api/v2/stat/3/,10161,meowth-galar
147,40,0,special-attack,https://pokeapi.co/api/v2/stat/4/,10161,meowth-galar
148,40,0,special-defense,https://pokeapi.co/api/v2/stat/5/,10161,meowth-galar
149,40,0,speed,https://pokeapi.co/api/v2/stat/6/,10161,meowth-galar
150,40,0,hp,https://pokeapi.co/api/v2/stat/1/,10200,meowth-gmax
151,45,0,attack,https://pokeapi.co/api/v2/stat/2/,10200,meowth-gmax
152,35,0,defense,https://pokeapi.co/api/v2/stat/3/,10200,meowth-gmax
153,40,0,special-attack,https://pokeapi.co/api/v2/stat/4/,10200,meowth-gmax
154,40,0,special-defense,https://pokeapi.co/api/v2/stat/5/,10200,meowth-gmax
155,90,1,speed,https://pokeapi.co/api/v2/stat/6/,10200,meowth-gmax
156,50,0,hp,https://pokeapi.co/api/v2/stat/1/,54,psyduck
157,52,0,attack,https://pokeapi.co/api/v2/stat/2/,54,psyduck
158,48,0,defense,https://pokeapi.co/api/v2/stat/3/,54,psyduck
159,65,1,special-attack,https://pokeapi.co/api/v2/stat/4/,54,psyduck
160,50,0,special-defense,https://pokeapi.co/api/v2/stat/5/,54,psyduck
161,55,0,speed,https://pokeapi.co/api/v2/stat/6/,54,psyduck
162,40,0,hp,https://pokeapi.co/api/v2/stat/1/,56,mankey
163,80,1,attack,https://pokeapi.co/api/v2/stat/2/,56,mankey
164,35,0,defense,https://pokeapi.co/api/v2/stat/3/,56,mankey
165,35,0,special-attack,https://pokeapi.co/api/v2/stat/4/,56,mankey
166,45,0,special-defense,https://pokeapi.co/api/v2/stat/5/,56,mankey
167,70,0,speed,https://pokeapi.co/api/v2/stat/6/,56,mankey
168,55,0,hp,https://pokeapi.co/api/v2/stat/1/,58,growlithe
169,70,1,attack,https://pokeapi.co/api/v2/stat/2/,58,growlithe
170,45,0,defense,https://pokeapi.co/api/v2/stat/3/,58,growlithe
171,70,0,special-attack,https://pokeapi.co/api/v2/stat/4/,58,growlithe
172,50,0,special-defense,https://pokeapi.co/api/v2/stat/5/,58,growlithe
173,60,0,speed,https://pokeapi.co/api/v2/stat/6/,58,growlithe
174,60,0,hp,https://pokeapi.co/api/v2/stat/1/,10229,growlithe-hisui
175,75,1,attack,https://pokeapi.co/api/v2/stat/2/,10229,growlithe-hisui
176,45,0,defense,https://pokeapi.co/api/v2/stat/3/,10229,growlithe-hisui
177,65,0,special-attack,https://pokeapi.co/api/v2/stat/4/,10229,growlithe-hisui
178,50,0,special-defense,https://pokeapi.co/api/v2/stat/5/,10229,growlithe-hisui
179,55,0,speed,https://pokeapi.co/api/v2/stat/6/,10229,growlithe-hisui
180,40,0,hp,https://pokeapi.co/api/v2/stat/1/,60,poliwag
181,50,0,attack,https://pokeapi.co/api/v2/stat/2/,60,poliwag
182,40,0,defense,https://pokeapi.co/api/v2/stat/3/,60,poliwag
183,40,0,special-attack,https://pokeapi.co/api/v2/stat/4/,60,poliwag
184,40,0,special-defense,https://pokeapi.co/api/v2/stat/5/,60,poliwag
185,90,1,speed,https://pokeapi.co/api/v2/stat/6/,60,poliwag
186,25,0,hp,https://pokeapi.co/api/v2/stat/1/,63,abra
187,20,0,attack,https://pokeapi.co/api/v2/stat/2/,63,abra
188,15,0,defense,https://pokeapi.co/api/v2/stat/3/,63,abra
189,105,1,special-attack,https://pokeapi.co/api/v2/stat/4/,63,abra
190,55,0,special-defense,https://pokeapi.co/api/v2/stat/5/,63,abra
191,90,0,speed,https://pokeapi.co/api/v2/stat/6/,63,abra
192,70,0,hp,https://pokeapi.co/api/v2/stat/1/,66,machop
193,80,1,attack,https://pokeapi.co/api/v2/stat/2/,66,machop
194,50,0,defense,https://pokeapi.co/api/v2/stat/3/,66,machop
195,35,0,special-attack,https://pokeapi.co/api/v2/stat/4/,66,machop
196,35,0,special-defense,https://pokeapi.co/api/v2/stat/5/,66,machop
197,35,0,speed,https://pokeapi.co/api/v2/stat/6/,66,machop
198,50,0,hp,https://pokeapi.co/api/v2/stat/1/,69,bellsprout
199,75,1,attack,https://pokeapi.co/api/v2/stat/2/,69,bellsprout
200,35,0,defense,https://pokeapi.co/api/v2/stat/3/,69,bellsprout
201,70,0,special-attack,https://pokeapi.co/api/v2/stat/4/,69,bellsprout
202,30,0,special-defense,https://pokeapi.co/api/v2/stat/5/,69,bellsprout
203,40,0,speed,https://pokeapi.co/api/v2/stat/6/,69,bellsprout
204,40,0,hp,https://pokeapi.co/api/v2/stat/1/,72,tentacool
205,40,0,attack,https://pokeapi.co/api/v2/stat/2/,72,tentacool
206,35,0,defense,https://pokeapi.co/api/v2/stat/3/,72,tentacool
207,50,0,special-attack,https://pokeapi.co/api/v2/stat/4/,72,tentacool
208,100,1,special-defense,https://pokeapi.co/api/v2/stat/5/,72,tentacool
209,70,0,speed,https://pokeapi.co/api/v2/stat/6/,72,tentacool
210,40,0,hp,https://pokeapi.co/api/v2/stat/1/,74,geodude
211,80,0,attack,https://pokeapi.co/api/v2/stat/2/,74,geodude
212,100,1,defense,https://pokeapi.co/api/v2/stat/3/,74,geodude
213,30,0,special-attack,https://pokeapi.co/api/v2/stat/4/,74,geodude
214,30,0,special-defense,https://pokeapi.co/api/v2/stat/5/,74,geodude
215,20,0,speed,https://pokeapi.co/api/v2/stat/6/,74,geodude
216,40,0,hp,https://pokeapi.co/api/v2/stat/1/,10109,geodude-alola
217,80,0,attack,https://pokeapi.co/api/v2/stat/2/,10109,geodude-alola
218,100,1,defense,https://pokeapi.co/api/v2/stat/3/,10109,geodude-alola
219,30,0,special-attack,https://pokeapi.co/api/v2/stat/4/,10109,geodude-alola
220,30,0,special-defense,https://pokeapi.co/api/v2/stat/5/,10109,geodude-alola
221,20,0,speed,https://pokeapi.co/api/v2/stat/6/,10109,geodude-alola
222,80,0,hp,https://pokeapi.co/api/v2/stat/1/,3,venusaur
223,82,0,attack,https://pokeapi.co/api/v2/stat/2/,3,venusaur
224,83,0,defense,https://pokeapi.co/api/v2/stat/3/,3,venusaur
225,100,2,special-attack,https://pokeapi.co/api/v2/stat/4/,3,venusaur
226,100,1,special-defense,https://pokeapi.co/api/v2/stat/5/,3,venusaur
227,80,0,speed,https://pokeapi.co/api/v2/stat/6/,3,venusaur
228,80,0,hp,https://pokeapi.co/api/v2/stat/1/,10033,venusaur-mega
229,100,0,attack,https://pokeapi.co/api/v2/stat/2/,10033,venusaur-mega
230,123,0,defense,https://pokeapi.co/api/v2/stat/3/,10033,venusaur-mega
231,122,2,special-attack,https://pokeapi.co/api/v2/stat/4/,10033,venusaur-mega
232,120,1,special-defense,https://pokeapi.co/api/v2/stat/5/,10033,venusaur-mega
233,80,0,speed,https://pokeapi.co/api/v2/stat/6/,10033,venusaur-mega
234,80,0,hp,https://pokeapi.co/api/v2/stat/1/,10195,venusaur-gmax
235,82,0,attack,https://pokeapi.co/api/v2/stat/2/,10195,venusaur-gmax
236,83,0,defense,https://pokeapi.co/api/v2/stat/3/,10195,venusaur-gmax
237,100,2,special-attack,https://pokeapi.co/api/v2/stat/4/,10195,venusaur-gmax
238,100,1,special-defense,https://pokeapi.co/api/v2/stat/5/,10195,venusaur-gmax
239,80,0,speed,https://pokeapi.co/api/v2/stat/6/,10195,venusaur-gmax
240,58,0,hp,https://pokeapi.co/api/v2/stat/1/,5,charmeleon
241,64,0,attack,https://pokeapi.co/api/v2/stat/2/,5,charmeleon
242,58,0,defense,https://pokeapi.co/api/v2/stat/3/,5,charmeleon
243,80,1,special-attack,https://pokeapi.co/api/v2/stat/4/,5,charmeleon
244,65,0,special-defense,https://pokeapi.co/api/v2/stat/5/,5,charmeleon
245,80,1,speed,https://pokeapi.co/api/v2/stat/6/,5,charmeleon
246,78,0,hp,https://pokeapi.co/api/v2/stat/1/,6,charizard
247,84,0,attack,https://pokeapi.co/api/v2/stat/2/,6,charizard
248,78,0,defense,https://pokeapi.co/api/v2/stat/3/,6,charizard
249,109,3,special-attack,https://pokeapi.co/api/v2/stat/4/,6,charizard
250,85,0,special-defense,https://pokeapi.co/api/v2/stat/5/,6,charizard
251,100,0,speed,https://pokeapi.co/api/v2/stat/6/,6,charizard
252,78,0,hp,https://pokeapi.co/api/v2/stat/1/,10034,charizard-mega-x
253,130,0,attack,https://pokeapi.co/api/v2/stat/2/,10034,charizard-mega-x
254,111,0,defense,https://pokeapi.co/api/v2/stat/3/,10034,charizard-mega-x
255,130,3,special-attack,https://pokeapi.co/api/v2/stat/4/,10034,charizard-mega-x
256,85,0,special-defense,https://pokeapi.co/api/v2/stat/5/,10034,charizard-mega-x
257,100,0,speed,https://pokeapi.co/api/v2/stat/6/,10034,charizard-mega-x
258,78,0,hp,https://pokeapi.co/api/v2/stat/1/,10035,charizard-mega-y
259,104,0,attack,https://pokeapi.co/api/v2/stat/2/,10035,charizard-mega-y
260,78,0,defense,https://pokeapi.co/api/v2/stat/3/,10035,charizard-mega-y
261,159,3,special-attack,https://pokeapi.co/api/v2/stat/4/,10035,charizard-mega-y
262,115,0,special-defense,https://pokeapi.co/api/v2/stat/5/,10035,charizard-mega-y
263,100,0,speed,https://pokeapi.co/api/v2/stat/6/,10035,charizard-mega-y
264,78,0,hp,https://pokeapi.co/api/v2/stat/1/,10196,charizard-gmax
265,84,0,attack,https://pokeapi.co/api/v2/stat/2/,10196,charizard-gmax
266,78,0,defense,https://pokeapi.co/api/v2/stat/3/,10196,charizard-gmax
267,109,3,special-attack,https://pokeapi.co/api/v2/stat/4/,10196,charizard-gmax
268,85,0,special-defense,https://pokeapi.co/api/v2/stat/5/,10196,charizard-gmax
269,100,0,speed,https://pokeapi.co/api/v2/stat/6/,10196,charizard-gmax
270,59,0,hp,https://pokeapi.co/api/v2/stat/1/,8,wartortle
271,63,0,attack,https://pokeapi.co/api/v2/stat/2/,8,wartortle
272,80,1,defense,https://pokeapi.co/api/v2/stat/3/,8,wartortle
273,65,0,special-attack,https://pokeapi.co/api/v2/stat/4/,8,wartortle
274,80,1,special-defense,https://pokeapi.co/api/v2/stat/5/,8,wartortle
275,58,0,speed,https://pokeapi.co/api/v2/stat/6/,8,wartortle
276,79,0,hp,https://pokeapi.co/api/v2/stat/1/,9,blastoise
277,83,0,attack,https://pokeapi.co/api/v2/stat/2/,9,blastoise
278,100,0,defense,https://pokeapi.co/api/v2/stat/3/,9,blastoise
279,85,0,special-attack,https://pokeapi.co/api/v2/stat/4/,9,blastoise
280,105,3,special-defense,https://pokeapi.co/api/v2/stat/5/,9,blastoise
281,78,0,speed,https://pokeapi.co/api/v2/stat/6/,9,blastoise
282,79,0,hp,https://pokeapi.co/api/v2/stat/1/,10036,blastoise-mega
283,103,0,attack,https://pokeapi.co/api/v2/stat/2/,10036,blastoise-mega
284,120,0,defense,https://pokeapi.co/api/v2/stat/3/,10036,blastoise-mega
285,135,0,special-attack,https://pokeapi.co/api/v2/stat/4/,10036,blastoise-mega
286,115,3,special-defense,https://pokeapi.co/api/v2/stat/5/,10036,blastoise-mega
287,78,0,speed,https://pokeapi.co/api/v2/stat/6/,10036,blastoise-mega
288,79,0,hp,https://pokeapi.co/api/v2/stat/1/,10197,blastoise-gmax
289,83,0,attack,https://pokeapi.co/api/v2/stat/2/,10197,blastoise-gmax
290,100,0,defense,https://pokeapi.co/api/v2/stat/3/,10197,blastoise-gmax
291,85,0,special-attack,https://pokeapi.co/api/v2/stat/4/,10197,blastoise-gmax
292,105,3,special-defense,https://pokeapi.co/api/v2/stat/5/,10197,blastoise-gmax
293,78,0,speed,https://pokeapi.co/api/v2/stat/6/,10197,blastoise-gmax
294,50,0,hp,https://pokeapi.co/api/v2/stat/1/,11,metapod
295,20,0,attack,https://pokeapi.co/api/v2/stat/2/,11,metapod
296,55,2,defense,https://pokeapi.co/api/v2/stat/3/,11,metapod
297,25,0,special-attack,https://pokeapi.co/api/v2/stat/4/,11,metapod
298,25,0,special-defense,https://pokeapi.co/api/v2/stat/5/,11,metapod
299,30,0,speed,https://pokeapi.co/api/v2/stat/6/,11,metapod
300,60,0,hp,https://pokeapi.co/api/v2/stat/1/,12,butterfree
301,45,0,attack,https://pokeapi.co/api/v2/stat/2/,12,butterfree
302,50,0,defense,https://pokeapi.co/api/v2/stat/3/,12,butterfree
303,90,2,special-attack,https://pokeapi.co/api/v2/stat/4/,12,butterfree
304,80,1,special-defense,https://pokeapi.co/api/v2/stat/5/,12,butterfree
305,70,0,speed,https://pokeapi.co/api/v2/stat/6/,12,butterfree
306,60,0,hp,https://pokeapi.co/api/v2/stat/1/,10198,butterfree-gmax
307,45,0,attack,https://pokeapi.co/api/v2/stat/2/,10198,butterfree-gmax
308,50,0,defense,https://pokeapi.co/api/v2/stat/3/,10198,butterfree-gmax
309,90,2,special-attack,https://pokeapi.co/api/v2/stat/4/,10198,butterfree-gmax
310,80,1,special-defense,https://pokeapi.co/api/v2/stat/5/,10198,butterfree-gmax
311,70,0,speed,https://pokeapi.co/api/v2/stat/6/,10198,butterfree-gmax
312,45,0,hp,https://pokeapi.co/api/v2/stat/1/,14,kakuna
313,25,0,attack,https://pokeapi.co/api/v2/stat/2/,14,kakuna
314,50,2,defense,https://pokeapi.co/api/v2/stat/3/,14,kakuna
315,25,0,special-attack,https://pokeapi.co/api/v2/stat/4/,14,kakuna
316,25,0,special-defense,https://pokeapi.co/api/v2/stat/5/,14,kakuna
317,35,0,speed,https://pokeapi.co/api/v2/stat/6/,14,kakuna
318,65,0,hp,https://pokeapi.co/api/v2/stat/1/,15,beedrill
319,90,2,attack,https://pokeapi.co/api/v2/stat/2/,15,beedrill
320,40,0,defense,https://pokeapi.co/api/v2/stat/3/,15,beedrill
321,45,0,special-attack,https://pokeapi.co/api/v2/stat/4/,15,beedrill
322,80,1,special-defense,https://pokeapi.co/api/v2/stat/5/,15,beedrill
323,75,0,speed,https://pokeapi.co/api/v2/stat/6/,15,beedrill
324,65,0,hp,https://pokeapi.co/api/v2/stat/1/,10090,beedrill-mega
325,150,2,attack,https://pokeapi.co/api/v2/stat/2/,10090,beedrill-mega
326,40,0,defense,https://pokeapi.co/api/v2/stat/3/,10090,beedrill-mega
327,15,0,special-attack,https://pokeapi.co/api/v2/stat/4/,10090,beedrill-mega
328,80,1,special-defense,https://pokeapi.co/api/v2/stat/5/,10090,beedrill-mega
329,145,0,speed,https://pokeapi.co/api/v2/stat/6/,10090,beedrill-mega
330,63,0,hp,https://pokeapi.co/api/v2/stat/1/,17,pidgeotto
331,60,0,attack,https://pokeapi.co/api/v2/stat/2/,17,pidgeotto
332,55,0,defense,https://pokeapi.co/api/v2/stat/3/,17,pidgeotto
333,50,0,special-attack,https://pokeapi.co/api/v2/stat/4/,17,pidgeotto
334,50,0,special-defense,https://pokeapi.co/api/v2/stat/5/,17,pidgeotto
335,71,2,speed,https://pokeapi.co/api/v2/stat/6/,17,pidgeotto
336,83,0,hp,https://pokeapi.co/api/v2/stat/1/,18,pidgeot
337,80,0,attack,https://pokeapi.co/api/v2/stat/2/,18,pidgeot
338,75,0,defense,https://pokeapi.co/api/v2/stat/3/,18,pidgeot
339,70,0,special-attack,https://pokeapi.co/api/v2/stat/4/,18,pidgeot
340,70,0,special-defense,https://pokeapi.co/api/v2/stat/5/,18,pidgeot
341,101,3,speed,https://pokeapi.co/api/v2/stat/6/,18,pidgeot
342,83,0,hp,https://pokeapi.co/api/v2/stat/1/,10073,pidgeot-mega
343,80,0,attack,https://pokeapi.co/api/v2/stat/2/,10073,pidgeot-mega
344,80,0,defense,https://pokeapi.co/api/v2/stat/3/,10073,pidgeot-mega
345,135,0,special-attack,https://pokeapi.co/api/v2/stat/4/,10073,pidgeot-mega
346,80,0,special-defense,https://pokeapi.co/api/v2/stat/5/,10073,pidgeot-mega
347,121,3,speed,https://pokeapi.co/api/v2/stat/6/,10073,pidgeot-mega
348,55,0,hp,https://pokeapi.co/api/v2/stat/1/,20,raticate
349,81,0,attack,https://pokeapi.co/api/v2/stat/2/,20,raticate
350,60,0,defense,https://pokeapi.co/api/v2/stat/3/,20,raticate
351,50,0,special-attack,https://pokeapi.co/api/v2/stat/4/,20,raticate
352,70,0,special-defense,https://pokeapi.co/api/v2/stat/5/,20,raticate
353,97,2,speed,https://pokeapi.co/api/v2/stat/6/,20,raticate
354,75,0,hp,https://pokeapi.co/api/v2/stat/1/,10092,raticate-alola
355,71,0,attack,https://pokeapi.co/api/v2/stat/2/,10092,raticate-alola
356,70,0,defense,https://pokeapi.co/api/v2/stat/3/,10092,raticate-alola
357,40,0,special-attack,https://pokeapi.co/api/v2/stat/4/,10092,raticate-alola
358,80,0,special-defense,https://pokeapi.co/api/v2/stat/5/,10092,raticate-alola
359,77,2,speed,https://pokeapi.co/api/v2/stat/6/,10092,raticate-alola
360,75,0,hp,https://pokeapi.co/api/v2/stat/1/,10093,raticate-totem-alola
361,71,0,attack,https://pokeapi.co/api/v2/stat/2/,10093,raticate-totem-alola
362,70,0,defense,https://pokeapi.co/api/v2/stat/3/,10093,raticate-totem-alola
363,40,0,special-attack,https://pokeapi.co/api/v2/stat/4/,10093,raticate-totem-alola
364,80,0,special-defense,https://pokeapi.co/api/v2/stat/5/,10093,raticate-totem-alola
365,77,2,speed,https://pokeapi.co/api/v2/stat/6/,10093,raticate-totem-alola
366,65,0,hp,https://pokeapi.co/api/v2/stat/1/,22,fearow
367,90,0,attack,https://pokeapi.co/api/v2/stat/2/,22,fearow
368,65,0,defense,https://pokeapi.co/api/v2/stat/3/,22,fearow
369,61,0,special-attack,https://pokeapi.co/api/v2/stat/4/,22,fearow
370,61,0,special-defense,https://pokeapi.co/api/v2/stat/5/,22,fearow
371,100,2,speed,https://pokeapi.co/api/v2/stat/6/,22,fearow
372,60,0,hp,https://pokeapi.co/api/v2/stat/1/,24,arbok
373,95,2,attack,https://pokeapi.co/api/v2/stat/2/,24,arbok
374,69,0,defense,https://pokeapi.co/api/v2/stat/3/,24,arbok
375,65,0,special-attack,https://pokeapi.co/api/v2/stat/4/,24,arbok
376,79,0,special-defense,https://pokeapi.co/api/v2/stat/5/,24,arbok
377,80,0,speed,https://pokeapi.co/api/v2/stat/6/,24,arbok
378,35,0,hp,https://pokeapi.co/api/v2/stat/1/,25,pikachu
379,55,0,attack,https://pokeapi.co/api/v2/stat/2/,25,pikachu
380,40,0,defense,https://pokeapi.co/api/v2/stat/3/,25,pikachu
381,50,0,special-attack,https://pokeapi.co/api/v2/stat/4/,25,pikachu
382,50,0,special-defense,https://pokeapi.co/api/v2/stat/5/,25,pikachu
383,90,2,speed,https://pokeapi.co/api/v2/stat/6/,25,pikachu
384,35,0,hp,https://pokeapi.co/api/v2/stat/1/,10080,pikachu-rock-star
385,55,0,attack,https://pokeapi.co/api/v2/stat/2/,10080,pikachu-rock-star
386,40,0,defense,https://pokeapi.co/api/v2/stat/3/,10080,pikachu-rock-star
387,50,0,special-attack,https://pokeapi.co/api/v2/stat/4/,10080,pikachu-rock-star
388,50,0,special-defense,https://pokeapi.co/api/v2/stat/5/,10080,pikachu-rock-star
389,90,2,speed,https://pokeapi.co/api/v2/stat/6/,10080,pikachu-rock-star
390,35,0,hp,https://pokeapi.co/api/v2/stat/1/,10081,pikachu-belle
391,55,0,attack,https://pokeapi.co/api/v2/stat/2/,10081,pikachu-belle
392,40,0,defense,https://pokeapi.co/api/v2/stat/3/,10081,pikachu-belle
393,50,0,special-attack,https://pokeapi.co/api/v2/stat/4/,10081,pikachu-belle
394,50,0,special-defense,https://pokeapi.co/api/v2/stat/5/,10081,pikachu-belle
395,90,2,speed,https://pokeapi.co/api/v2/stat/6/,10081,pikachu-belle
396,35,0,hp,https://pokeapi.co/api/v2/stat/1/,10082,pikachu-pop-star
397,55,0,attack,https://pokeapi.co/api/v2/stat/2/,10082,pikachu-pop-star
398,40,0,defense,https://pokeapi.co/api/v2/stat/3/,10082,pikachu-pop-star
399,50,0,special-attack,https://pokeapi.co/api/v2/stat/4/,10082,pikachu-pop-star
400,50,0,special-defense,https://pokeapi.co/api/v2/stat/5/,10082,pikachu-pop-star
401,90,2,speed,https://pokeapi.co/api/v2/stat/6/,10082,pikachu-pop-star
402,35,0,hp,https://pokeapi.co/api/v2/stat/1/,10083,pikachu-phd
403,55,0,attack,https://pokeapi.co/api/v2/stat/2/,10083,pikachu-phd
404,40,0,defense,https://pokeapi.co/api/v2/stat/3/,10083,pikachu-phd
405,50,0,special-attack,https://pokeapi.co/api/v2/stat/4/,10083,pikachu-phd
406,50,0,special-defense,https://pokeapi.co/api/v2/stat/5/,10083,pikachu-phd
407,90,2,speed,https://pokeapi.co/api/v2/stat/6/,10083,pikachu-phd
408,35,0,hp,https://pokeapi.co/api/v2/stat/1/,10084,pikachu-libre
409,55,0,attack,https://pokeapi.co/api/v2/stat/2/,10084,pikachu-libre
410,40,0,defense,https://pokeapi.co/api/v2/stat/3/,10084,pikachu-libre
411,50,0,special-attack,https://pokeapi.co/api/v2/stat/4/,10084,pikachu-libre
412,50,0,special-defense,https://pokeapi.co/api/v2/stat/5/,10084,pikachu-libre
413,90,2,speed,https://pokeapi.co/api/v2/stat/6/,10084,pikachu-libre
414,35,0,hp,https://pokeapi.co/api/v2/stat/1/,10085,pikachu-cosplay
415,55,0,attack,https://pokeapi.co/api/v2/stat/2/,10085,pikachu-cosplay
416,40,0,defense,https://pokeapi.co/api/v2/stat/3/,10085,pikachu-cosplay
417,50,0,special-attack,https://pokeapi.co/api/v2/stat/4/,10085,pikachu-cosplay
418,50,0,special-defense,https://pokeapi.co/api/v2/stat/5/,10085,pikachu-cosplay
419,90,2,speed,https://pokeapi.co/api/v2/stat/6/,10085,pikachu-cosplay
420,35,0,hp,https://pokeapi.co/api/v2/stat/1/,10094,pikachu-original-cap
421,55,0,attack,https://pokeapi.co/api/v2/stat/2/,10094,pikachu-original-cap
422,40,0,defense,https://pokeapi.co/api/v2/stat/3/,10094,pikachu-original-cap
423,50,0,special-attack,https://pokeapi.co/api/v2/stat/4/,10094,pikachu-original-cap
424,50,0,special-defense,https://pokeapi.co/api/v2/stat/5/,10094,pikachu-original-cap
425,90,2,speed,https://pokeapi.co/api/v2/stat/6/,10094,pikachu-original-cap
426,35,0,hp,https://pokeapi.co/api/v2/stat/1/,10095,pikachu-hoenn-cap
427,55,0,attack,https://pokeapi.co/api/v2/stat/2/,10095,pikachu-hoenn-cap
428,40,0,defense,https://pokeapi.co/api/v2/stat/3/,10095,pikachu-hoenn-cap
429,50,0,special-attack,https://pokeapi.co/api/v2/stat/4/,10095,pikachu-hoenn-cap
430,50,0,special-defense,https://pokeapi.co/api/v2/stat/5/,10095,pikachu-hoenn-cap
431,90,2,speed,https://pokeapi.co/api/v2/stat/6/,10095,pikachu-hoenn-cap
432,35,0,hp,https://pokeapi.co/api/v2/stat/1/,10096,pikachu-sinnoh-cap
433,55,0,attack,https://pokeapi.co/api/v2/stat/2/,10096,pikachu-sinnoh-cap
434,40,0,defense,https://pokeapi.co/api/v2/stat/3/,10096,pikachu-sinnoh-cap
435,50,0,special-attack,https://pokeapi.co/api/v2/stat/4/,10096,pikachu-sinnoh-cap
436,50,0,special-defense,https://pokeapi.co/api/v2/stat/5/,10096,pikachu-sinnoh-cap
437,90,2,speed,https://pokeapi.co/api/v2/stat/6/,10096,pikachu-sinnoh-cap
438,35,0,hp,https://pokeapi.co/api/v2/stat/1/,10097,pikachu-unova-cap
439,55,0,attack,https://pokeapi.co/api/v2/stat/2/,10097,pikachu-unova-cap
440,40,0,defense,https://pokeapi.co/api/v2/stat/3/,10097,pikachu-unova-cap
441,50,0,special-attack,https://pokeapi.co/api/v2/stat/4/,10097,pikachu-unova-cap
442,50,0,special-defense,https://pokeapi.co/api/v2/stat/5/,10097,pikachu-unova-cap
443,90,2,speed,https://pokeapi.co/api/v2/stat/6/,10097,pikachu-unova-cap
444,35,0,hp,https://pokeapi.co/api/v2/stat/1/,10098,pikachu-kalos-cap
445,55,0,attack,https://pokeapi.co/api/v2/stat/2/,10098,pikachu-kalos-cap
446,40,0,defense,https://pokeapi.co/api/v2/stat/3/,10098,pikachu-kalos-cap
447,50,0,special-attack,https://pokeapi.co/api/v2/stat/4/,10098,pikachu-kalos-cap
448,50,0,special-defense,https://pokeapi.co/api/v2/stat/5/,10098,pikachu-kalos-cap
449,90,2,speed,https://pokeapi.co/api/v2/stat/6/,10098,pikachu-kalos-cap
450,35,0,hp,https://pokeapi.co/api/v2/stat/1/,10099,pikachu-alola-cap
451,55,0,attack,https://pokeapi.co/api/v2/stat/2/,10099,pikachu-alola-cap
452,40,0,defense,https://pokeapi.co/api/v2/stat/3/,10099,pikachu-alola-cap
453,50,0,special-attack,https://pokeapi.co/api/v2/stat/4/,10099,pikachu-alola-cap
454,50,0,special-defense,https://pokeapi.co/api/v2/stat/5/,10099,pikachu-alola-cap
455,90,2,speed,https://pokeapi.co/api/v2/stat/6/,10099,pikachu-alola-cap
456,35,0,hp,https://pokeapi.co/api/v2/stat/1/,10148,pikachu-partner-cap
457,55,0,attack,https://pokeapi.co/api/v2/stat/2/,10148,pikachu-partner-cap
458,40,0,defense,https://pokeapi.co/api/v2/stat/3/,10148,pikachu-partner-cap
459,50,0,special-attack,https://pokeapi.co/api/v2/stat/4/,10148,pikachu-partner-cap
460,50,0,special-defense,https://pokeapi.co/api/v2/stat/5/,10148,pikachu-partner-cap
461,90,2,speed,https://pokeapi.co/api/v2/stat/6/,10148,pikachu-partner-cap
462,45,0,hp,https://pokeapi.co/api/v2/stat/1/,10158,pikachu-starter
463,80,0,attack,https://pokeapi.co/api/v2/stat/2/,10158,pikachu-starter
464,50,0,defense,https://pokeapi.co/api/v2/stat/3/,10158,pikachu-starter
465,75,0,special-attack,https://pokeapi.co/api/v2/stat/4/,10158,pikachu-starter
466,60,0,special-defense,https://pokeapi.co/api/v2/stat/5/,10158,pikachu-starter
467,120,2,speed,https://pokeapi.co/api/v2/stat/6/,10158,pikachu-starter
468,35,0,hp,https://pokeapi.co/api/v2/stat/1/,10160,pikachu-world-cap
469,55,0,attack,https://pokeapi.co/api/v2/stat/2/,10160,pikachu-world-cap
470,40,0,defense,https://pokeapi.co/api/v2/stat/3/,10160,pikachu-world-cap
471,50,0,special-attack,https://pokeapi.co/api/v2/stat/4/,10160,pikachu-world-cap
472,50,0,special-defense,https://pokeapi.co/api/v2/stat/5/,10160,pikachu-world-cap
473,90,2,speed,https://pokeapi.co/api/v2/stat/6/,10160,pikachu-world-cap
474,35,0,hp,https://pokeapi.co/api/v2/stat/1/,10199,pikachu-gmax
475,55,0,attack,https://pokeapi.co/api/v2/stat/2/,10199,pikachu-gmax
476,40,0,defense,https://pokeapi.co/api/v2/stat/3/,10199,pikachu-gmax
477,50,0,special-attack,https://pokeapi.co/api/v2/stat/4/,10199,pikachu-gmax
478,50,0,special-defense,https://pokeapi.co/api/v2/stat/5/,10199,pikachu-gmax
479,90,2,speed,https://pokeapi.co/api/v2/stat/6/,10199,pikachu-gmax
480,60,0,hp,https://pokeapi.co/api/v2/stat/1/,26,raichu
481,90,0,attack,https://pokeapi.co/api/v2/stat/2/,26,raichu
482,55,0,defense,https://pokeapi.co/api/v2/stat/3/,26,raichu
483,90,0,special-attack,https://pokeapi.co/api/v2/stat/4/,26,raichu
484,80,0,special-defense,https://pokeapi.co/api/v2/stat/5/,26,raichu
485,110,3,speed,https://pokeapi.co/api/v2/stat/6/,26,raichu
486,60,0,hp,https://pokeapi.co/api/v2/stat/1/,10100,raichu-alola
487,85,0,attack,https://pokeapi.co/api/v2/stat/2/,10100,raichu-alola
488,50,0,defense,https://pokeapi.co/api/v2/stat/3/,10100,raichu-alola
489,95,0,special-attack,https://pokeapi.co/api/v2/stat/4/,10100,raichu-alola
490,85,0,special-defense,https://pokeapi.co/api/v2/stat/5/,10100,raichu-alola
491,110,3,speed,https://pokeapi.co/api/v2/stat/6/,10100,raichu-alola
492,60,0,hp,https://pokeapi.co/api/v2/stat/1/,10304,raichu-mega-x
493,135,0,attack,https://pokeapi.co/api/v2/stat/2/,10304,raichu-mega-x
494,95,0,defense,https://pokeapi.co/api/v2/stat/3/,10304,raichu-mega-x
495,90,0,special-attack,https://pokeapi.co/api/v2/stat/4/,10304,raichu-mega-x
496,95,0,special-defense,https://pokeapi.co/api/v2/stat/5/,10304,raichu-mega-x
497,110,0,speed,https://pokeapi.co/api/v2/stat/6/,10304,raichu-mega-x
498,60,0,hp,https://pokeapi.co/api/v2/stat/1/,10305,raichu-mega-y
499,100,0,attack,https://pokeapi.co/api/v2/stat/2/,10305,raichu-mega-y
500,55,0,defense,https://pokeapi.co/api/v2/stat/3/,10305,raichu-mega-y
501,160,0,special-attack,https://pokeapi.co/api/v2/stat/4/,10305,raichu-mega-y
502,80,0,special-defense,https://pokeapi.co/api/v2/stat/5/,10305,raichu-mega-y
503,130,0,speed,https://pokeapi.co/api/v2/stat/6/,10305,raichu-mega-y
504,75,0,hp,https://pokeapi.co/api/v2/stat/1/,28,sandslash
505,100,0,attack,https://pokeapi.co/api/v2/stat/2/,28,sandslash
506,110,2,defense,https://pokeapi.co/api/v2/stat/3/,28,sandslash
507,45,0,special-attack,https://pokeapi.co/api/v2/stat/4/,28,sandslash
508,55,0,special-defense,https://pokeapi.co/api/v2/stat/5/,28,sandslash
509,65,0,speed,https://pokeapi.co/api/v2/stat/6/,28,sandslash
510,75,0,hp,https://pokeapi.co/api/v2/stat/1/,10102,sandslash-alola
511,100,0,attack,https://pokeapi.co/api/v2/stat/2/,10102,sandslash-alola
512,120,2,defense,https://pokeapi.co/api/v2/stat/3/,10102,sandslash-alola
513,25,0,special-attack,https://pokeapi.co/api/v2/stat/4/,10102,sandslash-alola
514,65,0,special-defense,https://pokeapi.co/api/v2/stat/5/,10102,sandslash-alola
515,65,0,speed,https://pokeapi.co/api/v2/stat/6/,10102,sandslash-alola
516,70,2,hp,https://pokeapi.co/api/v2/stat/1/,30,nidorina
517,62,0,attack,https://pokeapi.co/api/v2/stat/2/,30,nidorina
518,67,0,defense,https://pokeapi.co/api/v2/stat/3/,30,nidorina
519,55,0,special-attack,https://pokeapi.co/api/v2/stat/4/,30,nidorina
520,55,0,special-defense,https://pokeapi.co/api/v2/stat/5/,30,nidorina
521,56,0,speed,https://pokeapi.co/api/v2/stat/6/,30,nidorina
522,90,3,hp,https://pokeapi.co/api/v2/stat/1/,31,nidoqueen
523,92,0,attack,https://pokeapi.co/api/v2/stat/2/,31,nidoqueen
524,87,0,defense,https://pokeapi.co/api/v2/stat/3/,31,nidoqueen
525,75,0,special-attack,https://pokeapi.co/api/v2/stat/4/,31,nidoqueen
526,85,0,special-defense,https://pokeapi.co/api/v2/stat/5/,31,nidoqueen
527,76,0,speed,https://pokeapi.co/api/v2/stat/6/,31,nidoqueen
528,61,0,hp,https://pokeapi.co/api/v2/stat/1/,33,nidorino
529,72,2,attack,https://pokeapi.co/api/v2/stat/2/,33,nidorino
530,57,0,defense,https://pokeapi.co/api/v2/stat/3/,33,nidorino
531,55,0,special-attack,https://pokeapi.co/api/v2/stat/4/,33,nidorino
532,55,0,special-defense,https://pokeapi.co/api/v2/stat/5/,33,nidorino
533,65,0,speed,https://pokeapi.co/api/v2/stat/6/,33,nidorino
534,81,0,hp,https://pokeapi.co/api/v2/stat/1/,34,nidoking
535,102,3,attack,https://pokeapi.co/api/v2/stat/2/,34,nidoking
536,77,0,defense,https://pokeapi.co/api/v2/stat/3/,34,nidoking
537,85,0,special-attack,https://pokeapi.co/api/v2/stat/4/,34,nidoking
538,75,0,special-defense,https://pokeapi.co/api/v2/stat/5/,34,nidoking
539,85,0,speed,https://pokeapi.co/api/v2/stat/6/,34,nidoking
540,70,2,hp,https://pokeapi.co/api/v2/stat/1/,35,clefairy
541,45,0,attack,https://pokeapi.co/api/v2/stat/2/,35,clefairy
542,48,0,defense,https://pokeapi.co/api/v2/stat/3/,35,clefairy
543,60,0,special-attack,https://pokeapi.co/api/v2/stat/4/,35,clefairy
544,65,0,special-defense,https://pokeapi.co/api/v2/stat/5/,35,clefairy
545,35,0,speed,https://pokeapi.co/api/v2/stat/6/,35,clefairy
546,95,3,hp,https://pokeapi.co/api/v2/stat/1/,36,clefable
547,70,0,attack,https://pokeapi.co/api/v2/stat/2/,36,clefable
548,73,0,defense,https://pokeapi.co/api/v2/stat/3/,36,clefable
549,95,0,special-attack,https://pokeapi.co/api/v2/stat/4/,36,clefable
550,90,0,special-defense,https://pokeapi.co/api/v2/stat/5/,36,clefable
551,60,0,speed,https://pokeapi.co/api/v2/stat/6/,36,clefable
552,95,0,hp,https://pokeapi.co/api/v2/stat/1/,10278,clefable-mega
553,80,0,attack,https://pokeapi.co/api/v2/stat/2/,10278,clefable-mega
554,93,0,defense,https://pokeapi.co/api/v2/stat/3/,10278,clefable-mega
555,135,0,special-attack,https://pokeapi.co/api/v2/stat/4/,10278,clefable-mega
556,110,0,special-defense,https://pokeapi.co/api/v2/stat/5/,10278,clefable-mega
557,70,0,speed,https://pokeapi.co/api/v2/stat/6/,10278,clefable-mega
558,73,0,hp,https://pokeapi.co/api/v2/stat/1/,38,ninetales
559,76,0,attack,https://pokeapi.co/api/v2/stat/2/,38,ninetales
560,75,0,defense,https://pokeapi.co/api/v2/stat/3/,38,ninetales
561,81,0,special-attack,https://pokeapi.co/api/v2/stat/4/,38,ninetales
562,100,1,special-defense,https://pokeapi.co/api/v2/stat/5/,38,ninetales
563,100,1,speed,https://pokeapi.co/api/v2/stat/6/,38,ninetales
564,73,0,hp,https://pokeapi.co/api/v2/stat/1/,10104,ninetales-alola
565,67,0,attack,https://pokeapi.co/api/v2/stat/2/,10104,ninetales-alola
566,75,0,defense,https://pokeapi.co/api/v2/stat/3/,10104,ninetales-alola
567,81,0,special-attack,https://pokeapi.co/api/v2/stat/4/,10104,ninetales-alola
568,100,0,special-defense,https://pokeapi.co/api/v2/stat/5/,10104,ninetales-alola
569,109,2,speed,https://pokeapi.co/api/v2/stat/6/,10104,ninetales-alola
570,115,2,hp,https://pokeapi.co/api/v2/stat/1/,39,jigglypuff
571,45,0,attack,https://pokeapi.co/api/v2/stat/2/,39,jigglypuff
572,20,0,defense,https://pokeapi.co/api/v2/stat/3/,39,jigglypuff
573,45,0,special-attack,https://pokeapi.co/api/v2/stat/4/,39,jigglypuff
574,25,0,special-defense,https://pokeapi.co/api/v2/stat/5/,39,jigglypuff
575,20,0,speed,https://pokeapi.co/api/v2/stat/6/,39,jigglypuff
576,140,3,hp,https://pokeapi.co/api/v2/stat/1/,40,wigglytuff
577,70,0,attack,https://pokeapi.co/api/v2/stat/2/,40,wigglytuff
578,45,0,defense,https://pokeapi.co/api/v2/stat/3/,40,wigglytuff
579,85,0,special-attack,https://pokeapi.co/api/v2/stat/4/,40,wigglytuff
580,50,0,special-defense,https://pokeapi.co/api/v2/stat/5/,40,wigglytuff
581,45,0,speed,https://pokeapi.co/api/v2/stat/6/,40,wigglytuff
582,75,0,hp,https://pokeapi.co/api/v2/stat/1/,42,golbat
583,80,0,attack,https://pokeapi.co/api/v2/stat/2/,42,golbat
584,70,0,defense,https://pokeapi.co/api/v2/stat/3/,42,golbat
585,65,0,special-attack,https://pokeapi.co/api/v2/stat/4/,42,golbat
586,75,0,special-defense,https://pokeapi.co/api/v2/stat/5/,42,golbat
587,90,2,speed,https://pokeapi.co/api/v2/stat/6/,42,golbat
588,60,0,hp,https://pokeapi.co/api/v2/stat/1/,44,gloom
589,65,0,attack,https://pokeapi.co/api/v2/stat/2/,44,gloom
590,70,0,defense,https://pokeapi.co/api/v2/stat/3/,44,gloom
591,85,2,special-attack,https://pokeapi.co/api/v2/stat/4/,44,gloom
592,75,0,special-defense,https://pokeapi.co/api/v2/stat/5/,44,gloom
593,40,0,speed,https://pokeapi.co/api/v2/stat/6/,44,gloom
594,75,0,hp,https://pokeapi.co/api/v2/stat/1/,45,vileplume
595,80,0,attack,https://pokeapi.co/api/v2/stat/2/,45,vileplume
596,85,0,defense,https://pokeapi.co/api/v2/stat/3/,45,vileplume
597,110,3,special-attack,https://pokeapi.co/api/v2/stat/4/,45,vileplume
598,90,0,special-defense,https://pokeapi.co/api/v2/stat/5/,45,vileplume
599,50,0,speed,https://pokeapi.co/api/v2/stat/6/,45,vileplume
600,60,0,hp,https://pokeapi.co/api/v2/stat/1/,47,parasect
601,95,2,attack,https://pokeapi.co/api/v2/stat/2/,47,parasect
602,80,1,defense,https://pokeapi.co/api/v2/stat/3/,47,parasect
603,60,0,special-attack,https://pokeapi.co/api/v2/stat/4/,47,parasect
604,80,0,special-defense,https://pokeapi.co/api/v2/stat/5/,47,parasect
605,30,0,speed,https://pokeapi.co/api/v2/stat/6/,47,parasect
606,70,0,hp,https://pokeapi.co/api/v2/stat/1/,49,venomoth
607,65,0,attack,https://pokeapi.co/api/v2/stat/2/,49,venomoth
608,60,0,defense,https://pokeapi.co/api/v2/stat/3/,49,venomoth
609,90,1,special-attack,https://pokeapi.co/api/v2/stat/4/,49,venomoth
610,75,0,special-defense,https://pokeapi.co/api/v2/stat/5/,49,venomoth
611,90,1,speed,https://pokeapi.co/api/v2/stat/6/,49,venomoth
612,35,0,hp,https://pokeapi.co/api/v2/stat/1/,51,dugtrio
613,100,0,attack,https://pokeapi.co/api/v2/stat/2/,51,dugtrio
614,50,0,defense,https://pokeapi.co/api/v2/stat/3/,51,dugtrio
615,50,0,special-attack,https://pokeapi.co/api/v2/stat/4/,51,dugtrio
616,70,0,special-defense,https://pokeapi.co/api/v2/stat/5/,51,dugtrio
617,120,2,speed,https://pokeapi.co/api/v2/stat/6/,51,dugtrio
618,35,0,hp,https://pokeapi.co/api/v2/stat/1/,10106,dugtrio-alola
619,100,2,attack,https://pokeapi.co/api/v2/stat/2/,10106,dugtrio-alola
620,60,0,defense,https://pokeapi.co/api/v2/stat/3/,10106,dugtrio-alola
621,50,0,special-attack,https://pokeapi.co/api/v2/stat/4/,10106,dugtrio-alola
622,70,0,special-defense,https://pokeapi.co/api/v2/stat/5/,10106,dugtrio-alola
623,110,0,speed,https://pokeapi.co/api/v2/stat/6/,10106,dugtrio-alola
624,65,0,hp,https://pokeapi.co/api/v2/stat/1/,53,persian
625,70,0,attack,https://pokeapi.co/api/v2/stat/2/,53,persian
626,60,0,defense,https://pokeapi.co/api/v2/stat/3/,53,persian
627,65,0,special-attack,https://pokeapi.co/api/v2/stat/4/,53,persian
628,65,0,special-defense,https://pokeapi.co/api/v2/stat/5/,53,persian
629,115,2,speed,https://pokeapi.co/api/v2/stat/6/,53,persian
630,65,0,hp,https://pokeapi.co/api/v2/stat/1/,10108,persian-alola
631,60,0,attack,https://pokeapi.co/api/v2/stat/2/,10108,persian-alola
632,60,0,defense,https://pokeapi.co/api/v2/stat/3/,10108,persian-alola
633,75,0,special-attack,https://pokeapi.co/api/v2/stat/4/,10108,persian-alola
634,65,0,special-defense,https://pokeapi.co/api/v2/stat/5/,10108,persian-alola
635,115,2,speed,https://pokeapi.co/api/v2/stat/6/,10108,persian-alola
636,80,0,hp,https://pokeapi.co/api/v2/stat/1/,55,golduck
637,82,0,attack,https://pokeapi.co/api/v2/stat/2/,55,golduck
638,78,0,defense,https://pokeapi.co/api/v2/stat/3/,55,golduck
639,95,2,special-attack,https://pokeapi.co/api/v2/stat/4/,55,golduck
640,80,0,special-defense,https://pokeapi.co/api/v2/stat/5/,55,golduck
641,85,0,speed,https://pokeapi.co/api/v2/stat/6/,55,golduck
642,65,0,hp,https://pokeapi.co/api/v2/stat/1/,57,primeape
643,105,2,attack,https://pokeapi.co/api/v2/stat/2/,57,primeape
644,60,0,defense,https://pokeapi.co/api/v2/stat/3/,57,primeape
645,60,0,special-attack,https://pokeapi.co/api/v2/stat/4/,57,primeape
646,70,0,special-defense,https://pokeapi.co/api/v2/stat/5/,57,primeape
647,95,0,speed,https://pokeapi.co/api/v2/stat/6/,57,primeape
648,90,0,hp,https://pokeapi.co/api/v2/stat/1/,59,arcanine
649,110,2,attack,https://pokeapi.co/api/v2/stat/2/,59,arcanine
650,80,0,defense,https://pokeapi.co/api/v2/stat/3/,59,arcanine
651,100,0,special-attack,https://pokeapi.co/api/v2/stat/4/,59,arcanine
652,80,0,special-defense,https://pokeapi.co/api/v2/stat/5/,59,arcanine
653,95,0,speed,https://pokeapi.co/api/v2/stat/6/,59,arcanine
654,95,0,hp,https://pokeapi.co/api/v2/stat/1/,10230,arcanine-hisui
655,115,2,attack,https://pokeapi.co/api/v2/stat/2/,10230,arcanine-hisui
656,80,0,defense,https://pokeapi.co/api/v2/stat/3/,10230,arcanine-hisui
657,95,0,special-attack,https://pokeapi.co/api/v2/stat/4/,10230,arcanine-hisui
658,80,0,special-defense,https://pokeapi.co/api/v2/stat/5/,10230,arcanine-hisui
659,90,0,speed,https://pokeapi.co/api/v2/stat/6/,10230,arcanine-hisui
660,65,0,hp,https://pokeapi.co/api/v2/stat/1/,61,poliwhirl
661,65,0,attack,https://pokeapi.co/api/v2/stat/2/,61,poliwhirl
662,65,0,defense,https://pokeapi.co/api/v2/stat/3/,61,poliwhirl
663,50,0,special-attack,https://pokeapi.co/api/v2/stat/4/,61,poliwhirl
664,50,0,special-defense,https://pokeapi.co/api/v2/stat/5/,61,poliwhirl
665,90,2,speed,https://pokeapi.co/api/v2/stat/6/,61,poliwhirl
666,90,0,hp,https://pokeapi.co/api/v2/stat/1/,62,poliwrath
667,95,0,attack,https://pokeapi.co/api/v2/stat/2/,62,poliwrath
668,95,3,defense,https://pokeapi.co/api/v2/stat/3/,62,poliwrath
669,70,0,special-attack,https://pokeapi.co/api/v2/stat/4/,62,poliwrath
670,90,0,special-defense,https://pokeapi.co/api/v2/stat/5/,62,poliwrath
671,70,0,speed,https://pokeapi.co/api/v2/stat/6/,62,poliwrath
672,40,0,hp,https://pokeapi.co/api/v2/stat/1/,64,kadabra
673,35,0,attack,https://pokeapi.co/api/v2/stat/2/,64,kadabra
674,30,0,defense,https://pokeapi.co/api/v2/stat/3/,64,kadabra
675,120,2,special-attack,https://pokeapi.co/api/v2/stat/4/,64,kadabra
676,70,0,special-defense,https://pokeapi.co/api/v2/stat/5/,64,kadabra
677,105,0,speed,https://pokeapi.co/api/v2/stat/6/,64,kadabra
678,55,0,hp,https://pokeapi.co/api/v2/stat/1/,65,alakazam
679,50,0,attack,https://pokeapi.co/api/v2/stat/2/,65,alakazam
680,45,0,defense,https://pokeapi.co/api/v2/stat/3/,65,alakazam
681,135,3,special-attack,https://pokeapi.co/api/v2/stat/4/,65,alakazam
682,95,0,special-defense,https://pokeapi.co/api/v2/stat/5/,65,alakazam
683,120,0,speed,https://pokeapi.co/api/v2/stat/6/,65,alakazam
684,55,0,hp,https://pokeapi.co/api/v2/stat/1/,10037,alakazam-mega
685,50,0,attack,https://pokeapi.co/api/v2/stat/2/,10037,alakazam-mega
686,65,0,defense,https://pokeapi.co/api/v2/stat/3/,10037,alakazam-mega
687,175,3,special-attack,https://pokeapi.co/api/v2/stat/4/,10037,alakazam-mega
688,105,0,special-defense,https://pokeapi.co/api/v2/stat/5/,10037,alakazam-mega
689,150,0,speed,https://pokeapi.co/api/v2/stat/6/,10037,alakazam-mega
690,80,0,hp,https://pokeapi.co/api/v2/stat/1/,67,machoke
691,100,2,attack,https://pokeapi.co/api/v2/stat/2/,67,machoke
692,70,0,defense,https://pokeapi.co/api/v2/stat/3/,67,machoke
693,50,0,special-attack,https://pokeapi.co/api/v2/stat/4/,67,machoke
694,60,0,special-defense,https://pokeapi.co/api/v2/stat/5/,67,machoke
695,45,0,speed,https://pokeapi.co/api/v2/stat/6/,67,machoke
696,90,0,hp,https://pokeapi.co/api/v2/stat/1/,68,machamp
697,130,3,attack,https://pokeapi.co/api/v2/stat/2/,68,machamp
698,80,0,defense,https://pokeapi.co/api/v2/stat/3/,68,machamp
699,65,0,special-attack,https://pokeapi.co/api/v2/stat/4/,68,machamp
700,85,0,special-defense,https://pokeapi.co/api/v2/stat/5/,68,machamp
701,55,0,speed,https://pokeapi.co/api/v2/stat/6/,68,machamp
702,90,0,hp,https://pokeapi.co/api/v2/stat/1/,10201,machamp-gmax
703,130,3,attack,https://pokeapi.co/api/v2/stat/2/,10201,machamp-gmax
704,80,0,defense,https://pokeapi.co/api/v2/stat/3/,10201,machamp-gmax
705,65,0,special-attack,https://pokeapi.co/api/v2/stat/4/,10201,machamp-gmax
706,85,0,special-defense,https://pokeapi.co/api/v2/stat/5/,10201,machamp-gmax
707,55,0,speed,https://pokeapi.co/api/v2/stat/6/,10201,machamp-gmax
708,65,0,hp,https://pokeapi.co/api/v2/stat/1/,70,weepinbell
709,90,2,attack,https://pokeapi.co/api/v2/stat/2/,70,weepinbell
710,50,0,defense,https://pokeapi.co/api/v2/stat/3/,70,weepinbell
711,85,0,special-attack,https://pokeapi.co/api/v2/stat/4/,70,weepinbell
712,45,0,special-defense,https://pokeapi.co/api/v2/stat/5/,70,weepinbell
713,55,0,speed,https://pokeapi.co/api/v2/stat/6/,70,weepinbell
714,80,0,hp,https://pokeapi.co/api/v2/stat/1/,71,victreebel
715,105,3,attack,https://pokeapi.co/api/v2/stat/2/,71,victreebel
716,65,0,defense,https://pokeapi.co/api/v2/stat/3/,71,victreebel
717,100,0,special-attack,https://pokeapi.co/api/v2/stat/4/,71,victreebel
718,70,0,special-defense,https://pokeapi.co/api/v2/stat/5/,71,victreebel
719,70,0,speed,https://pokeapi.co/api/v2/stat/6/,71,victreebel
720,80,0,hp,https://pokeapi.co/api/v2/stat/1/,10279,victreebel-mega
721,125,0,attack,https://pokeapi.co/api/v2/stat/2/,10279,victreebel-mega
722,85,0,defense,https://pokeapi.co/api/v2/stat/3/,10279,victreebel-mega
723,135,0,special-attack,https://pokeapi.co/api/v2/stat/4/,10279,victreebel-mega
724,95,0,special-defense,https://pokeapi.co/api/v2/stat/5/,10279,victreebel-mega
725,70,0,speed,https://pokeapi.co/api/v2/stat/6/,10279,victreebel-mega
726,80,0,hp,https://pokeapi.co/api/v2/stat/1/,73,tentacruel
727,70,0,attack,https://pokeapi.co/api/v2/stat/2/,73,tentacruel
728,65,0,defense,https://pokeapi.co/api/v2/stat/3/,73,tentacruel
729,80,0,special-attack,https://pokeapi.co/api/v2/stat/4/,73,tentacruel
730,120,2,special-defense,https://pokeapi.co/api/v2/stat/5/,73,tentacruel
731,100,0,speed,https://pokeapi.co/api/v2/stat/6/,73,tentacruel
732,55,0,hp,https://pokeapi.co/api/v2/stat/1/,75,graveler
733,95,0,attack,https://pokeapi.co/api/v2/stat/2/,75,graveler
734,115,2,defense,https://pokeapi.co/api/v2/stat/3/,75,graveler
735,45,0,special-attack,https://pokeapi.co/api/v2/stat/4/,75,graveler
736,45,0,special-defense,https://pokeapi.co/api/v2/stat/5/,75,graveler
737,35,0,speed,https://pokeapi.co/api/v2/stat/6/,75,graveler
738,55,0,hp,https://pokeapi.co/api/v2/stat/1/,10110,graveler-alola
739,95,0,attack,https://pokeapi.co/api/v2/stat/2/,10110,graveler-alola
740,115,2,defense,https://pokeapi.co/api/v2/stat/3/,10110,graveler-alola
741,45,0,special-attack,https://pokeapi.co/api/v2/stat/4/,10110,graveler-alola
742,45,0,special-defense,https://pokeapi.co/api/v2/stat/5/,10110,graveler-alola
743,35,0,speed,https://pokeapi.co/api/v2/stat/6/,10110,graveler-alola
744,50,0,hp,https://pokeapi.co/api/v2/stat/1/,77,ponyta
745,85,0,attack,https://pokeapi.co/api/v2/stat/2/,77,ponyta
746,55,0,defense,https://pokeapi.co/api/v2/stat/3/,77,ponyta
747,65,0,special-attack,https://pokeapi.co/api/v2/stat/4/,77,ponyta
748,65,0,special-defense,https://pokeapi.co/api/v2/stat/5/,77,ponyta
749,90,1,speed,https://pokeapi.co/api/v2/stat/6/,77,ponyta
750,50,0,hp,https://pokeapi.co/api/v2/stat/1/,10162,ponyta-galar
751,85,0,attack,https://pokeapi.co/api/v2/stat/2/,10162,ponyta-galar
752,55,0,defense,https://pokeapi.co/api/v2/stat/3/,10162,ponyta-galar
753,65,0,special-attack,https://pokeapi.co/api/v2/stat/4/,10162,ponyta-galar
754,65,0,special-defense,https://pokeapi.co/api/v2/stat/5/,10162,ponyta-galar
755,90,1,speed,https://pokeapi.co/api/v2/stat/6/,10162,ponyta-galar
756,90,1,hp,https://pokeapi.co/api/v2/stat/1/,79,slowpoke
757,65,0,attack,https://pokeapi.co/api/v2/stat/2/,79,slowpoke
758,65,0,defense,https://pokeapi.co/api/v2/stat/3/,79,slowpoke
759,40,0,special-attack,https://pokeapi.co/api/v2/stat/4/,79,slowpoke
760,40,0,special-defense,https://pokeapi.co/api/v2/stat/5/,79,slowpoke
761,15,0,speed,https://pokeapi.co/api/v2/stat/6/,79,slowpoke
762,90,1,hp,https://pokeapi.co/api/v2/stat/1/,10164,slowpoke-galar
763,65,0,attack,https://pokeapi.co/api/v2/stat/2/,10164,slowpoke-galar
764,65,0,defense,https://pokeapi.co/api/v2/stat/3/,10164,slowpoke-galar
765,40,0,special-attack,https://pokeapi.co/api/v2/stat/4/,10164,slowpoke-galar
766,40,0,special-defense,https://pokeapi.co/api/v2/stat/5/,10164,slowpoke-galar
767,15,0,speed,https://pokeapi.co/api/v2/stat/6/,10164,slowpoke-galar
768,25,0,hp,https://pokeapi.co/api/v2/stat/1/,81,magnemite
769,35,0,attack,https://pokeapi.co/api/v2/stat/2/,81,magnemite
770,70,0,defense,https://pokeapi.co/api/v2/stat/3/,81,magnemite
771,95,1,special-attack,https://pokeapi.co/api/v2/stat/4/,81,magnemite
772,55,0,special-defense,https://pokeapi.co/api/v2/stat/5/,81,magnemite
773,45,0,speed,https://pokeapi.co/api/v2/stat/6/,81,magnemite
774,52,0,hp,https://pokeapi.co/api/v2/stat/1/,83,farfetchd
775,90,1,attack,https://pokeapi.co/api/v2/stat/2/,83,farfetchd
776,55,0,defense,https://pokeapi.co/api/v2/stat/3/,83,farfetchd
777,58,0,special-attack,https://pokeapi.co/api/v2/stat/4/,83,farfetchd
778,62,0,special-defense,https://pokeapi.co/api/v2/stat/5/,83,farfetchd
779,60,0,speed,https://pokeapi.co/api/v2/stat/6/,83,farfetchd
780,52,0,hp,https://pokeapi.co/api/v2/stat/1/,10166,farfetchd-galar
781,95,1,attack,https://pokeapi.co/api/v2/stat/2/,10166,farfetchd-galar
782,55,0,defense,https://pokeapi.co/api/v2/stat/3/,10166,farfetchd-galar
783,58,0,special-attack,https://pokeapi.co/api/v2/stat/4/,10166,farfetchd-galar
784,62,0,special-defense,https://pokeapi.co/api/v2/stat/5/,10166,farfetchd-galar
785,55,0,speed,https://pokeapi.co/api/v2/stat/6/,10166,farfetchd-galar
786,35,0,hp,https://pokeapi.co/api/v2/stat/1/,84,doduo
787,85,1,attack,https://pokeapi.co/api/v2/stat/2/,84,doduo
788,45,0,defense,https://pokeapi.co/api/v2/stat/3/,84,doduo
789,35,0,special-attack,https://pokeapi.co/api/v2/stat/4/,84,doduo
790,35,0,special-defense,https://pokeapi.co/api/v2/stat/5/,84,doduo
791,75,0,speed,https://pokeapi.co/api/v2/stat/6/,84,doduo
792,65,0,hp,https://pokeapi.co/api/v2/stat/1/,86,seel
793,45,0,attack,https://pokeapi.co/api/v2/stat/2/,86,seel
794,55,0,defense,https://pokeapi.co/api/v2/stat/3/,86,seel
795,45,0,special-attack,https://pokeapi.co/api/v2/stat/4/,86,seel
796,70,1,special-defense,https://pokeapi.co/api/v2/stat/5/,86,seel
797,45,0,speed,https://pokeapi.co/api/v2/stat/6/,86,seel
798,80,1,hp,https://pokeapi.co/api/v2/stat/1/,88,grimer
799,80,0,attack,https://pokeapi.co/api/v2/stat/2/,88,grimer
800,50,0,defense,https://pokeapi.co/api/v2/stat/3/,88,grimer
801,40,0,special-attack,https://pokeapi.co/api/v2/stat/4/,88,grimer
802,50,0,special-defense,https://pokeapi.co/api/v2/stat/5/,88,grimer
803,25,0,speed,https://pokeapi.co/api/v2/stat/6/,88,grimer
804,80,1,hp,https://pokeapi.co/api/v2/stat/1/,10112,grimer-alola
805,80,0,attack,https://pokeapi.co/api/v2/stat/2/,10112,grimer-alola
806,50,0,defense,https://pokeapi.co/api/v2/stat/3/,10112,grimer-alola
807,40,0,special-attack,https://pokeapi.co/api/v2/stat/4/,10112,grimer-alola
808,50,0,special-defense,https://pokeapi.co/api/v2/stat/5/,10112,grimer-alola
809,25,0,speed,https://pokeapi.co/api/v2/stat/6/,10112,grimer-alola
810,30,0,hp,https://pokeapi.co/api/v2/stat/1/,90,shellder
811,65,0,attack,https://pokeapi.co/api/v2/stat/2/,90,shellder
812,100,1,defense,https://pokeapi.co/api/v2/stat/3/,90,shellder
813,45,0,special-attack,https://pokeapi.co/api/v2/stat/4/,90,shellder
814,25,0,special-defense,https://pokeapi.co/api/v2/stat/5/,90,shellder
815,40,0,speed,https://pokeapi.co/api/v2/stat/6/,90,shellder
816,30,0,hp,https://pokeapi.co/api/v2/stat/1/,92,gastly
817,35,0,attack,https://pokeapi.co/api/v2/stat/2/,92,gastly
818,30,0,defense,https://pokeapi.co/api/v2/stat/3/,92,gastly
819,100,1,special-attack,https://pokeapi.co/api/v2/stat/4/,92,gastly
820,35,0,special-defense,https://pokeapi.co/api/v2/stat/5/,92,gastly
821,80,0,speed,https://pokeapi.co/api/v2/stat/6/,92,gastly
822,35,0,hp,https://pokeapi.co/api/v2/stat/1/,95,onix
823,45,0,attack,https://pokeapi.co/api/v2/stat/2/,95,onix
824,160,1,defense,https://pokeapi.co/api/v2/stat/3/,95,onix
825,30,0,special-attack,https://pokeapi.co/api/v2/stat/4/,95,onix
826,45,0,special-defense,https://pokeapi.co/api/v2/stat/5/,95,onix
827,70,0,speed,https://pokeapi.co/api/v2/stat/6/,95,onix
828,60,0,hp,https://pokeapi.co/api/v2/stat/1/,96,drowzee
829,48,0,attack,https://pokeapi.co/api/v2/stat/2/,96,drowzee
830,45,0,defense,https://pokeapi.co/api/v2/stat/3/,96,drowzee
831,43,0,special-attack,https://pokeapi.co/api/v2/stat/4/,96,drowzee
832,90,1,special-defense,https://pokeapi.co/api/v2/stat/5/,96,drowzee
833,42,0,speed,https://pokeapi.co/api/v2/stat/6/,96,drowzee
834,30,0,hp,https://pokeapi.co/api/v2/stat/1/,98,krabby
835,105,1,attack,https://pokeapi.co/api/v2/stat/2/,98,krabby
836,90,0,defense,https://pokeapi.co/api/v2/stat/3/,98,krabby
837,25,0,special-attack,https://pokeapi.co/api/v2/stat/4/,98,krabby
838,25,0,special-defense,https://pokeapi.co/api/v2/stat/5/,98,krabby
839,50,0,speed,https://pokeapi.co/api/v2/stat/6/,98,krabby
840,40,0,hp,https://pokeapi.co/api/v2/stat/1/,100,voltorb
841,30,0,attack,https://pokeapi.co/api/v2/stat/2/,100,voltorb
842,50,0,defense,https://pokeapi.co/api/v2/stat/3/,100,voltorb
843,55,0,special-attack,https://pokeapi.co/api/v2/stat/4/,100,voltorb
844,55,0,special-defense,https://pokeapi.co/api/v2/stat/5/,100,voltorb
845,100,1,speed,https://pokeapi.co/api/v2/stat/6/,100,voltorb
846,40,0,hp,https://pokeapi.co/api/v2/stat/1/,10231,voltorb-hisui
847,30,0,attack,https://pokeapi.co/api/v2/stat/2/,10231,voltorb-hisui
848,50,0,defense,https://pokeapi.co/api/v2/stat/3/,10231,voltorb-hisui
849,55,0,special-attack,https://pokeapi.co/api/v2/stat/4/,10231,voltorb-hisui
850,55,0,special-defense,https://pokeapi.co/api/v2/stat/5/,10231,voltorb-hisui
851,100,1,speed,https://pokeapi.co/api/v2/stat/6/,10231,voltorb-hisui
852,60,0,hp,https://pokeapi.co/api/v2/stat/1/,102,exeggcute
853,40,0,attack,https://pokeapi.co/api/v2/stat/2/,102,exeggcute
854,80,1,defense,https://pokeapi.co/api/v2/stat/3/,102,exeggcute
855,60,0,special-attack,https://pokeapi.co/api/v2/stat/4/,102,exeggcute
856,45,0,special-defense,https://pokeapi.co/api/v2/stat/5/,102,exeggcute
857,40,0,speed,https://pokeapi.co/api/v2/stat/6/,102,exeggcute
858,50,0,hp,https://pokeapi.co/api/v2/stat/1/,104,cubone
859,50,0,attack,https://pokeapi.co/api/v2/stat/2/,104,cubone
860,95,1,defense,https://pokeapi.co/api/v2/stat/3/,104,cubone
861,40,0,special-attack,https://pokeapi.co/api/v2/stat/4/,104,cubone
862,50,0,special-defense,https://pokeapi.co/api/v2/stat/5/,104,cubone
863,35,0,speed,https://pokeapi.co/api/v2/stat/6/,104,cubone
864,90,2,hp,https://pokeapi.co/api/v2/stat/1/,108,lickitung
865,55,0,attack,https://pokeapi.co/api/v2/stat/2/,108,lickitung
866,75,0,defense,https://pokeapi.co/api/v2/stat/3/,108,lickitung
867,60,0,special-attack,https://pokeapi.co/api/v2/stat/4/,108,lickitung
868,75,0,special-defense,https://pokeapi.co/api/v2/stat/5/,108,lickitung
869,30,0,speed,https://pokeapi.co/api/v2/stat/6/,108,lickitung
870,40,0,hp,https://pokeapi.co/api/v2/stat/1/,109,koffing
871,65,0,attack,https://pokeapi.co/api/v2/stat/2/,109,koffing
872,95,1,defense,https://pokeapi.co/api/v2/stat/3/,109,koffing
873,60,0,special-attack,https://pokeapi.co/api/v2/stat/4/,109,koffing
874,45,0,special-defense,https://pokeapi.co/api/v2/stat/5/,109,koffing
875,35,0,speed,https://pokeapi.co/api/v2/stat/6/,109,koffing
876,80,0,hp,https://pokeapi.co/api/v2/stat/1/,111,rhyhorn
877,85,0,attack,https://pokeapi.co/api/v2/stat/2/,111,rhyhorn
878,95,1,defense,https://pokeapi.co/api/v2/stat/3/,111,rhyhorn
879,30,0,special-attack,https://pokeapi.co/api/v2/stat/4/,111,rhyhorn
880,30,0,special-defense,https://pokeapi.co/api/v2/stat/5/,111,rhyhorn
881,25,0,speed,https://pokeapi.co/api/v2/stat/6/,111,rhyhorn
882,65,0,hp,https://pokeapi.co/api/v2/stat/1/,114,tangela
883,55,0,attack,https://pokeapi.co/api/v2/stat/2/,114,tangela
884,115,1,defense,https://pokeapi.co/api/v2/stat/3/,114,tangela
885,100,0,special-attack,https://pokeapi.co/api/v2/stat/4/,114,tangela
886,40,0,special-defense,https://pokeapi.co/api/v2/stat/5/,114,tangela
887,60,0,speed,https://pokeapi.co/api/v2/stat/6/,114,tangela
888,105,2,hp,https://pokeapi.co/api/v2/stat/1/,115,kangaskhan
889,95,0,attack,https://pokeapi.co/api/v2/stat/2/,115,kangaskhan
890,80,0,defense,https://pokeapi.co/api/v2/stat/3/,115,kangaskhan
891,40,0,special-attack,https://pokeapi.co/api/v2/stat/4/,115,kangaskhan
892,80,0,special-defense,https://pokeapi.co/api/v2/stat/5/,115,kangaskhan
893,90,0,speed,https://pokeapi.co/api/v2/stat/6/,115,kangaskhan
894,105,2,hp,https://pokeapi.co/api/v2/stat/1/,10039,kangaskhan-mega
895,125,0,attack,https://pokeapi.co/api/v2/stat/2/,10039,kangaskhan-mega
896,100,0,defense,https://pokeapi.co/api/v2/stat/3/,10039,kangaskhan-mega
897,60,0,special-attack,https://pokeapi.co/api/v2/stat/4/,10039,kangaskhan-mega
898,100,0,special-defense,https://pokeapi.co/api/v2/stat/5/,10039,kangaskhan-mega
899,100,0,speed,https://pokeapi.co/api/v2/stat/6/,10039,kangaskhan-mega
900,30,0,hp,https://pokeapi.co/api/v2/stat/1/,116,horsea
901,40,0,attack,https://pokeapi.co/api/v2/stat/2/,116,horsea
902,70,0,defense,https://pokeapi.co/api/v2/stat/3/,116,horsea
903,70,1,special-attack,https://pokeapi.co/api/v2/stat/4/,116,horsea
904,25,0,special-defense,https://pokeapi.co/api/v2/stat/5/,116,horsea
905,60,0,speed,https://pokeapi.co/api/v2/stat/6/,116,horsea
906,45,0,hp,https://pokeapi.co/api/v2/stat/1/,118,goldeen
907,67,1,attack,https://pokeapi.co/api/v2/stat/2/,118,goldeen
908,60,0,defense,https://pokeapi.co/api/v2/stat/3/,118,goldeen
909,35,0,special-attack,https://pokeapi.co/api/v2/stat/4/,118,goldeen
910,50,0,special-defense,https://pokeapi.co/api/v2/stat/5/,118,goldeen
911,63,0,speed,https://pokeapi.co/api/v2/stat/6/,118,goldeen
912,30,0,hp,https://pokeapi.co/api/v2/stat/1/,120,staryu
913,45,0,attack,https://pokeapi.co/api/v2/stat/2/,120,staryu
914,55,0,defense,https://pokeapi.co/api/v2/stat/3/,120,staryu
915,70,0,special-attack,https://pokeapi.co/api/v2/stat/4/,120,staryu
916,55,0,special-defense,https://pokeapi.co/api/v2/stat/5/,120,staryu
917,85,1,speed,https://pokeapi.co/api/v2/stat/6/,120,staryu
918,70,0,hp,https://pokeapi.co/api/v2/stat/1/,123,scyther
919,110,1,attack,https://pokeapi.co/api/v2/stat/2/,123,scyther
920,80,0,defense,https://pokeapi.co/api/v2/stat/3/,123,scyther
921,55,0,special-attack,https://pokeapi.co/api/v2/stat/4/,123,scyther
922,80,0,special-defense,https://pokeapi.co/api/v2/stat/5/,123,scyther
923,105,0,speed,https://pokeapi.co/api/v2/stat/6/,123,scyther
924,65,0,hp,https://pokeapi.co/api/v2/stat/1/,127,pinsir
925,125,2,attack,https://pokeapi.co/api/v2/stat/2/,127,pinsir
926,100,0,defense,https://pokeapi.co/api/v2/stat/3/,127,pinsir
927,55,0,special-attack,https://pokeapi.co/api/v2/stat/4/,127,pinsir
928,70,0,special-defense,https://pokeapi.co/api/v2/stat/5/,127,pinsir
929,85,0,speed,https://pokeapi.co/api/v2/stat/6/,127,pinsir
930,65,0,hp,https://pokeapi.co/api/v2/stat/1/,10040,pinsir-mega
931,155,2,attack,https://pokeapi.co/api/v2/stat/2/,10040,pinsir-mega
932,120,0,defense,https://pokeapi.co/api/v2/stat/3/,10040,pinsir-mega
933,65,0,special-attack,https://pokeapi.co/api/v2/stat/4/,10040,pinsir-mega
934,90,0,special-defense,https://pokeapi.co/api/v2/stat/5/,10040,pinsir-mega
935,105,0,speed,https://pokeapi.co/api/v2/stat/6/,10040,pinsir-mega
936,75,0,hp,https://pokeapi.co/api/v2/stat/1/,128,tauros
937,100,1,attack,https://pokeapi.co/api/v2/stat/2/,128,tauros
938,95,0,defense,https://pokeapi.co/api/v2/stat/3/,128,tauros
939,40,0,special-attack,https://pokeapi.co/api/v2/stat/4/,128,tauros
940,70,0,special-defense,https://pokeapi.co/api/v2/stat/5/,128,tauros
941,110,1,speed,https://pokeapi.co/api/v2/stat/6/,128,tauros
942,75,0,hp,https://pokeapi.co/api/v2/stat/1/,10250,tauros-paldea-combat-breed
943,110,2,attack,https://pokeapi.co/api/v2/stat/2/,10250,tauros-paldea-combat-breed
944,105,0,defense,https://pokeapi.co/api/v2/stat/3/,10250,tauros-paldea-combat-breed
945,30,0,special-attack,https://pokeapi.co/api/v2/stat/4/,10250,tauros-paldea-combat-breed
946,70,0,special-defense,https://pokeapi.co/api/v2/stat/5/,10250,tauros-paldea-combat-breed
947,100,0,speed,https://pokeapi.co/api/v2/stat/6/,10250,tauros-paldea-combat-breed
948,75,0,hp,https://pokeapi.co/api/v2/stat/1/,10251,tauros-paldea-blaze-breed
949,110,2,attack,https://pokeapi.co/api/v2/stat/2/,10251,tauros-paldea-blaze-breed
950,105,0,defense,https://pokeapi.co/api/v2/stat/3/,10251,tauros-paldea-blaze-breed
951,30,0,special-attack,https://pokeapi.co/api/v2/stat/4/,10251,tauros-paldea-blaze-breed
952,70,0,special-defense,https://pokeapi.co/api/v2/stat/5/,10251,tauros-paldea-blaze-breed
953,100,0,speed,https://pokeapi.co/api/v2/stat/6/,10251,tauros-paldea-blaze-breed
954,75,0,hp,https://pokeapi.co/api/v2/stat/1/,10252,tauros-paldea-aqua-breed
955,110,2,attack,https://pokeapi.co/api/v2/stat/2/,10252,tauros-paldea-aqua-breed
956,105,0,defense,https://pokeapi.co/api/v2/stat/3/,10252,tauros-paldea-aqua-breed
957,30,0,special-attack,https://pokeapi.co/api/v2/stat/4/,10252,tauros-paldea-aqua-breed
958,70,0,special-defense,https://pokeapi.co/api/v2/stat/5/,10252,tauros-paldea-aqua-breed
959,100,0,speed,https://pokeapi.co/api/v2/stat/6/,10252,tauros-paldea-aqua-breed
960,20,0,hp,https://pokeapi.co/api/v2/stat/1/,129,magikarp
961,10,0,attack,https://pokeapi.co/api/v2/stat/2/,129,magikarp
962,55,0,defense,https://pokeapi.co/api/v2/stat/3/,129,magikarp
963,15,0,special-attack,https://pokeapi.co/api/v2/stat/4/,129,magikarp
964,20,0,special-defense,https://pokeapi.co/api/v2/stat/5/,129,magikarp
965,80,1,speed,https://pokeapi.co/api/v2/stat/6/,129,magikarp
966,130,2,hp,https://pokeapi.co/api/v2/stat/1/,131,lapras
967,85,0,attack,https://pokeapi.co/api/v2/stat/2/,131,lapras
968,80,0,defense,https://pokeapi.co/api/v2/stat/3/,131,lapras
969,85,0,special-attack,https://pokeapi.co/api/v2/stat/4/,131,lapras
970,95,0,special-defense,https://pokeapi.co/api/v2/stat/5/,131,lapras
971,60,0,speed,https://pokeapi.co/api/v2/stat/6/,131,lapras
972,130,2,hp,https://pokeapi.co/api/v2/stat/1/,10204,lapras-gmax
973,85,0,attack,https://pokeapi.co/api/v2/stat/2/,10204,lapras-gmax
974,80,0,defense,https://pokeapi.co/api/v2/stat/3/,10204,lapras-gmax
975,85,0,special-attack,https://pokeapi.co/api/v2/stat/4/,10204,lapras-gmax
976,95,0,special-defense,https://pokeapi.co/api/v2/stat/5/,10204,lapras-gmax
977,60,0,speed,https://pokeapi.co/api/v2/stat/6/,10204,lapras-gmax
978,48,1,hp,https://pokeapi.co/api/v2/stat/1/,132,ditto
979,48,0,attack,https://pokeapi.co/api/v2/stat/2/,132,ditto
980,48,0,defense,https://pokeapi.co/api/v2/stat/3/,132,ditto
981,48,0,special-attack,https://pokeapi.co/api/v2/stat/4/,132,ditto
982,48,0,special-defense,https://pokeapi.co/api/v2/stat/5/,132,ditto
983,48,0,speed,https://pokeapi.co/api/v2/stat/6/,132,ditto
984,55,0,hp,https://pokeapi.co/api/v2/stat/1/,133,eevee
985,55,0,attack,https://pokeapi.co/api/v2/stat/2/,133,eevee
986,50,0,defense,https://pokeapi.co/api/v2/stat/3/,133,eevee
987,45,0,special-attack,https://pokeapi.co/api/v2/stat/4/,133,eevee
988,65,1,special-defense,https://pokeapi.co/api/v2/stat/5/,133,eevee
989,55,0,speed,https://pokeapi.co/api/v2/stat/6/,133,eevee
990,65,0,hp,https://pokeapi.co/api/v2/stat/1/,10159,eevee-starter
991,75,0,attack,https://pokeapi.co/api/v2/stat/2/,10159,eevee-starter
992,70,0,defense,https://pokeapi.co/api/v2/stat/3/,10159,eevee-starter
993,65,0,special-attack,https://pokeapi.co/api/v2/stat/4/,10159,eevee-starter
994,85,1,special-defense,https://pokeapi.co/api/v2/stat/5/,10159,eevee-starter
995,75,0,speed,https://pokeapi.co/api/v2/stat/6/,10159,eevee-starter
996,55,0,hp,https://pokeapi.co/api/v2/stat/1/,10205,eevee-gmax
997,55,0,attack,https://pokeapi.co/api/v2/stat/2/,10205,eevee-gmax
998,50,0,defense,https://pokeapi.co/api/v2/stat/3/,10205,eevee-gmax
999,45,0,special-attack,https://pokeapi.co/api/v2/stat/4/,10205,eevee-gmax
1000,65,1,special-defense,https://pokeapi.co/api/v2/stat/5/,10205,eevee-gmax
1001,55,0,speed,https://pokeapi.co/api/v2/stat/6/,10205,eevee-gmax
1002,65,0,hp,https://pokeapi.co/api/v2/stat/1/,137,porygon
1003,60,0,attack,https://pokeapi.co/api/v2/stat/2/,137,porygon
1004,70,0,defense,https://pokeapi.co/api/v2/stat/3/,137,porygon
1005,85,1,special-attack,https://pokeapi.co/api/v2/stat/4/,137,porygon
1006,75,0,special-defense,https://pokeapi.co/api/v2/stat/5/,137,porygon
1007,40,0,speed,https://pokeapi.co/api/v2/stat/6/,137,porygon
1008,35,0,hp,https://pokeapi.co/api/v2/stat/1/,138,omanyte
1009,40,0,attack,https://pokeapi.co/api/v2/stat/2/,138,omanyte
1010,100,1,defense,https://pokeapi.co/api/v2/stat/3/,138,omanyte
1011,90,0,special-attack,https://pokeapi.co/api/v2/stat/4/,138,omanyte
1012,55,0,special-defense,https://pokeapi.co/api/v2/stat/5/,138,omanyte
1013,35,0,speed,https://pokeapi.co/api/v2/stat/6/,138,omanyte
1014,30,0,hp,https://pokeapi.co/api/v2/stat/1/,140,kabuto
1015,80,0,attack,https://pokeapi.co/api/v2/stat/2/,140,kabuto
1016,90,1,defense,https://pokeapi.co/api/v2/stat/3/,140,kabuto
1017,55,0,special-attack,https://pokeapi.co/api/v2/stat/4/,140,kabuto
1018,45,0,special-defense,https://pokeapi.co/api/v2/stat/5/,140,kabuto
1019,55,0,speed,https://pokeapi.co/api/v2/stat/6/,140,kabuto
1020,80,0,hp,https://pokeapi.co/api/v2/stat/1/,142,aerodactyl
1021,105,0,attack,https://pokeapi.co/api/v2/stat/2/,142,aerodactyl
1022,65,0,defense,https://pokeapi.co/api/v2/stat/3/,142,aerodactyl
1023,60,0,special-attack,https://pokeapi.co/api/v2/stat/4/,142,aerodactyl
1024,75,0,special-defense,https://pokeapi.co/api/v2/stat/5/,142,aerodactyl
1025,130,2,speed,https://pokeapi.co/api/v2/stat/6/,142,aerodactyl
1026,80,0,hp,https://pokeapi.co/api/v2/stat/1/,10042,aerodactyl-mega
1027,135,0,attack,https://pokeapi.co/api/v2/stat/2/,10042,aerodactyl-mega
1028,85,0,defense,https://pokeapi.co/api/v2/stat/3/,10042,aerodactyl-mega
1029,70,0,special-attack,https://pokeapi.co/api/v2/stat/4/,10042,aerodactyl-mega
1030,95,0,special-defense,https://pokeapi.co/api/v2/stat/5/,10042,aerodactyl-mega
1031,150,2,speed,https://pokeapi.co/api/v2/stat/6/,10042,aerodactyl-mega
1032,90,0,hp,https://pokeapi.co/api/v2/stat/1/,144,articuno
1033,85,0,attack,https://pokeapi.co/api/v2/stat/2/,144,articuno
1034,100,0,defense,https://pokeapi.co/api/v2/stat/3/,144,articuno
1035,95,0,special-attack,https://pokeapi.co/api/v2/stat/4/,144,articuno
1036,125,3,special-defense,https://pokeapi.co/api/v2/stat/5/,144,articuno
1037,85,0,speed,https://pokeapi.co/api/v2/stat/6/,144,articuno
1038,90,0,hp,https://pokeapi.co/api/v2/stat/1/,10169,articuno-galar
1039,85,0,attack,https://pokeapi.co/api/v2/stat/2/,10169,articuno-galar
1040,85,0,defense,https://pokeapi.co/api/v2/stat/3/,10169,articuno-galar
1041,125,3,special-attack,https://pokeapi.co/api/v2/stat/4/,10169,articuno-galar
1042,100,0,special-defense,https://pokeapi.co/api/v2/stat/5/,10169,articuno-galar
1043,95,0,speed,https://pokeapi.co/api/v2/stat/6/,10169,articuno-galar
1044,90,0,hp,https://pokeapi.co/api/v2/stat/1/,145,zapdos
1045,90,0,attack,https://pokeapi.co/api/v2/stat/2/,145,zapdos
1046,85,0,defense,https://pokeapi.co/api/v2/stat/3/,145,zapdos
1047,125,3,special-attack,https://pokeapi.co/api/v2/stat/4/,145,zapdos
1048,90,0,special-defense,https://pokeapi.co/api/v2/stat/5/,145,zapdos
1049,100,0,speed,https://pokeapi.co/api/v2/stat/6/,145,zapdos
1050,90,0,hp,https://pokeapi.co/api/v2/stat/1/,10170,zapdos-galar
1051,125,3,attack,https://pokeapi.co/api/v2/stat/2/,10170,zapdos-galar
1052,90,0,defense,https://pokeapi.co/api/v2/stat/3/,10170,zapdos-galar
1053,85,0,special-attack,https://pokeapi.co/api/v2/stat/4/,10170,zapdos-galar
1054,90,0,special-defense,https://pokeapi.co/api/v2/stat/5/,10170,zapdos-galar
1055,100,0,speed,https://pokeapi.co/api/v2/stat/6/,10170,zapdos-galar
1056,90,0,hp,https://pokeapi.co/api/v2/stat/1/,146,moltres
1057,100,0,attack,https://pokeapi.co/api/v2/stat/2/,146,moltres
1058,90,0,defense,https://pokeapi.co/api/v2/stat/3/,146,moltres
1059,125,3,special-attack,https://pokeapi.co/api/v2/stat/4/,146,moltres
1060,85,0,special-defense,https://pokeapi.co/api/v2/stat/5/,146,moltres
1061,90,0,speed,https://pokeapi.co/api/v2/stat/6/,146,moltres
1062,90,0,hp,https://pokeapi.co/api/v2/stat/1/,10171,moltres-galar
1063,85,0,attack,https://pokeapi.co/api/v2/stat/2/,10171,moltres-galar
1064,90,0,defense,https://pokeapi.co/api/v2/stat/3/,10171,moltres-galar
1065,100,0,special-attack,https://pokeapi.co/api/v2/stat/4/,10171,moltres-galar
1066,125,3,special-defense,https://pokeapi.co/api/v2/stat/5/,10171,moltres-galar
1067,90,0,speed,https://pokeapi.co/api/v2/stat/6/,10171,moltres-galar
1068,41,0,hp,https://pokeapi.co/api/v2/stat/1/,147,dratini
1069,64,1,attack,https://pokeapi.co/api/v2/stat/2/,147,dratini
1070,45,0,defense,https://pokeapi.co/api/v2/stat/3/,147,dratini
1071,50,0,special-attack,https://pokeapi.co/api/v2/stat/4/,147,dratini
1072,50,0,special-defense,https://pokeapi.co/api/v2/stat/5/,147,dratini
1073,50,0,speed,https://pokeapi.co/api/v2/stat/6/,147,dratini
1074,106,0,hp,https://pokeapi.co/api/v2/stat/1/,150,mewtwo
1075,110,0,attack,https://pokeapi.co/api/v2/stat/2/,150,mewtwo
1076,90,0,defense,https://pokeapi.co/api/v2/stat/3/,150,mewtwo
1077,154,3,special-attack,https://pokeapi.co/api/v2/stat/4/,150,mewtwo
1078,90,0,special-defense,https://pokeapi.co/api/v2/stat/5/,150,mewtwo
1079,130,0,speed,https://pokeapi.co/api/v2/stat/6/,150,mewtwo
1080,106,0,hp,https://pokeapi.co/api/v2/stat/1/,10043,mewtwo-mega-x
1081,190,0,attack,https://pokeapi.co/api/v2/stat/2/,10043,mewtwo-mega-x
1082,100,0,defense,https://pokeapi.co/api/v2/stat/3/,10043,mewtwo-mega-x
1083,154,3,special-attack,https://pokeapi.co/api/v2/stat/4/,10043,mewtwo-mega-x
1084,100,0,special-defense,https://pokeapi.co/api/v2/stat/5/,10043,mewtwo-mega-x
1085,130,0,speed,https://pokeapi.co/api/v2/stat/6/,10043,mewtwo-mega-x
1086,106,0,hp,https://pokeapi.co/api/v2/stat/1/,10044,mewtwo-mega-y
1087,150,0,attack,https://pokeapi.co/api/v2/stat/2/,10044,mewtwo-mega-y
1088,70,0,defense,https://pokeapi.co/api/v2/stat/3/,10044,mewtwo-mega-y
1089,194,3,special-attack,https://pokeapi.co/api/v2/stat/4/,10044,mewtwo-mega-y
1090,120,0,special-defense,https://pokeapi.co/api/v2/stat/5/,10044,mewtwo-mega-y
1091,140,0,speed,https://pokeapi.co/api/v2/stat/6/,10044,mewtwo-mega-y
1092,65,0,hp,https://pokeapi.co/api/v2/stat/1/,78,rapidash
1093,100,0,attack,https://pokeapi.co/api/v2/stat/2/,78,rapidash
1094,70,0,defense,https://pokeapi.co/api/v2/stat/3/,78,rapidash
1095,80,0,special-attack,https://pokeapi.co/api/v2/stat/4/,78,rapidash
1096,80,0,special-defense,https://pokeapi.co/api/v2/stat/5/,78,rapidash
1097,105,2,speed,https://pokeapi.co/api/v2/stat/6/,78,rapidash
1098,65,0,hp,https://pokeapi.co/api/v2/stat/1/,10163,rapidash-galar
1099,100,0,attack,https://pokeapi.co/api/v2/stat/2/,10163,rapidash-galar
1100,70,0,defense,https://pokeapi.co/api/v2/stat/3/,10163,rapidash-galar
1101,80,0,special-attack,https://pokeapi.co/api/v2/stat/4/,10163,rapidash-galar
1102,80,0,special-defense,https://pokeapi.co/api/v2/stat/5/,10163,rapidash-galar
1103,105,2,speed,https://pokeapi.co/api/v2/stat/6/,10163,rapidash-galar
1104,95,0,hp,https://pokeapi.co/api/v2/stat/1/,80,slowbro
1105,75,0,attack,https://pokeapi.co/api/v2/stat/2/,80,slowbro
1106,110,2,defense,https://pokeapi.co/api/v2/stat/3/,80,slowbro
1107,100,0,special-attack,https://pokeapi.co/api/v2/stat/4/,80,slowbro
1108,80,0,special-defense,https://pokeapi.co/api/v2/stat/5/,80,slowbro
1109,30,0,speed,https://pokeapi.co/api/v2/stat/6/,80,slowbro
1110,95,0,hp,https://pokeapi.co/api/v2/stat/1/,10071,slowbro-mega
1111,75,0,attack,https://pokeapi.co/api/v2/stat/2/,10071,slowbro-mega
1112,180,2,defense,https://pokeapi.co/api/v2/stat/3/,10071,slowbro-mega
1113,130,0,special-attack,https://pokeapi.co/api/v2/stat/4/,10071,slowbro-mega
1114,80,0,special-defense,https://pokeapi.co/api/v2/stat/5/,10071,slowbro-mega
1115,30,0,speed,https://pokeapi.co/api/v2/stat/6/,10071,slowbro-mega
1116,95,0,hp,https://pokeapi.co/api/v2/stat/1/,10165,slowbro-galar
1117,100,2,attack,https://pokeapi.co/api/v2/stat/2/,10165,slowbro-galar
1118,95,0,defense,https://pokeapi.co/api/v2/stat/3/,10165,slowbro-galar
1119,100,0,special-attack,https://pokeapi.co/api/v2/stat/4/,10165,slowbro-galar
1120,70,0,special-defense,https://pokeapi.co/api/v2/stat/5/,10165,slowbro-galar
1121,30,0,speed,https://pokeapi.co/api/v2/stat/6/,10165,slowbro-galar
1122,50,0,hp,https://pokeapi.co/api/v2/stat/1/,82,magneton
1123,60,0,attack,https://pokeapi.co/api/v2/stat/2/,82,magneton
1124,95,0,defense,https://pokeapi.co/api/v2/stat/3/,82,magneton
1125,120,2,special-attack,https://pokeapi.co/api/v2/stat/4/,82,magneton
1126,70,0,special-defense,https://pokeapi.co/api/v2/stat/5/,82,magneton
1127,70,0,speed,https://pokeapi.co/api/v2/stat/6/,82,magneton
1128,60,0,hp,https://pokeapi.co/api/v2/stat/1/,85,dodrio
1129,110,2,attack,https://pokeapi.co/api/v2/stat/2/,85,dodrio
1130,70,0,defense,https://pokeapi.co/api/v2/stat/3/,85,dodrio
1131,60,0,special-attack,https://pokeapi.co/api/v2/stat/4/,85,dodrio
1132,60,0,special-defense,https://pokeapi.co/api/v2/stat/5/,85,dodrio
1133,110,0,speed,https://pokeapi.co/api/v2/stat/6/,85,dodrio
1134,90,0,hp,https://pokeapi.co/api/v2/stat/1/,87,dewgong
1135,70,0,attack,https://pokeapi.co/api/v2/stat/2/,87,dewgong
1136,80,0,defense,https://pokeapi.co/api/v2/stat/3/,87,dewgong
1137,70,0,special-attack,https://pokeapi.co/api/v2/stat/4/,87,dewgong
1138,95,2,special-defense,https://pokeapi.co/api/v2/stat/5/,87,dewgong
1139,70,0,speed,https://pokeapi.co/api/v2/stat/6/,87,dewgong
1140,105,1,hp,https://pokeapi.co/api/v2/stat/1/,89,muk
1141,105,1,attack,https://pokeapi.co/api/v2/stat/2/,89,muk
1142,75,0,defense,https://pokeapi.co/api/v2/stat/3/,89,muk
1143,65,0,special-attack,https://pokeapi.co/api/v2/stat/4/,89,muk
1144,100,0,special-defense,https://pokeapi.co/api/v2/stat/5/,89,muk
1145,50,0,speed,https://pokeapi.co/api/v2/stat/6/,89,muk
1146,105,1,hp,https://pokeapi.co/api/v2/stat/1/,10113,muk-alola
1147,105,1,attack,https://pokeapi.co/api/v2/stat/2/,10113,muk-alola
1148,75,0,defense,https://pokeapi.co/api/v2/stat/3/,10113,muk-alola
1149,65,0,special-attack,https://pokeapi.co/api/v2/stat/4/,10113,muk-alola
1150,100,0,special-defense,https://pokeapi.co/api/v2/stat/5/,10113,muk-alola
1151,50,0,speed,https://pokeapi.co/api/v2/stat/6/,10113,muk-alola
1152,50,0,hp,https://pokeapi.co/api/v2/stat/1/,91,cloyster
1153,95,0,attack,https://pokeapi.co/api/v2/stat/2/,91,cloyster
1154,180,2,defense,https://pokeapi.co/api/v2/stat/3/,91,cloyster
1155,85,0,special-attack,https://pokeapi.co/api/v2/stat/4/,91,cloyster
1156,45,0,special-defense,https://pokeapi.co/api/v2/stat/5/,91,cloyster
1157,70,0,speed,https://pokeapi.co/api/v2/stat/6/,91,cloyster
1158,45,0,hp,https://pokeapi.co/api/v2/stat/1/,93,haunter
1159,50,0,attack,https://pokeapi.co/api/v2/stat/2/,93,haunter
1160,45,0,defense,https://pokeapi.co/api/v2/stat/3/,93,haunter
1161,115,2,special-attack,https://pokeapi.co/api/v2/stat/4/,93,haunter
1162,55,0,special-defense,https://pokeapi.co/api/v2/stat/5/,93,haunter
1163,95,0,speed,https://pokeapi.co/api/v2/stat/6/,93,haunter
1164,60,0,hp,https://pokeapi.co/api/v2/stat/1/,94,gengar
1165,65,0,attack,https://pokeapi.co/api/v2/stat/2/,94,gengar
1166,60,0,defense,https://pokeapi.co/api/v2/stat/3/,94,gengar
1167,130,3,special-attack,https://pokeapi.co/api/v2/stat/4/,94,gengar
1168,75,0,special-defense,https://pokeapi.co/api/v2/stat/5/,94,gengar
1169,110,0,speed,https://pokeapi.co/api/v2/stat/6/,94,gengar
1170,60,0,hp,https://pokeapi.co/api/v2/stat/1/,10038,gengar-mega
1171,65,0,attack,https://pokeapi.co/api/v2/stat/2/,10038,gengar-mega
1172,80,0,defense,https://pokeapi.co/api/v2/stat/3/,10038,gengar-mega
1173,170,3,special-attack,https://pokeapi.co/api/v2/stat/4/,10038,gengar-mega
1174,95,0,special-defense,https://pokeapi.co/api/v2/stat/5/,10038,gengar-mega
1175,130,0,speed,https://pokeapi.co/api/v2/stat/6/,10038,gengar-mega
1176,60,0,hp,https://pokeapi.co/api/v2/stat/1/,10202,gengar-gmax
1177,65,0,attack,https://pokeapi.co/api/v2/stat/2/,10202,gengar-gmax
1178,60,0,defense,https://pokeapi.co/api/v2/stat/3/,10202,gengar-gmax
1179,130,3,special-attack,https://pokeapi.co/api/v2/stat/4/,10202,gengar-gmax
1180,75,0,special-defense,https://pokeapi.co/api/v2/stat/5/,10202,gengar-gmax
1181,110,0,speed,https://pokeapi.co/api/v2/stat/6/,10202,gengar-gmax
1182,85,0,hp,https://pokeapi.co/api/v2/stat/1/,97,hypno
1183,73,0,attack,https://pokeapi.co/api/v2/stat/2/,97,hypno
1184,70,0,defense,https://pokeapi.co/api/v2/stat/3/,97,hypno
1185,73,0,special-attack,https://pokeapi.co/api/v2/stat/4/,97,hypno
1186,115,2,special-defense,https://pokeapi.co/api/v2/stat/5/,97,hypno
1187,67,0,speed,https://pokeapi.co/api/v2/stat/6/,97,hypno
1188,55,0,hp,https://pokeapi.co/api/v2/stat/1/,99,kingler
1189,130,2,attack,https://pokeapi.co/api/v2/stat/2/,99,kingler
1190,115,0,defense,https://pokeapi.co/api/v2/stat/3/,99,kingler
1191,50,0,special-attack,https://pokeapi.co/api/v2/stat/4/,99,kingler
1192,50,0,special-defense,https://pokeapi.co/api/v2/stat/5/,99,kingler
1193,75,0,speed,https://pokeapi.co/api/v2/stat/6/,99,kingler
1194,55,0,hp,https://pokeapi.co/api/v2/stat/1/,10203,kingler-gmax
1195,130,2,attack,https://pokeapi.co/api/v2/stat/2/,10203,kingler-gmax
1196,115,0,defense,https://pokeapi.co/api/v2/stat/3/,10203,kingler-gmax
1197,50,0,special-attack,https://pokeapi.co/api/v2/stat/4/,10203,kingler-gmax
1198,50,0,special-defense,https://pokeapi.co/api/v2/stat/5/,10203,kingler-gmax
1199,75,0,speed,https://pokeapi.co/api/v2/stat/6/,10203,kingler-gmax
1200,60,0,hp,https://pokeapi.co/api/v2/stat/1/,101,electrode
1201,50,0,attack,https://pokeapi.co/api/v2/stat/2/,101,electrode
1202,70,0,defense,https://pokeapi.co/api/v2/stat/3/,101,electrode
1203,80,0,special-attack,https://pokeapi.co/api/v2/stat/4/,101,electrode
1204,80,0,special-defense,https://pokeapi.co/api/v2/stat/5/,101,electrode
1205,150,2,speed,https://pokeapi.co/api/v2/stat/6/,101,electrode
1206,60,0,hp,https://pokeapi.co/api/v2/stat/1/,10232,electrode-hisui
1207,50,0,attack,https://pokeapi.co/api/v2/stat/2/,10232,electrode-hisui
1208,70,0,defense,https://pokeapi.co/api/v2/stat/3/,10232,electrode-hisui
1209,80,0,special-attack,https://pokeapi.co/api/v2/stat/4/,10232,electrode-hisui
1210,80,0,special-defense,https://pokeapi.co/api/v2/stat/5/,10232,electrode-hisui
1211,150,2,speed,https://pokeapi.co/api/v2/stat/6/,10232,electrode-hisui
1212,95,0,hp,https://pokeapi.co/api/v2/stat/1/,103,exeggutor
1213,95,0,attack,https://pokeapi.co/api/v2/stat/2/,103,exeggutor
1214,85,0,defense,https://pokeapi.co/api/v2/stat/3/,103,exeggutor
1215,125,2,special-attack,https://pokeapi.co/api/v2/stat/4/,103,exeggutor
1216,75,0,special-defense,https://pokeapi.co/api/v2/stat/5/,103,exeggutor
1217,55,0,speed,https://pokeapi.co/api/v2/stat/6/,103,exeggutor
1218,95,0,hp,https://pokeapi.co/api/v2/stat/1/,10114,exeggutor-alola
1219,105,0,attack,https://pokeapi.co/api/v2/stat/2/,10114,exeggutor-alola
1220,85,0,defense,https://pokeapi.co/api/v2/stat/3/,10114,exeggutor-alola
1221,125,2,special-attack,https://pokeapi.co/api/v2/stat/4/,10114,exeggutor-alola
1222,75,0,special-defense,https://pokeapi.co/api/v2/stat/5/,10114,exeggutor-alola
1223,45,0,speed,https://pokeapi.co/api/v2/stat/6/,10114,exeggutor-alola
1224,60,0,hp,https://pokeapi.co/api/v2/stat/1/,105,marowak
1225,80,0,attack,https://pokeapi.co/api/v2/stat/2/,105,marowak
1226,110,2,defense,https://pokeapi.co/api/v2/stat/3/,105,marowak
1227,50,0,special-attack,https://pokeapi.co/api/v2/stat/4/,105,marowak
1228,80,0,special-defense,https://pokeapi.co/api/v2/stat/5/,105,marowak
1229,45,0,speed,https://pokeapi.co/api/v2/stat/6/,105,marowak
1230,60,0,hp,https://pokeapi.co/api/v2/stat/1/,10115,marowak-alola
1231,80,0,attack,https://pokeapi.co/api/v2/stat/2/,10115,marowak-alola
1232,110,2,defense,https://pokeapi.co/api/v2/stat/3/,10115,marowak-alola
1233,50,0,special-attack,https://pokeapi.co/api/v2/stat/4/,10115,marowak-alola
1234,80,0,special-defense,https://pokeapi.co/api/v2/stat/5/,10115,marowak-alola
1235,45,0,speed,https://pokeapi.co/api/v2/stat/6/,10115,marowak-alola
1236,60,0,hp,https://pokeapi.co/api/v2/stat/1/,10149,marowak-totem
1237,80,0,attack,https://pokeapi.co/api/v2/stat/2/,10149,marowak-totem
1238,110,2,defense,https://pokeapi.co/api/v2/stat/3/,10149,marowak-totem
1239,50,0,special-attack,https://pokeapi.co/api/v2/stat/4/,10149,marowak-totem
1240,80,0,special-defense,https://pokeapi.co/api/v2/stat/5/,10149,marowak-totem
1241,45,0,speed,https://pokeapi.co/api/v2/stat/6/,10149,marowak-totem
1242,50,0,hp,https://pokeapi.co/api/v2/stat/1/,106,hitmonlee
1243,120,2,attack,https://pokeapi.co/api/v2/stat/2/,106,hitmonlee
1244,53,0,defense,https://pokeapi.co/api/v2/stat/3/,106,hitmonlee
1245,35,0,special-attack,https://pokeapi.co/api/v2/stat/4/,106,hitmonlee
1246,110,0,special-defense,https://pokeapi.co/api/v2/stat/5/,106,hitmonlee
1247,87,0,speed,https://pokeapi.co/api/v2/stat/6/,106,hitmonlee
1248,50,0,hp,https://pokeapi.co/api/v2/stat/1/,107,hitmonchan
1249,105,0,attack,https://pokeapi.co/api/v2/stat/2/,107,hitmonchan
1250,79,0,defense,https://pokeapi.co/api/v2/stat/3/,107,hitmonchan
1251,35,0,special-attack,https://pokeapi.co/api/v2/stat/4/,107,hitmonchan
1252,110,2,special-defense,https://pokeapi.co/api/v2/stat/5/,107,hitmonchan
1253,76,0,speed,https://pokeapi.co/api/v2/stat/6/,107,hitmonchan
1254,65,0,hp,https://pokeapi.co/api/v2/stat/1/,110,weezing
1255,90,0,attack,https://pokeapi.co/api/v2/stat/2/,110,weezing
1256,120,2,defense,https://pokeapi.co/api/v2/stat/3/,110,weezing
1257,85,0,special-attack,https://pokeapi.co/api/v2/stat/4/,110,weezing
1258,70,0,special-defense,https://pokeapi.co/api/v2/stat/5/,110,weezing
1259,60,0,speed,https://pokeapi.co/api/v2/stat/6/,110,weezing
1260,65,0,hp,https://pokeapi.co/api/v2/stat/1/,10167,weezing-galar
1261,90,0,attack,https://pokeapi.co/api/v2/stat/2/,10167,weezing-galar
1262,120,2,defense,https://pokeapi.co/api/v2/stat/3/,10167,weezing-galar
1263,85,0,special-attack,https://pokeapi.co/api/v2/stat/4/,10167,weezing-galar
1264,70,0,special-defense,https://pokeapi.co/api/v2/stat/5/,10167,weezing-galar
1265,60,0,speed,https://pokeapi.co/api/v2/stat/6/,10167,weezing-galar
1266,105,0,hp,https://pokeapi.co/api/v2/stat/1/,112,rhydon
1267,130,2,attack,https://pokeapi.co/api/v2/stat/2/,112,rhydon
1268,120,0,defense,https://pokeapi.co/api/v2/stat/3/,112,rhydon
1269,45,0,special-attack,https://pokeapi.co/api/v2/stat/4/,112,rhydon
1270,45,0,special-defense,https://pokeapi.co/api/v2/stat/5/,112,rhydon
1271,40,0,speed,https://pokeapi.co/api/v2/stat/6/,112,rhydon
1272,250,2,hp,https://pokeapi.co/api/v2/stat/1/,113,chansey
1273,5,0,attack,https://pokeapi.co/api/v2/stat/2/,113,chansey
1274,5,0,defense,https://pokeapi.co/api/v2/stat/3/,113,chansey
1275,35,0,special-attack,https://pokeapi.co/api/v2/stat/4/,113,chansey
1276,105,0,special-defense,https://pokeapi.co/api/v2/stat/5/,113,chansey
1277,50,0,speed,https://pokeapi.co/api/v2/stat/6/,113,chansey
1278,55,0,hp,https://pokeapi.co/api/v2/stat/1/,117,seadra
1279,65,0,attack,https://pokeapi.co/api/v2/stat/2/,117,seadra
1280,95,1,defense,https://pokeapi.co/api/v2/stat/3/,117,seadra
1281,95,1,special-attack,https://pokeapi.co/api/v2/stat/4/,117,seadra
1282,45,0,special-defense,https://pokeapi.co/api/v2/stat/5/,117,seadra
1283,85,0,speed,https://pokeapi.co/api/v2/stat/6/,117,seadra
1284,80,0,hp,https://pokeapi.co/api/v2/stat/1/,119,seaking
1285,92,2,attack,https://pokeapi.co/api/v2/stat/2/,119,seaking
1286,65,0,defense,https://pokeapi.co/api/v2/stat/3/,119,seaking
1287,65,0,special-attack,https://pokeapi.co/api/v2/stat/4/,119,seaking
1288,80,0,special-defense,https://pokeapi.co/api/v2/stat/5/,119,seaking
1289,68,0,speed,https://pokeapi.co/api/v2/stat/6/,119,seaking
1290,60,0,hp,https://pokeapi.co/api/v2/stat/1/,121,starmie
1291,75,0,attack,https://pokeapi.co/api/v2/stat/2/,121,starmie
1292,85,0,defense,https://pokeapi.co/api/v2/stat/3/,121,starmie
1293,100,0,special-attack,https://pokeapi.co/api/v2/stat/4/,121,starmie
1294,85,0,special-defense,https://pokeapi.co/api/v2/stat/5/,121,starmie
1295,115,2,speed,https://pokeapi.co/api/v2/stat/6/,121,starmie
1296,60,0,hp,https://pokeapi.co/api/v2/stat/1/,10280,starmie-mega
1297,100,0,attack,https://pokeapi.co/api/v2/stat/2/,10280,starmie-mega
1298,105,0,defense,https://pokeapi.co/api/v2/stat/3/,10280,starmie-mega
1299,130,0,special-attack,https://pokeapi.co/api/v2/stat/4/,10280,starmie-mega
1300,105,0,special-defense,https://pokeapi.co/api/v2/stat/5/,10280,starmie-mega
1301,120,0,speed,https://pokeapi.co/api/v2/stat/6/,10280,starmie-mega
1302,40,0,hp,https://pokeapi.co/api/v2/stat/1/,122,mr-mime
1303,45,0,attack,https://pokeapi.co/api/v2/stat/2/,122,mr-mime
1304,65,0,defense,https://pokeapi.co/api/v2/stat/3/,122,mr-mime
1305,100,0,special-attack,https://pokeapi.co/api/v2/stat/4/,122,mr-mime
1306,120,2,special-defense,https://pokeapi.co/api/v2/stat/5/,122,mr-mime
1307,90,0,speed,https://pokeapi.co/api/v2/stat/6/,122,mr-mime
1308,50,0,hp,https://pokeapi.co/api/v2/stat/1/,10168,mr-mime-galar
1309,65,0,attack,https://pokeapi.co/api/v2/stat/2/,10168,mr-mime-galar
1310,65,0,defense,https://pokeapi.co/api/v2/stat/3/,10168,mr-mime-galar
1311,90,0,special-attack,https://pokeapi.co/api/v2/stat/4/,10168,mr-mime-galar
1312,90,0,special-defense,https://pokeapi.co/api/v2/stat/5/,10168,mr-mime-galar
1313,100,2,speed,https://pokeapi.co/api/v2/stat/6/,10168,mr-mime-galar
1314,65,0,hp,https://pokeapi.co/api/v2/stat/1/,124,jynx
1315,50,0,attack,https://pokeapi.co/api/v2/stat/2/,124,jynx
1316,35,0,defense,https://pokeapi.co/api/v2/stat/3/,124,jynx
1317,115,2,special-attack,https://pokeapi.co/api/v2/stat/4/,124,jynx
1318,95,0,special-defense,https://pokeapi.co/api/v2/stat/5/,124,jynx
1319,95,0,speed,https://pokeapi.co/api/v2/stat/6/,124,jynx
1320,65,0,hp,https://pokeapi.co/api/v2/stat/1/,125,electabuzz
1321,83,0,attack,https://pokeapi.co/api/v2/stat/2/,125,electabuzz
1322,57,0,defense,https://pokeapi.co/api/v2/stat/3/,125,electabuzz
1323,95,0,special-attack,https://pokeapi.co/api/v2/stat/4/,125,electabuzz
1324,85,0,special-defense,https://pokeapi.co/api/v2/stat/5/,125,electabuzz
1325,105,2,speed,https://pokeapi.co/api/v2/stat/6/,125,electabuzz
1326,65,0,hp,https://pokeapi.co/api/v2/stat/1/,126,magmar
1327,95,0,attack,https://pokeapi.co/api/v2/stat/2/,126,magmar
1328,57,0,defense,https://pokeapi.co/api/v2/stat/3/,126,magmar
1329,100,2,special-attack,https://pokeapi.co/api/v2/stat/4/,126,magmar
1330,85,0,special-defense,https://pokeapi.co/api/v2/stat/5/,126,magmar
1331,93,0,speed,https://pokeapi.co/api/v2/stat/6/,126,magmar
1332,95,0,hp,https://pokeapi.co/api/v2/stat/1/,130,gyarados
1333,125,2,attack,https://pokeapi.co/api/v2/stat/2/,130,gyarados
1334,79,0,defense,https://pokeapi.co/api/v2/stat/3/,130,gyarados
1335,60,0,special-attack,https://pokeapi.co/api/v2/stat/4/,130,gyarados
1336,100,0,special-defense,https://pokeapi.co/api/v2/stat/5/,130,gyarados
1337,81,0,speed,https://pokeapi.co/api/v2/stat/6/,130,gyarados
1338,95,0,hp,https://pokeapi.co/api/v2/stat/1/,10041,gyarados-mega
1339,155,2,attack,https://pokeapi.co/api/v2/stat/2/,10041,gyarados-mega
1340,109,0,defense,https://pokeapi.co/api/v2/stat/3/,10041,gyarados-mega
1341,70,0,special-attack,https://pokeapi.co/api/v2/stat/4/,10041,gyarados-mega
1342,130,0,special-defense,https://pokeapi.co/api/v2/stat/5/,10041,gyarados-mega
1343,81,0,speed,https://pokeapi.co/api/v2/stat/6/,10041,gyarados-mega
1344,130,2,hp,https://pokeapi.co/api/v2/stat/1/,134,vaporeon
1345,65,0,attack,https://pokeapi.co/api/v2/stat/2/,134,vaporeon
1346,60,0,defense,https://pokeapi.co/api/v2/stat/3/,134,vaporeon
1347,110,0,special-attack,https://pokeapi.co/api/v2/stat/4/,134,vaporeon
1348,95,0,special-defense,https://pokeapi.co/api/v2/stat/5/,134,vaporeon
1349,65,0,speed,https://pokeapi.co/api/v2/stat/6/,134,vaporeon
1350,65,0,hp,https://pokeapi.co/api/v2/stat/1/,135,jolteon
1351,65,0,attack,https://pokeapi.co/api/v2/stat/2/,135,jolteon
1352,60,0,defense,https://pokeapi.co/api/v2/stat/3/,135,jolteon
1353,110,0,special-attack,https://pokeapi.co/api/v2/stat/4/,135,jolteon
1354,95,0,special-defense,https://pokeapi.co/api/v2/stat/5/,135,jolteon
1355,130,2,speed,https://pokeapi.co/api/v2/stat/6/,135,jolteon
1356,65,0,hp,https://pokeapi.co/api/v2/stat/1/,136,flareon
1357,130,2,attack,https://pokeapi.co/api/v2/stat/2/,136,flareon
1358,60,0,defense,https://pokeapi.co/api/v2/stat/3/,136,flareon
1359,95,0,special-attack,https://pokeapi.co/api/v2/stat/4/,136,flareon
1360,110,0,special-defense,https://pokeapi.co/api/v2/stat/5/,136,flareon
1361,65,0,speed,https://pokeapi.co/api/v2/stat/6/,136,flareon
1362,70,0,hp,https://pokeapi.co/api/v2/stat/1/,139,omastar
1363,60,0,attack,https://pokeapi.co/api/v2/stat/2/,139,omastar
1364,125,2,defense,https://pokeapi.co/api/v2/stat/3/,139,omastar
1365,115,0,special-attack,https://pokeapi.co/api/v2/stat/4/,139,omastar
1366,70,0,special-defense,https://pokeapi.co/api/v2/stat/5/,139,omastar
1367,55,0,speed,https://pokeapi.co/api/v2/stat/6/,139,omastar
1368,60,0,hp,https://pokeapi.co/api/v2/stat/1/,141,kabutops
1369,115,2,attack,https://pokeapi.co/api/v2/stat/2/,141,kabutops
1370,105,0,defense,https://pokeapi.co/api/v2/stat/3/,141,kabutops
1371,65,0,special-attack,https://pokeapi.co/api/v2/stat/4/,141,kabutops
1372,70,0,special-defense,https://pokeapi.co/api/v2/stat/5/,141,kabutops
1373,80,0,speed,https://pokeapi.co/api/v2/stat/6/,141,kabutops
1374,160,2,hp,https://pokeapi.co/api/v2/stat/1/,143,snorlax
1375,110,0,attack,https://pokeapi.co/api/v2/stat/2/,143,snorlax
1376,65,0,defense,https://pokeapi.co/api/v2/stat/3/,143,snorlax
1377,65,0,special-attack,https://pokeapi.co/api/v2/stat/4/,143,snorlax
1378,110,0,special-defense,https://pokeapi.co/api/v2/stat/5/,143,snorlax
1379,30,0,speed,https://pokeapi.co/api/v2/stat/6/,143,snorlax
1380,160,2,hp,https://pokeapi.co/api/v2/stat/1/,10206,snorlax-gmax
1381,110,0,attack,https://pokeapi.co/api/v2/stat/2/,10206,snorlax-gmax
1382,65,0,defense,https://pokeapi.co/api/v2/stat/3/,10206,snorlax-gmax
1383,65,0,special-attack,https://pokeapi.co/api/v2/stat/4/,10206,snorlax-gmax
1384,110,0,special-defense,https://pokeapi.co/api/v2/stat/5/,10206,snorlax-gmax
1385,30,0,speed,https://pokeapi.co/api/v2/stat/6/,10206,snorlax-gmax
1386,61,0,hp,https://pokeapi.co/api/v2/stat/1/,148,dragonair
1387,84,2,attack,https://pokeapi.co/api/v2/stat/2/,148,dragonair
1388,65,0,defense,https://pokeapi.co/api/v2/stat/3/,148,dragonair
1389,70,0,special-attack,https://pokeapi.co/api/v2/stat/4/,148,dragonair
1390,70,0,special-defense,https://pokeapi.co/api/v2/stat/5/,148,dragonair
1391,70,0,speed,https://pokeapi.co/api/v2/stat/6/,148,dragonair
1392,91,0,hp,https://pokeapi.co/api/v2/stat/1/,149,dragonite
1393,134,3,attack,https://pokeapi.co/api/v2/stat/2/,149,dragonite
1394,95,0,defense,https://pokeapi.co/api/v2/stat/3/,149,dragonite
1395,100,0,special-attack,https://pokeapi.co/api/v2/stat/4/,149,dragonite
1396,100,0,special-defense,https://pokeapi.co/api/v2/stat/5/,149,dragonite
1397,80,0,speed,https://pokeapi.co/api/v2/stat/6/,149,dragonite
1398,91,0,hp,https://pokeapi.co/api/v2/stat/1/,10281,dragonite-mega
1399,124,0,attack,https://pokeapi.co/api/v2/stat/2/,10281,dragonite-mega
1400,115,0,defense,https://pokeapi.co/api/v2/stat/3/,10281,dragonite-mega
1401,145,0,special-attack,https://pokeapi.co/api/v2/stat/4/,10281,dragonite-mega
1402,125,0,special-defense,https://pokeapi.co/api/v2/stat/5/,10281,dragonite-mega
1403,100,0,speed,https://pokeapi.co/api/v2/stat/6/,10281,dragonite-mega
1404,100,3,hp,https://pokeapi.co/api/v2/stat/1/,151,mew
1405,100,0,attack,https://pokeapi.co/api/v2/stat/2/,151,mew
1406,100,0,defense,https://pokeapi.co/api/v2/stat/3/,151,mew
1407,100,0,special-attack,https://pokeapi.co/api/v2/stat/4/,151,mew
1408,100,0,special-defense,https://pokeapi.co/api/v2/stat/5/,151,mew
1409,100,0,speed,https://pokeapi.co/api/v2/stat/6/,151,mew
1410,60,0,hp,https://pokeapi.co/api/v2/stat/1/,2,ivysaur
1411,62,0,attack,https://pokeapi.co/api/v2/stat/2/,2,ivysaur
1412,63,0,defense,https://pokeapi.co/api/v2/stat/3/,2,ivysaur
1413,80,1,special-attack,https://pokeapi.co/api/v2/stat/4/,2,ivysaur
1414,80,1,special-defense,https://pokeapi.co/api/v2/stat/5/,2,ivysaur
1415,60,0,speed,https://pokeapi.co/api/v2/stat/6/,2,ivysaur
1416,80,0,hp,https://pokeapi.co/api/v2/stat/1/,76,golem
1417,120,0,attack,https://pokeapi.co/api/v2/stat/2/,76,golem
1418,130,3,defense,https://pokeapi.co/api/v2/stat/3/,76,golem
1419,55,0,special-attack,https://pokeapi.co/api/v2/stat/4/,76,golem
1420,65,0,special-defense,https://pokeapi.co/api/v2/stat/5/,76,golem
1421,45,0,speed,https://pokeapi.co/api/v2/stat/6/,76,golem
1422,80,0,hp,https://pokeapi.co/api/v2/stat/1/,10111,golem-alola
1423,120,0,attack,https://pokeapi.co/api/v2/stat/2/,10111,golem-alola
1424,130,3,defense,https://pokeapi.co/api/v2/stat/3/,10111,golem-alola
1425,55,0,special-attack,https://pokeapi.co/api/v2/stat/4/,10111,golem-alola
1426,65,0,special-defense,https://pokeapi.co/api/v2/stat/5/,10111,golem-alola
1427,45,0,speed,https://pokeapi.co/api/v2/stat/6/,10111,golem-alola
1428,70,0,hp,https://pokeapi.co/api/v2/stat/1/,185,sudowoodo
1429,100,0,attack,https://pokeapi.co/api/v2/stat/2/,185,sudowoodo
1430,115,2,defense,https://pokeapi.co/api/v2/stat/3/,185,sudowoodo
1431,30,0,special-attack,https://pokeapi.co/api/v2/stat/4/,185,sudowoodo
1432,65,0,special-defense,https://pokeapi.co/api/v2/stat/5/,185,sudowoodo
1433,30,0,speed,https://pokeapi.co/api/v2/stat/6/,185,sudowoodo
1434,45,0,hp,https://pokeapi.co/api/v2/stat/1/,152,chikorita
1435,49,0,attack,https://pokeapi.co/api/v2/stat/2/,152,chikorita
1436,65,0,defense,https://pokeapi.co/api/v2/stat/3/,152,chikorita
1437,49,0,special-attack,https://pokeapi.co/api/v2/stat/4/,152,chikorita
1438,65,1,special-defense,https://pokeapi.co/api/v2/stat/5/,152,chikorita
1439,45,0,speed,https://pokeapi.co/api/v2/stat/6/,152,chikorita
1440,65,0,hp,https://pokeapi.co/api/v2/stat/1/,178,xatu
1441,75,0,attack,https://pokeapi.co/api/v2/stat/2/,178,xatu
1442,70,0,defense,https://pokeapi.co/api/v2/stat/3/,178,xatu
1443,95,1,special-attack,https://pokeapi.co/api/v2/stat/4/,178,xatu
1444,70,0,special-defense,https://pokeapi.co/api/v2/stat/5/,178,xatu
1445,95,1,speed,https://pokeapi.co/api/v2/stat/6/,178,xatu
1446,70,0,hp,https://pokeapi.co/api/v2/stat/1/,180,flaaffy
1447,55,0,attack,https://pokeapi.co/api/v2/stat/2/,180,flaaffy
1448,55,0,defense,https://pokeapi.co/api/v2/stat/3/,180,flaaffy
1449,80,2,special-attack,https://pokeapi.co/api/v2/stat/4/,180,flaaffy
1450,60,0,special-defense,https://pokeapi.co/api/v2/stat/5/,180,flaaffy
1451,45,0,speed,https://pokeapi.co/api/v2/stat/6/,180,flaaffy
1452,39,0,hp,https://pokeapi.co/api/v2/stat/1/,155,cyndaquil
1453,52,0,attack,https://pokeapi.co/api/v2/stat/2/,155,cyndaquil
1454,43,0,defense,https://pokeapi.co/api/v2/stat/3/,155,cyndaquil
1455,60,0,special-attack,https://pokeapi.co/api/v2/stat/4/,155,cyndaquil
1456,50,0,special-defense,https://pokeapi.co/api/v2/stat/5/,155,cyndaquil
1457,65,1,speed,https://pokeapi.co/api/v2/stat/6/,155,cyndaquil
1458,90,0,hp,https://pokeapi.co/api/v2/stat/1/,181,ampharos
1459,75,0,attack,https://pokeapi.co/api/v2/stat/2/,181,ampharos
1460,85,0,defense,https://pokeapi.co/api/v2/stat/3/,181,ampharos
1461,115,3,special-attack,https://pokeapi.co/api/v2/stat/4/,181,ampharos
1462,90,0,special-defense,https://pokeapi.co/api/v2/stat/5/,181,ampharos
1463,55,0,speed,https://pokeapi.co/api/v2/stat/6/,181,ampharos
1464,90,0,hp,https://pokeapi.co/api/v2/stat/1/,10045,ampharos-mega
1465,95,0,attack,https://pokeapi.co/api/v2/stat/2/,10045,ampharos-mega
1466,105,0,defense,https://pokeapi.co/api/v2/stat/3/,10045,ampharos-mega
1467,165,3,special-attack,https://pokeapi.co/api/v2/stat/4/,10045,ampharos-mega
1468,110,0,special-defense,https://pokeapi.co/api/v2/stat/5/,10045,ampharos-mega
1469,45,0,speed,https://pokeapi.co/api/v2/stat/6/,10045,ampharos-mega
1470,75,0,hp,https://pokeapi.co/api/v2/stat/1/,182,bellossom
1471,80,0,attack,https://pokeapi.co/api/v2/stat/2/,182,bellossom
1472,95,0,defense,https://pokeapi.co/api/v2/stat/3/,182,bellossom
1473,90,0,special-attack,https://pokeapi.co/api/v2/stat/4/,182,bellossom
1474,100,3,special-defense,https://pokeapi.co/api/v2/stat/5/,182,bellossom
1475,50,0,speed,https://pokeapi.co/api/v2/stat/6/,182,bellossom
1476,50,0,hp,https://pokeapi.co/api/v2/stat/1/,158,totodile
1477,65,1,attack,https://pokeapi.co/api/v2/stat/2/,158,totodile
1478,64,0,defense,https://pokeapi.co/api/v2/stat/3/,158,totodile
1479,44,0,special-attack,https://pokeapi.co/api/v2/stat/4/,158,totodile
1480,48,0,special-defense,https://pokeapi.co/api/v2/stat/5/,158,totodile
1481,43,0,speed,https://pokeapi.co/api/v2/stat/6/,158,totodile
1482,70,2,hp,https://pokeapi.co/api/v2/stat/1/,183,marill
1483,20,0,attack,https://pokeapi.co/api/v2/stat/2/,183,marill
1484,50,0,defense,https://pokeapi.co/api/v2/stat/3/,183,marill
1485,20,0,special-attack,https://pokeapi.co/api/v2/stat/4/,183,marill
1486,50,0,special-defense,https://pokeapi.co/api/v2/stat/5/,183,marill
1487,40,0,speed,https://pokeapi.co/api/v2/stat/6/,183,marill
1488,100,3,hp,https://pokeapi.co/api/v2/stat/1/,184,azumarill
1489,50,0,attack,https://pokeapi.co/api/v2/stat/2/,184,azumarill
1490,80,0,defense,https://pokeapi.co/api/v2/stat/3/,184,azumarill
1491,60,0,special-attack,https://pokeapi.co/api/v2/stat/4/,184,azumarill
1492,80,0,special-defense,https://pokeapi.co/api/v2/stat/5/,184,azumarill
1493,50,0,speed,https://pokeapi.co/api/v2/stat/6/,184,azumarill
1494,35,0,hp,https://pokeapi.co/api/v2/stat/1/,161,sentret
1495,46,1,attack,https://pokeapi.co/api/v2/stat/2/,161,sentret
1496,34,0,defense,https://pokeapi.co/api/v2/stat/3/,161,sentret
1497,35,0,special-attack,https://pokeapi.co/api/v2/stat/4/,161,sentret
1498,45,0,special-defense,https://pokeapi.co/api/v2/stat/5/,161,sentret
1499,20,0,speed,https://pokeapi.co/api/v2/stat/6/,161,sentret
1500,65,0,hp,https://pokeapi.co/api/v2/stat/1/,196,espeon
1501,65,0,attack,https://pokeapi.co/api/v2/stat/2/,196,espeon
1502,60,0,defense,https://pokeapi.co/api/v2/stat/3/,196,espeon
1503,130,2,special-attack,https://pokeapi.co/api/v2/stat/4/,196,espeon
1504,95,0,special-defense,https://pokeapi.co/api/v2/stat/5/,196,espeon
1505,110,0,speed,https://pokeapi.co/api/v2/stat/6/,196,espeon
1506,60,1,hp,https://pokeapi.co/api/v2/stat/1/,163,hoothoot
1507,30,0,attack,https://pokeapi.co/api/v2/stat/2/,163,hoothoot
1508,30,0,defense,https://pokeapi.co/api/v2/stat/3/,163,hoothoot
1509,36,0,special-attack,https://pokeapi.co/api/v2/stat/4/,163,hoothoot
1510,56,0,special-defense,https://pokeapi.co/api/v2/stat/5/,163,hoothoot
1511,50,0,speed,https://pokeapi.co/api/v2/stat/6/,163,hoothoot
1512,95,0,hp,https://pokeapi.co/api/v2/stat/1/,197,umbreon
1513,65,0,attack,https://pokeapi.co/api/v2/stat/2/,197,umbreon
1514,110,0,defense,https://pokeapi.co/api/v2/stat/3/,197,umbreon
1515,60,0,special-attack,https://pokeapi.co/api/v2/stat/4/,197,umbreon
1516,130,2,special-defense,https://pokeapi.co/api/v2/stat/5/,197,umbreon
1517,65,0,speed,https://pokeapi.co/api/v2/stat/6/,197,umbreon
1518,40,0,hp,https://pokeapi.co/api/v2/stat/1/,165,ledyba
1519,20,0,attack,https://pokeapi.co/api/v2/stat/2/,165,ledyba
1520,30,0,defense,https://pokeapi.co/api/v2/stat/3/,165,ledyba
1521,40,0,special-attack,https://pokeapi.co/api/v2/stat/4/,165,ledyba
1522,80,1,special-defense,https://pokeapi.co/api/v2/stat/5/,165,ledyba
1523,55,0,speed,https://pokeapi.co/api/v2/stat/6/,165,ledyba
1524,95,0,hp,https://pokeapi.co/api/v2/stat/1/,199,slowking
1525,75,0,attack,https://pokeapi.co/api/v2/stat/2/,199,slowking
1526,80,0,defense,https://pokeapi.co/api/v2/stat/3/,199,slowking
1527,100,0,special-attack,https://pokeapi.co/api/v2/stat/4/,199,slowking
1528,110,2,special-defense,https://pokeapi.co/api/v2/stat/5/,199,slowking
1529,30,0,speed,https://pokeapi.co/api/v2/stat/6/,199,slowking
1530,95,0,hp,https://pokeapi.co/api/v2/stat/1/,10172,slowking-galar
1531,65,0,attack,https://pokeapi.co/api/v2/stat/2/,10172,slowking-galar
1532,80,0,defense,https://pokeapi.co/api/v2/stat/3/,10172,slowking-galar
1533,110,0,special-attack,https://pokeapi.co/api/v2/stat/4/,10172,slowking-galar
1534,110,2,special-defense,https://pokeapi.co/api/v2/stat/5/,10172,slowking-galar
1535,30,0,speed,https://pokeapi.co/api/v2/stat/6/,10172,slowking-galar
1536,40,0,hp,https://pokeapi.co/api/v2/stat/1/,167,spinarak
1537,60,1,attack,https://pokeapi.co/api/v2/stat/2/,167,spinarak
1538,40,0,defense,https://pokeapi.co/api/v2/stat/3/,167,spinarak
1539,40,0,special-attack,https://pokeapi.co/api/v2/stat/4/,167,spinarak
1540,40,0,special-defense,https://pokeapi.co/api/v2/stat/5/,167,spinarak
1541,30,0,speed,https://pokeapi.co/api/v2/stat/6/,167,spinarak
1542,190,2,hp,https://pokeapi.co/api/v2/stat/1/,202,wobbuffet
1543,33,0,attack,https://pokeapi.co/api/v2/stat/2/,202,wobbuffet
1544,58,0,defense,https://pokeapi.co/api/v2/stat/3/,202,wobbuffet
1545,33,0,special-attack,https://pokeapi.co/api/v2/stat/4/,202,wobbuffet
1546,58,0,special-defense,https://pokeapi.co/api/v2/stat/5/,202,wobbuffet
1547,33,0,speed,https://pokeapi.co/api/v2/stat/6/,202,wobbuffet
1548,75,0,hp,https://pokeapi.co/api/v2/stat/1/,205,forretress
1549,90,0,attack,https://pokeapi.co/api/v2/stat/2/,205,forretress
1550,140,2,defense,https://pokeapi.co/api/v2/stat/3/,205,forretress
1551,60,0,special-attack,https://pokeapi.co/api/v2/stat/4/,205,forretress
1552,60,0,special-defense,https://pokeapi.co/api/v2/stat/5/,205,forretress
1553,40,0,speed,https://pokeapi.co/api/v2/stat/6/,205,forretress
1554,75,1,hp,https://pokeapi.co/api/v2/stat/1/,170,chinchou
1555,38,0,attack,https://pokeapi.co/api/v2/stat/2/,170,chinchou
1556,38,0,defense,https://pokeapi.co/api/v2/stat/3/,170,chinchou
1557,56,0,special-attack,https://pokeapi.co/api/v2/stat/4/,170,chinchou
1558,56,0,special-defense,https://pokeapi.co/api/v2/stat/5/,170,chinchou
1559,67,0,speed,https://pokeapi.co/api/v2/stat/6/,170,chinchou
1560,75,0,hp,https://pokeapi.co/api/v2/stat/1/,208,steelix
1561,85,0,attack,https://pokeapi.co/api/v2/stat/2/,208,steelix
1562,200,2,defense,https://pokeapi.co/api/v2/stat/3/,208,steelix
1563,55,0,special-attack,https://pokeapi.co/api/v2/stat/4/,208,steelix
1564,65,0,special-defense,https://pokeapi.co/api/v2/stat/5/,208,steelix
1565,30,0,speed,https://pokeapi.co/api/v2/stat/6/,208,steelix
1566,75,0,hp,https://pokeapi.co/api/v2/stat/1/,10072,steelix-mega
1567,125,0,attack,https://pokeapi.co/api/v2/stat/2/,10072,steelix-mega
1568,230,2,defense,https://pokeapi.co/api/v2/stat/3/,10072,steelix-mega
1569,55,0,special-attack,https://pokeapi.co/api/v2/stat/4/,10072,steelix-mega
1570,95,0,special-defense,https://pokeapi.co/api/v2/stat/5/,10072,steelix-mega
1571,30,0,speed,https://pokeapi.co/api/v2/stat/6/,10072,steelix-mega
1572,20,0,hp,https://pokeapi.co/api/v2/stat/1/,172,pichu
1573,40,0,attack,https://pokeapi.co/api/v2/stat/2/,172,pichu
1574,15,0,defense,https://pokeapi.co/api/v2/stat/3/,172,pichu
1575,35,0,special-attack,https://pokeapi.co/api/v2/stat/4/,172,pichu
1576,35,0,special-defense,https://pokeapi.co/api/v2/stat/5/,172,pichu
1577,60,1,speed,https://pokeapi.co/api/v2/stat/6/,172,pichu
1578,50,0,hp,https://pokeapi.co/api/v2/stat/1/,173,cleffa
1579,25,0,attack,https://pokeapi.co/api/v2/stat/2/,173,cleffa
1580,28,0,defense,https://pokeapi.co/api/v2/stat/3/,173,cleffa
1581,45,0,special-attack,https://pokeapi.co/api/v2/stat/4/,173,cleffa
1582,55,1,special-defense,https://pokeapi.co/api/v2/stat/5/,173,cleffa
1583,15,0,speed,https://pokeapi.co/api/v2/stat/6/,173,cleffa
1584,90,1,hp,https://pokeapi.co/api/v2/stat/1/,174,igglybuff
1585,30,0,attack,https://pokeapi.co/api/v2/stat/2/,174,igglybuff
1586,15,0,defense,https://pokeapi.co/api/v2/stat/3/,174,igglybuff
1587,40,0,special-attack,https://pokeapi.co/api/v2/stat/4/,174,igglybuff
1588,20,0,special-defense,https://pokeapi.co/api/v2/stat/5/,174,igglybuff
1589,15,0,speed,https://pokeapi.co/api/v2/stat/6/,174,igglybuff
1590,35,0,hp,https://pokeapi.co/api/v2/stat/1/,175,togepi
1591,20,0,attack,https://pokeapi.co/api/v2/stat/2/,175,togepi
1592,65,0,defense,https://pokeapi.co/api/v2/stat/3/,175,togepi
1593,40,0,special-attack,https://pokeapi.co/api/v2/stat/4/,175,togepi
1594,65,1,special-defense,https://pokeapi.co/api/v2/stat/5/,175,togepi
1595,20,0,speed,https://pokeapi.co/api/v2/stat/6/,175,togepi
1596,40,0,hp,https://pokeapi.co/api/v2/stat/1/,177,natu
1597,50,0,attack,https://pokeapi.co/api/v2/stat/2/,177,natu
1598,45,0,defense,https://pokeapi.co/api/v2/stat/3/,177,natu
1599,70,1,special-attack,https://pokeapi.co/api/v2/stat/4/,177,natu
1600,45,0,special-defense,https://pokeapi.co/api/v2/stat/5/,177,natu
1601,70,0,speed,https://pokeapi.co/api/v2/stat/6/,177,natu
1602,55,0,hp,https://pokeapi.co/api/v2/stat/1/,179,mareep
1603,40,0,attack,https://pokeapi.co/api/v2/stat/2/,179,mareep
1604,40,0,defense,https://pokeapi.co/api/v2/stat/3/,179,mareep
1605,65,1,special-attack,https://pokeapi.co/api/v2/stat/4/,179,mareep
1606,45,0,special-defense,https://pokeapi.co/api/v2/stat/5/,179,mareep
1607,35,0,speed,https://pokeapi.co/api/v2/stat/6/,179,mareep
1608,35,0,hp,https://pokeapi.co/api/v2/stat/1/,187,hoppip
1609,35,0,attack,https://pokeapi.co/api/v2/stat/2/,187,hoppip
1610,40,0,defense,https://pokeapi.co/api/v2/stat/3/,187,hoppip
1611,35,0,special-attack,https://pokeapi.co/api/v2/stat/4/,187,hoppip
1612,55,1,special-defense,https://pokeapi.co/api/v2/stat/5/,187,hoppip
1613,50,0,speed,https://pokeapi.co/api/v2/stat/6/,187,hoppip
1614,55,0,hp,https://pokeapi.co/api/v2/stat/1/,190,aipom
1615,70,0,attack,https://pokeapi.co/api/v2/stat/2/,190,aipom
1616,55,0,defense,https://pokeapi.co/api/v2/stat/3/,190,aipom
1617,40,0,special-attack,https://pokeapi.co/api/v2/stat/4/,190,aipom
1618,55,0,special-defense,https://pokeapi.co/api/v2/stat/5/,190,aipom
1619,85,1,speed,https://pokeapi.co/api/v2/stat/6/,190,aipom
1620,30,0,hp,https://pokeapi.co/api/v2/stat/1/,191,sunkern
1621,30,0,attack,https://pokeapi.co/api/v2/stat/2/,191,sunkern
1622,30,0,defense,https://pokeapi.co/api/v2/stat/3/,191,sunkern
1623,30,1,special-attack,https://pokeapi.co/api/v2/stat/4/,191,sunkern
1624,30,0,special-defense,https://pokeapi.co/api/v2/stat/5/,191,sunkern
1625,30,0,speed,https://pokeapi.co/api/v2/stat/6/,191,sunkern
1626,65,0,hp,https://pokeapi.co/api/v2/stat/1/,193,yanma
1627,65,0,attack,https://pokeapi.co/api/v2/stat/2/,193,yanma
1628,45,0,defense,https://pokeapi.co/api/v2/stat/3/,193,yanma
1629,75,0,special-attack,https://pokeapi.co/api/v2/stat/4/,193,yanma
1630,45,0,special-defense,https://pokeapi.co/api/v2/stat/5/,193,yanma
1631,95,1,speed,https://pokeapi.co/api/v2/stat/6/,193,yanma
1632,55,1,hp,https://pokeapi.co/api/v2/stat/1/,194,wooper
1633,45,0,attack,https://pokeapi.co/api/v2/stat/2/,194,wooper
1634,45,0,defense,https://pokeapi.co/api/v2/stat/3/,194,wooper
1635,25,0,special-attack,https://pokeapi.co/api/v2/stat/4/,194,wooper
1636,25,0,special-defense,https://pokeapi.co/api/v2/stat/5/,194,wooper
1637,15,0,speed,https://pokeapi.co/api/v2/stat/6/,194,wooper
1638,55,1,hp,https://pokeapi.co/api/v2/stat/1/,10253,wooper-paldea
1639,45,0,attack,https://pokeapi.co/api/v2/stat/2/,10253,wooper-paldea
1640,45,0,defense,https://pokeapi.co/api/v2/stat/3/,10253,wooper-paldea
1641,25,0,special-attack,https://pokeapi.co/api/v2/stat/4/,10253,wooper-paldea
1642,25,0,special-defense,https://pokeapi.co/api/v2/stat/5/,10253,wooper-paldea
1643,15,0,speed,https://pokeapi.co/api/v2/stat/6/,10253,wooper-paldea
1644,60,0,hp,https://pokeapi.co/api/v2/stat/1/,198,murkrow
1645,85,0,attack,https://pokeapi.co/api/v2/stat/2/,198,murkrow
1646,42,0,defense,https://pokeapi.co/api/v2/stat/3/,198,murkrow
1647,85,0,special-attack,https://pokeapi.co/api/v2/stat/4/,198,murkrow
1648,42,0,special-defense,https://pokeapi.co/api/v2/stat/5/,198,murkrow
1649,91,1,speed,https://pokeapi.co/api/v2/stat/6/,198,murkrow
1650,60,0,hp,https://pokeapi.co/api/v2/stat/1/,200,misdreavus
1651,60,0,attack,https://pokeapi.co/api/v2/stat/2/,200,misdreavus
1652,60,0,defense,https://pokeapi.co/api/v2/stat/3/,200,misdreavus
1653,85,0,special-attack,https://pokeapi.co/api/v2/stat/4/,200,misdreavus
1654,85,1,special-defense,https://pokeapi.co/api/v2/stat/5/,200,misdreavus
1655,85,0,speed,https://pokeapi.co/api/v2/stat/6/,200,misdreavus
1656,48,0,hp,https://pokeapi.co/api/v2/stat/1/,201,unown
1657,72,1,attack,https://pokeapi.co/api/v2/stat/2/,201,unown
1658,48,0,defense,https://pokeapi.co/api/v2/stat/3/,201,unown
1659,72,1,special-attack,https://pokeapi.co/api/v2/stat/4/,201,unown
1660,48,0,special-defense,https://pokeapi.co/api/v2/stat/5/,201,unown
1661,48,0,speed,https://pokeapi.co/api/v2/stat/6/,201,unown
1662,70,0,hp,https://pokeapi.co/api/v2/stat/1/,203,girafarig
1663,80,0,attack,https://pokeapi.co/api/v2/stat/2/,203,girafarig
1664,65,0,defense,https://pokeapi.co/api/v2/stat/3/,203,girafarig
1665,90,2,special-attack,https://pokeapi.co/api/v2/stat/4/,203,girafarig
1666,65,0,special-defense,https://pokeapi.co/api/v2/stat/5/,203,girafarig
1667,85,0,speed,https://pokeapi.co/api/v2/stat/6/,203,girafarig
1668,50,0,hp,https://pokeapi.co/api/v2/stat/1/,204,pineco
1669,65,0,attack,https://pokeapi.co/api/v2/stat/2/,204,pineco
1670,90,1,defense,https://pokeapi.co/api/v2/stat/3/,204,pineco
1671,35,0,special-attack,https://pokeapi.co/api/v2/stat/4/,204,pineco
1672,35,0,special-defense,https://pokeapi.co/api/v2/stat/5/,204,pineco
1673,15,0,speed,https://pokeapi.co/api/v2/stat/6/,204,pineco
1674,100,1,hp,https://pokeapi.co/api/v2/stat/1/,206,dunsparce
1675,70,0,attack,https://pokeapi.co/api/v2/stat/2/,206,dunsparce
1676,70,0,defense,https://pokeapi.co/api/v2/stat/3/,206,dunsparce
1677,65,0,special-attack,https://pokeapi.co/api/v2/stat/4/,206,dunsparce
1678,65,0,special-defense,https://pokeapi.co/api/v2/stat/5/,206,dunsparce
1679,45,0,speed,https://pokeapi.co/api/v2/stat/6/,206,dunsparce
1680,65,0,hp,https://pokeapi.co/api/v2/stat/1/,207,gligar
1681,75,0,attack,https://pokeapi.co/api/v2/stat/2/,207,gligar
1682,105,1,defense,https://pokeapi.co/api/v2/stat/3/,207,gligar
1683,35,0,special-attack,https://pokeapi.co/api/v2/stat/4/,207,gligar
1684,65,0,special-defense,https://pokeapi.co/api/v2/stat/5/,207,gligar
1685,85,0,speed,https://pokeapi.co/api/v2/stat/6/,207,gligar
1686,60,0,hp,https://pokeapi.co/api/v2/stat/1/,209,snubbull
1687,80,1,attack,https://pokeapi.co/api/v2/stat/2/,209,snubbull
1688,50,0,defense,https://pokeapi.co/api/v2/stat/3/,209,snubbull
1689,40,0,special-attack,https://pokeapi.co/api/v2/stat/4/,209,snubbull
1690,40,0,special-defense,https://pokeapi.co/api/v2/stat/5/,209,snubbull
1691,30,0,speed,https://pokeapi.co/api/v2/stat/6/,209,snubbull
1692,65,0,hp,https://pokeapi.co/api/v2/stat/1/,211,qwilfish
1693,95,1,attack,https://pokeapi.co/api/v2/stat/2/,211,qwilfish
1694,85,0,defense,https://pokeapi.co/api/v2/stat/3/,211,qwilfish
1695,55,0,special-attack,https://pokeapi.co/api/v2/stat/4/,211,qwilfish
1696,55,0,special-defense,https://pokeapi.co/api/v2/stat/5/,211,qwilfish
1697,85,0,speed,https://pokeapi.co/api/v2/stat/6/,211,qwilfish
1698,65,0,hp,https://pokeapi.co/api/v2/stat/1/,10234,qwilfish-hisui
1699,95,1,attack,https://pokeapi.co/api/v2/stat/2/,10234,qwilfish-hisui
1700,85,0,defense,https://pokeapi.co/api/v2/stat/3/,10234,qwilfish-hisui
1701,55,0,special-attack,https://pokeapi.co/api/v2/stat/4/,10234,qwilfish-hisui
1702,55,0,special-defense,https://pokeapi.co/api/v2/stat/5/,10234,qwilfish-hisui
1703,85,0,speed,https://pokeapi.co/api/v2/stat/6/,10234,qwilfish-hisui
1704,20,0,hp,https://pokeapi.co/api/v2/stat/1/,213,shuckle
1705,10,0,attack,https://pokeapi.co/api/v2/stat/2/,213,shuckle
1706,230,1,defense,https://pokeapi.co/api/v2/stat/3/,213,shuckle
1707,10,0,special-attack,https://pokeapi.co/api/v2/stat/4/,213,shuckle
1708,230,1,special-defense,https://pokeapi.co/api/v2/stat/5/,213,shuckle
1709,5,0,speed,https://pokeapi.co/api/v2/stat/6/,213,shuckle
1710,80,0,hp,https://pokeapi.co/api/v2/stat/1/,214,heracross
1711,125,2,attack,https://pokeapi.co/api/v2/stat/2/,214,heracross
1712,75,0,defense,https://pokeapi.co/api/v2/stat/3/,214,heracross
1713,40,0,special-attack,https://pokeapi.co/api/v2/stat/4/,214,heracross
1714,95,0,special-defense,https://pokeapi.co/api/v2/stat/5/,214,heracross
1715,85,0,speed,https://pokeapi.co/api/v2/stat/6/,214,heracross
1716,80,0,hp,https://pokeapi.co/api/v2/stat/1/,10047,heracross-mega
1717,185,2,attack,https://pokeapi.co/api/v2/stat/2/,10047,heracross-mega
1718,115,0,defense,https://pokeapi.co/api/v2/stat/3/,10047,heracross-mega
1719,40,0,special-attack,https://pokeapi.co/api/v2/stat/4/,10047,heracross-mega
1720,105,0,special-defense,https://pokeapi.co/api/v2/stat/5/,10047,heracross-mega
1721,75,0,speed,https://pokeapi.co/api/v2/stat/6/,10047,heracross-mega
1722,55,0,hp,https://pokeapi.co/api/v2/stat/1/,215,sneasel
1723,95,0,attack,https://pokeapi.co/api/v2/stat/2/,215,sneasel
1724,55,0,defense,https://pokeapi.co/api/v2/stat/3/,215,sneasel
1725,35,0,special-attack,https://pokeapi.co/api/v2/stat/4/,215,sneasel
1726,75,0,special-defense,https://pokeapi.co/api/v2/stat/5/,215,sneasel
1727,115,1,speed,https://pokeapi.co/api/v2/stat/6/,215,sneasel
1728,55,0,hp,https://pokeapi.co/api/v2/stat/1/,10235,sneasel-hisui
1729,95,0,attack,https://pokeapi.co/api/v2/stat/2/,10235,sneasel-hisui
1730,55,0,defense,https://pokeapi.co/api/v2/stat/3/,10235,sneasel-hisui
1731,35,0,special-attack,https://pokeapi.co/api/v2/stat/4/,10235,sneasel-hisui
1732,75,0,special-defense,https://pokeapi.co/api/v2/stat/5/,10235,sneasel-hisui
1733,115,1,speed,https://pokeapi.co/api/v2/stat/6/,10235,sneasel-hisui
1734,60,0,hp,https://pokeapi.co/api/v2/stat/1/,216,teddiursa
1735,80,1,attack,https://pokeapi.co/api/v2/stat/2/,216,teddiursa
1736,50,0,defense,https://pokeapi.co/api/v2/stat/3/,216,teddiursa
1737,50,0,special-attack,https://pokeapi.co/api/v2/stat/4/,216,teddiursa
1738,50,0,special-defense,https://pokeapi.co/api/v2/stat/5/,216,teddiursa
1739,40,0,speed,https://pokeapi.co/api/v2/stat/6/,216,teddiursa
1740,40,0,hp,https://pokeapi.co/api/v2/stat/1/,218,slugma
1741,40,0,attack,https://pokeapi.co/api/v2/stat/2/,218,slugma
1742,40,0,defense,https://pokeapi.co/api/v2/stat/3/,218,slugma
1743,70,1,special-attack,https://pokeapi.co/api/v2/stat/4/,218,slugma
1744,40,0,special-defense,https://pokeapi.co/api/v2/stat/5/,218,slugma
1745,20,0,speed,https://pokeapi.co/api/v2/stat/6/,218,slugma
1746,50,0,hp,https://pokeapi.co/api/v2/stat/1/,220,swinub
1747,50,1,attack,https://pokeapi.co/api/v2/stat/2/,220,swinub
1748,40,0,defense,https://pokeapi.co/api/v2/stat/3/,220,swinub
1749,30,0,special-attack,https://pokeapi.co/api/v2/stat/4/,220,swinub
1750,30,0,special-defense,https://pokeapi.co/api/v2/stat/5/,220,swinub
1751,50,0,speed,https://pokeapi.co/api/v2/stat/6/,220,swinub
1752,65,0,hp,https://pokeapi.co/api/v2/stat/1/,222,corsola
1753,55,0,attack,https://pokeapi.co/api/v2/stat/2/,222,corsola
1754,95,1,defense,https://pokeapi.co/api/v2/stat/3/,222,corsola
1755,65,0,special-attack,https://pokeapi.co/api/v2/stat/4/,222,corsola
1756,95,1,special-defense,https://pokeapi.co/api/v2/stat/5/,222,corsola
1757,35,0,speed,https://pokeapi.co/api/v2/stat/6/,222,corsola
1758,60,0,hp,https://pokeapi.co/api/v2/stat/1/,10173,corsola-galar
1759,55,0,attack,https://pokeapi.co/api/v2/stat/2/,10173,corsola-galar
1760,100,0,defense,https://pokeapi.co/api/v2/stat/3/,10173,corsola-galar
1761,65,0,special-attack,https://pokeapi.co/api/v2/stat/4/,10173,corsola-galar
1762,100,1,special-defense,https://pokeapi.co/api/v2/stat/5/,10173,corsola-galar
1763,30,0,speed,https://pokeapi.co/api/v2/stat/6/,10173,corsola-galar
1764,35,0,hp,https://pokeapi.co/api/v2/stat/1/,223,remoraid
1765,65,0,attack,https://pokeapi.co/api/v2/stat/2/,223,remoraid
1766,35,0,defense,https://pokeapi.co/api/v2/stat/3/,223,remoraid
1767,65,1,special-attack,https://pokeapi.co/api/v2/stat/4/,223,remoraid
1768,35,0,special-defense,https://pokeapi.co/api/v2/stat/5/,223,remoraid
1769,65,0,speed,https://pokeapi.co/api/v2/stat/6/,223,remoraid
1770,45,0,hp,https://pokeapi.co/api/v2/stat/1/,225,delibird
1771,55,0,attack,https://pokeapi.co/api/v2/stat/2/,225,delibird
1772,45,0,defense,https://pokeapi.co/api/v2/stat/3/,225,delibird
1773,65,0,special-attack,https://pokeapi.co/api/v2/stat/4/,225,delibird
1774,45,0,special-defense,https://pokeapi.co/api/v2/stat/5/,225,delibird
1775,75,1,speed,https://pokeapi.co/api/v2/stat/6/,225,delibird
1776,80,0,hp,https://pokeapi.co/api/v2/stat/1/,154,meganium
1777,82,0,attack,https://pokeapi.co/api/v2/stat/2/,154,meganium
1778,100,1,defense,https://pokeapi.co/api/v2/stat/3/,154,meganium
1779,83,0,special-attack,https://pokeapi.co/api/v2/stat/4/,154,meganium
1780,100,2,special-defense,https://pokeapi.co/api/v2/stat/5/,154,meganium
1781,80,0,speed,https://pokeapi.co/api/v2/stat/6/,154,meganium
1782,80,0,hp,https://pokeapi.co/api/v2/stat/1/,10282,meganium-mega
1783,92,0,attack,https://pokeapi.co/api/v2/stat/2/,10282,meganium-mega
1784,115,0,defense,https://pokeapi.co/api/v2/stat/3/,10282,meganium-mega
1785,143,0,special-attack,https://pokeapi.co/api/v2/stat/4/,10282,meganium-mega
1786,115,0,special-defense,https://pokeapi.co/api/v2/stat/5/,10282,meganium-mega
1787,80,0,speed,https://pokeapi.co/api/v2/stat/6/,10282,meganium-mega
1788,58,0,hp,https://pokeapi.co/api/v2/stat/1/,156,quilava
1789,64,0,attack,https://pokeapi.co/api/v2/stat/2/,156,quilava
1790,58,0,defense,https://pokeapi.co/api/v2/stat/3/,156,quilava
1791,80,1,special-attack,https://pokeapi.co/api/v2/stat/4/,156,quilava
1792,65,0,special-defense,https://pokeapi.co/api/v2/stat/5/,156,quilava
1793,80,1,speed,https://pokeapi.co/api/v2/stat/6/,156,quilava
1794,78,0,hp,https://pokeapi.co/api/v2/stat/1/,157,typhlosion
1795,84,0,attack,https://pokeapi.co/api/v2/stat/2/,157,typhlosion
1796,78,0,defense,https://pokeapi.co/api/v2/stat/3/,157,typhlosion
1797,109,3,special-attack,https://pokeapi.co/api/v2/stat/4/,157,typhlosion
1798,85,0,special-defense,https://pokeapi.co/api/v2/stat/5/,157,typhlosion
1799,100,0,speed,https://pokeapi.co/api/v2/stat/6/,157,typhlosion
1800,73,0,hp,https://pokeapi.co/api/v2/stat/1/,10233,typhlosion-hisui
1801,84,0,attack,https://pokeapi.co/api/v2/stat/2/,10233,typhlosion-hisui
1802,78,0,defense,https://pokeapi.co/api/v2/stat/3/,10233,typhlosion-hisui
1803,119,3,special-attack,https://pokeapi.co/api/v2/stat/4/,10233,typhlosion-hisui
1804,85,0,special-defense,https://pokeapi.co/api/v2/stat/5/,10233,typhlosion-hisui
1805,95,0,speed,https://pokeapi.co/api/v2/stat/6/,10233,typhlosion-hisui
1806,65,0,hp,https://pokeapi.co/api/v2/stat/1/,159,croconaw
1807,80,1,attack,https://pokeapi.co/api/v2/stat/2/,159,croconaw
1808,80,1,defense,https://pokeapi.co/api/v2/stat/3/,159,croconaw
1809,59,0,special-attack,https://pokeapi.co/api/v2/stat/4/,159,croconaw
1810,63,0,special-defense,https://pokeapi.co/api/v2/stat/5/,159,croconaw
1811,58,0,speed,https://pokeapi.co/api/v2/stat/6/,159,croconaw
1812,85,0,hp,https://pokeapi.co/api/v2/stat/1/,160,feraligatr
1813,105,2,attack,https://pokeapi.co/api/v2/stat/2/,160,feraligatr
1814,100,1,defense,https://pokeapi.co/api/v2/stat/3/,160,feraligatr
1815,79,0,special-attack,https://pokeapi.co/api/v2/stat/4/,160,feraligatr
1816,83,0,special-defense,https://pokeapi.co/api/v2/stat/5/,160,feraligatr
1817,78,0,speed,https://pokeapi.co/api/v2/stat/6/,160,feraligatr
1818,85,0,hp,https://pokeapi.co/api/v2/stat/1/,10283,feraligatr-mega
1819,160,0,attack,https://pokeapi.co/api/v2/stat/2/,10283,feraligatr-mega
1820,125,0,defense,https://pokeapi.co/api/v2/stat/3/,10283,feraligatr-mega
1821,89,0,special-attack,https://pokeapi.co/api/v2/stat/4/,10283,feraligatr-mega
1822,93,0,special-defense,https://pokeapi.co/api/v2/stat/5/,10283,feraligatr-mega
1823,78,0,speed,https://pokeapi.co/api/v2/stat/6/,10283,feraligatr-mega
1824,85,0,hp,https://pokeapi.co/api/v2/stat/1/,162,furret
1825,76,0,attack,https://pokeapi.co/api/v2/stat/2/,162,furret
1826,64,0,defense,https://pokeapi.co/api/v2/stat/3/,162,furret
1827,45,0,special-attack,https://pokeapi.co/api/v2/stat/4/,162,furret
1828,55,0,special-defense,https://pokeapi.co/api/v2/stat/5/,162,furret
1829,90,2,speed,https://pokeapi.co/api/v2/stat/6/,162,furret
1830,100,2,hp,https://pokeapi.co/api/v2/stat/1/,164,noctowl
1831,50,0,attack,https://pokeapi.co/api/v2/stat/2/,164,noctowl
1832,50,0,defense,https://pokeapi.co/api/v2/stat/3/,164,noctowl
1833,86,0,special-attack,https://pokeapi.co/api/v2/stat/4/,164,noctowl
1834,96,0,special-defense,https://pokeapi.co/api/v2/stat/5/,164,noctowl
1835,70,0,speed,https://pokeapi.co/api/v2/stat/6/,164,noctowl
1836,55,0,hp,https://pokeapi.co/api/v2/stat/1/,166,ledian
1837,35,0,attack,https://pokeapi.co/api/v2/stat/2/,166,ledian
1838,50,0,defense,https://pokeapi.co/api/v2/stat/3/,166,ledian
1839,55,0,special-attack,https://pokeapi.co/api/v2/stat/4/,166,ledian
1840,110,2,special-defense,https://pokeapi.co/api/v2/stat/5/,166,ledian
1841,85,0,speed,https://pokeapi.co/api/v2/stat/6/,166,ledian
1842,70,0,hp,https://pokeapi.co/api/v2/stat/1/,168,ariados
1843,90,2,attack,https://pokeapi.co/api/v2/stat/2/,168,ariados
1844,70,0,defense,https://pokeapi.co/api/v2/stat/3/,168,ariados
1845,60,0,special-attack,https://pokeapi.co/api/v2/stat/4/,168,ariados
1846,70,0,special-defense,https://pokeapi.co/api/v2/stat/5/,168,ariados
1847,40,0,speed,https://pokeapi.co/api/v2/stat/6/,168,ariados
1848,125,2,hp,https://pokeapi.co/api/v2/stat/1/,171,lanturn
1849,58,0,attack,https://pokeapi.co/api/v2/stat/2/,171,lanturn
1850,58,0,defense,https://pokeapi.co/api/v2/stat/3/,171,lanturn
1851,76,0,special-attack,https://pokeapi.co/api/v2/stat/4/,171,lanturn
1852,76,0,special-defense,https://pokeapi.co/api/v2/stat/5/,171,lanturn
1853,67,0,speed,https://pokeapi.co/api/v2/stat/6/,171,lanturn
1854,55,0,hp,https://pokeapi.co/api/v2/stat/1/,176,togetic
1855,40,0,attack,https://pokeapi.co/api/v2/stat/2/,176,togetic
1856,85,0,defense,https://pokeapi.co/api/v2/stat/3/,176,togetic
1857,80,0,special-attack,https://pokeapi.co/api/v2/stat/4/,176,togetic
1858,105,2,special-defense,https://pokeapi.co/api/v2/stat/5/,176,togetic
1859,40,0,speed,https://pokeapi.co/api/v2/stat/6/,176,togetic
1860,90,0,hp,https://pokeapi.co/api/v2/stat/1/,210,granbull
1861,120,2,attack,https://pokeapi.co/api/v2/stat/2/,210,granbull
1862,75,0,defense,https://pokeapi.co/api/v2/stat/3/,210,granbull
1863,60,0,special-attack,https://pokeapi.co/api/v2/stat/4/,210,granbull
1864,60,0,special-defense,https://pokeapi.co/api/v2/stat/5/,210,granbull
1865,45,0,speed,https://pokeapi.co/api/v2/stat/6/,210,granbull
1866,70,0,hp,https://pokeapi.co/api/v2/stat/1/,212,scizor
1867,130,2,attack,https://pokeapi.co/api/v2/stat/2/,212,scizor
1868,100,0,defense,https://pokeapi.co/api/v2/stat/3/,212,scizor
1869,55,0,special-attack,https://pokeapi.co/api/v2/stat/4/,212,scizor
1870,80,0,special-defense,https://pokeapi.co/api/v2/stat/5/,212,scizor
1871,65,0,speed,https://pokeapi.co/api/v2/stat/6/,212,scizor
1872,70,0,hp,https://pokeapi.co/api/v2/stat/1/,10046,scizor-mega
1873,150,2,attack,https://pokeapi.co/api/v2/stat/2/,10046,scizor-mega
1874,140,0,defense,https://pokeapi.co/api/v2/stat/3/,10046,scizor-mega
1875,65,0,special-attack,https://pokeapi.co/api/v2/stat/4/,10046,scizor-mega
1876,100,0,special-defense,https://pokeapi.co/api/v2/stat/5/,10046,scizor-mega
1877,75,0,speed,https://pokeapi.co/api/v2/stat/6/,10046,scizor-mega
1878,90,0,hp,https://pokeapi.co/api/v2/stat/1/,217,ursaring
1879,130,2,attack,https://pokeapi.co/api/v2/stat/2/,217,ursaring
1880,75,0,defense,https://pokeapi.co/api/v2/stat/3/,217,ursaring
1881,75,0,special-attack,https://pokeapi.co/api/v2/stat/4/,217,ursaring
1882,75,0,special-defense,https://pokeapi.co/api/v2/stat/5/,217,ursaring
1883,55,0,speed,https://pokeapi.co/api/v2/stat/6/,217,ursaring
1884,60,0,hp,https://pokeapi.co/api/v2/stat/1/,219,magcargo
1885,50,0,attack,https://pokeapi.co/api/v2/stat/2/,219,magcargo
1886,120,2,defense,https://pokeapi.co/api/v2/stat/3/,219,magcargo
1887,90,0,special-attack,https://pokeapi.co/api/v2/stat/4/,219,magcargo
1888,80,0,special-defense,https://pokeapi.co/api/v2/stat/5/,219,magcargo
1889,30,0,speed,https://pokeapi.co/api/v2/stat/6/,219,magcargo
1890,100,1,hp,https://pokeapi.co/api/v2/stat/1/,221,piloswine
1891,100,1,attack,https://pokeapi.co/api/v2/stat/2/,221,piloswine
1892,80,0,defense,https://pokeapi.co/api/v2/stat/3/,221,piloswine
1893,60,0,special-attack,https://pokeapi.co/api/v2/stat/4/,221,piloswine
1894,60,0,special-defense,https://pokeapi.co/api/v2/stat/5/,221,piloswine
1895,50,0,speed,https://pokeapi.co/api/v2/stat/6/,221,piloswine
1896,75,0,hp,https://pokeapi.co/api/v2/stat/1/,224,octillery
1897,105,1,attack,https://pokeapi.co/api/v2/stat/2/,224,octillery
1898,75,0,defense,https://pokeapi.co/api/v2/stat/3/,224,octillery
1899,105,1,special-attack,https://pokeapi.co/api/v2/stat/4/,224,octillery
1900,75,0,special-defense,https://pokeapi.co/api/v2/stat/5/,224,octillery
1901,45,0,speed,https://pokeapi.co/api/v2/stat/6/,224,octillery
1902,65,0,hp,https://pokeapi.co/api/v2/stat/1/,227,skarmory
1903,80,0,attack,https://pokeapi.co/api/v2/stat/2/,227,skarmory
1904,140,2,defense,https://pokeapi.co/api/v2/stat/3/,227,skarmory
1905,40,0,special-attack,https://pokeapi.co/api/v2/stat/4/,227,skarmory
1906,70,0,special-defense,https://pokeapi.co/api/v2/stat/5/,227,skarmory
1907,70,0,speed,https://pokeapi.co/api/v2/stat/6/,227,skarmory
1908,65,0,hp,https://pokeapi.co/api/v2/stat/1/,10284,skarmory-mega
1909,140,0,attack,https://pokeapi.co/api/v2/stat/2/,10284,skarmory-mega
1910,110,0,defense,https://pokeapi.co/api/v2/stat/3/,10284,skarmory-mega
1911,40,0,special-attack,https://pokeapi.co/api/v2/stat/4/,10284,skarmory-mega
1912,100,0,special-defense,https://pokeapi.co/api/v2/stat/5/,10284,skarmory-mega
1913,110,0,speed,https://pokeapi.co/api/v2/stat/6/,10284,skarmory-mega
1914,45,0,hp,https://pokeapi.co/api/v2/stat/1/,228,houndour
1915,60,0,attack,https://pokeapi.co/api/v2/stat/2/,228,houndour
1916,30,0,defense,https://pokeapi.co/api/v2/stat/3/,228,houndour
1917,80,1,special-attack,https://pokeapi.co/api/v2/stat/4/,228,houndour
1918,50,0,special-defense,https://pokeapi.co/api/v2/stat/5/,228,houndour
1919,65,0,speed,https://pokeapi.co/api/v2/stat/6/,228,houndour
1920,90,1,hp,https://pokeapi.co/api/v2/stat/1/,231,phanpy
1921,60,0,attack,https://pokeapi.co/api/v2/stat/2/,231,phanpy
1922,60,0,defense,https://pokeapi.co/api/v2/stat/3/,231,phanpy
1923,40,0,special-attack,https://pokeapi.co/api/v2/stat/4/,231,phanpy
1924,40,0,special-defense,https://pokeapi.co/api/v2/stat/5/,231,phanpy
1925,40,0,speed,https://pokeapi.co/api/v2/stat/6/,231,phanpy
1926,73,0,hp,https://pokeapi.co/api/v2/stat/1/,234,stantler
1927,95,1,attack,https://pokeapi.co/api/v2/stat/2/,234,stantler
1928,62,0,defense,https://pokeapi.co/api/v2/stat/3/,234,stantler
1929,85,0,special-attack,https://pokeapi.co/api/v2/stat/4/,234,stantler
1930,65,0,special-defense,https://pokeapi.co/api/v2/stat/5/,234,stantler
1931,85,0,speed,https://pokeapi.co/api/v2/stat/6/,234,stantler
1932,55,0,hp,https://pokeapi.co/api/v2/stat/1/,235,smeargle
1933,20,0,attack,https://pokeapi.co/api/v2/stat/2/,235,smeargle
1934,35,0,defense,https://pokeapi.co/api/v2/stat/3/,235,smeargle
1935,20,0,special-attack,https://pokeapi.co/api/v2/stat/4/,235,smeargle
1936,45,0,special-defense,https://pokeapi.co/api/v2/stat/5/,235,smeargle
1937,75,1,speed,https://pokeapi.co/api/v2/stat/6/,235,smeargle
1938,35,0,hp,https://pokeapi.co/api/v2/stat/1/,236,tyrogue
1939,35,1,attack,https://pokeapi.co/api/v2/stat/2/,236,tyrogue
1940,35,0,defense,https://pokeapi.co/api/v2/stat/3/,236,tyrogue
1941,35,0,special-attack,https://pokeapi.co/api/v2/stat/4/,236,tyrogue
1942,35,0,special-defense,https://pokeapi.co/api/v2/stat/5/,236,tyrogue
1943,35,0,speed,https://pokeapi.co/api/v2/stat/6/,236,tyrogue
1944,45,0,hp,https://pokeapi.co/api/v2/stat/1/,238,smoochum
1945,30,0,attack,https://pokeapi.co/api/v2/stat/2/,238,smoochum
1946,15,0,defense,https://pokeapi.co/api/v2/stat/3/,238,smoochum
1947,85,1,special-attack,https://pokeapi.co/api/v2/stat/4/,238,smoochum
1948,65,0,special-defense,https://pokeapi.co/api/v2/stat/5/,238,smoochum
1949,65,0,speed,https://pokeapi.co/api/v2/stat/6/,238,smoochum
1950,45,0,hp,https://pokeapi.co/api/v2/stat/1/,239,elekid
1951,63,0,attack,https://pokeapi.co/api/v2/stat/2/,239,elekid
1952,37,0,defense,https://pokeapi.co/api/v2/stat/3/,239,elekid
1953,65,0,special-attack,https://pokeapi.co/api/v2/stat/4/,239,elekid
1954,55,0,special-defense,https://pokeapi.co/api/v2/stat/5/,239,elekid
1955,95,1,speed,https://pokeapi.co/api/v2/stat/6/,239,elekid
1956,45,0,hp,https://pokeapi.co/api/v2/stat/1/,240,magby
1957,75,0,attack,https://pokeapi.co/api/v2/stat/2/,240,magby
1958,37,0,defense,https://pokeapi.co/api/v2/stat/3/,240,magby
1959,70,0,special-attack,https://pokeapi.co/api/v2/stat/4/,240,magby
1960,55,0,special-defense,https://pokeapi.co/api/v2/stat/5/,240,magby
1961,83,1,speed,https://pokeapi.co/api/v2/stat/6/,240,magby
1962,95,0,hp,https://pokeapi.co/api/v2/stat/1/,241,miltank
1963,80,0,attack,https://pokeapi.co/api/v2/stat/2/,241,miltank
1964,105,2,defense,https://pokeapi.co/api/v2/stat/3/,241,miltank
1965,40,0,special-attack,https://pokeapi.co/api/v2/stat/4/,241,miltank
1966,70,0,special-defense,https://pokeapi.co/api/v2/stat/5/,241,miltank
1967,100,0,speed,https://pokeapi.co/api/v2/stat/6/,241,miltank
1968,90,0,hp,https://pokeapi.co/api/v2/stat/1/,243,raikou
1969,85,0,attack,https://pokeapi.co/api/v2/stat/2/,243,raikou
1970,75,0,defense,https://pokeapi.co/api/v2/stat/3/,243,raikou
1971,115,1,special-attack,https://pokeapi.co/api/v2/stat/4/,243,raikou
1972,100,0,special-defense,https://pokeapi.co/api/v2/stat/5/,243,raikou
1973,115,2,speed,https://pokeapi.co/api/v2/stat/6/,243,raikou
1974,115,1,hp,https://pokeapi.co/api/v2/stat/1/,244,entei
1975,115,2,attack,https://pokeapi.co/api/v2/stat/2/,244,entei
1976,85,0,defense,https://pokeapi.co/api/v2/stat/3/,244,entei
1977,90,0,special-attack,https://pokeapi.co/api/v2/stat/4/,244,entei
1978,75,0,special-defense,https://pokeapi.co/api/v2/stat/5/,244,entei
1979,100,0,speed,https://pokeapi.co/api/v2/stat/6/,244,entei
1980,100,0,hp,https://pokeapi.co/api/v2/stat/1/,245,suicune
1981,75,0,attack,https://pokeapi.co/api/v2/stat/2/,245,suicune
1982,115,1,defense,https://pokeapi.co/api/v2/stat/3/,245,suicune
1983,90,0,special-attack,https://pokeapi.co/api/v2/stat/4/,245,suicune
1984,115,2,special-defense,https://pokeapi.co/api/v2/stat/5/,245,suicune
1985,85,0,speed,https://pokeapi.co/api/v2/stat/6/,245,suicune
1986,50,0,hp,https://pokeapi.co/api/v2/stat/1/,246,larvitar
1987,64,1,attack,https://pokeapi.co/api/v2/stat/2/,246,larvitar
1988,50,0,defense,https://pokeapi.co/api/v2/stat/3/,246,larvitar
1989,45,0,special-attack,https://pokeapi.co/api/v2/stat/4/,246,larvitar
1990,50,0,special-defense,https://pokeapi.co/api/v2/stat/5/,246,larvitar
1991,41,0,speed,https://pokeapi.co/api/v2/stat/6/,246,larvitar
1992,106,0,hp,https://pokeapi.co/api/v2/stat/1/,249,lugia
1993,90,0,attack,https://pokeapi.co/api/v2/stat/2/,249,lugia
1994,130,0,defense,https://pokeapi.co/api/v2/stat/3/,249,lugia
1995,90,0,special-attack,https://pokeapi.co/api/v2/stat/4/,249,lugia
1996,154,3,special-defense,https://pokeapi.co/api/v2/stat/5/,249,lugia
1997,110,0,speed,https://pokeapi.co/api/v2/stat/6/,249,lugia
1998,106,0,hp,https://pokeapi.co/api/v2/stat/1/,250,ho-oh
1999,130,0,attack,https://pokeapi.co/api/v2/stat/2/,250,ho-oh
2000,90,0,defense,https://pokeapi.co/api/v2/stat/3/,250,ho-oh
2001,110,0,special-attack,https://pokeapi.co/api/v2/stat/4/,250,ho-oh
2002,154,3,special-defense,https://pokeapi.co/api/v2/stat/5/,250,ho-oh
2003,90,0,speed,https://pokeapi.co/api/v2/stat/6/,250,ho-oh
2004,100,3,hp,https://pokeapi.co/api/v2/stat/1/,251,celebi
2005,100,0,attack,https://pokeapi.co/api/v2/stat/2/,251,celebi
2006,100,0,defense,https://pokeapi.co/api/v2/stat/3/,251,celebi
2007,100,0,special-attack,https://pokeapi.co/api/v2/stat/4/,251,celebi
2008,100,0,special-defense,https://pokeapi.co/api/v2/stat/5/,251,celebi
2009,100,0,speed,https://pokeapi.co/api/v2/stat/6/,251,celebi
2010,75,0,hp,https://pokeapi.co/api/v2/stat/1/,229,houndoom
2011,90,0,attack,https://pokeapi.co/api/v2/stat/2/,229,houndoom
2012,50,0,defense,https://pokeapi.co/api/v2/stat/3/,229,houndoom
2013,110,2,special-attack,https://pokeapi.co/api/v2/stat/4/,229,houndoom
2014,80,0,special-defense,https://pokeapi.co/api/v2/stat/5/,229,houndoom
2015,95,0,speed,https://pokeapi.co/api/v2/stat/6/,229,houndoom
2016,75,0,hp,https://pokeapi.co/api/v2/stat/1/,10048,houndoom-mega
2017,90,0,attack,https://pokeapi.co/api/v2/stat/2/,10048,houndoom-mega
2018,90,0,defense,https://pokeapi.co/api/v2/stat/3/,10048,houndoom-mega
2019,140,2,special-attack,https://pokeapi.co/api/v2/stat/4/,10048,houndoom-mega
2020,90,0,special-defense,https://pokeapi.co/api/v2/stat/5/,10048,houndoom-mega
2021,115,0,speed,https://pokeapi.co/api/v2/stat/6/,10048,houndoom-mega
2022,75,0,hp,https://pokeapi.co/api/v2/stat/1/,230,kingdra
2023,95,1,attack,https://pokeapi.co/api/v2/stat/2/,230,kingdra
2024,95,0,defense,https://pokeapi.co/api/v2/stat/3/,230,kingdra
2025,95,1,special-attack,https://pokeapi.co/api/v2/stat/4/,230,kingdra
2026,95,1,special-defense,https://pokeapi.co/api/v2/stat/5/,230,kingdra
2027,85,0,speed,https://pokeapi.co/api/v2/stat/6/,230,kingdra
2028,90,0,hp,https://pokeapi.co/api/v2/stat/1/,232,donphan
2029,120,1,attack,https://pokeapi.co/api/v2/stat/2/,232,donphan
2030,120,1,defense,https://pokeapi.co/api/v2/stat/3/,232,donphan
2031,60,0,special-attack,https://pokeapi.co/api/v2/stat/4/,232,donphan
2032,60,0,special-defense,https://pokeapi.co/api/v2/stat/5/,232,donphan
2033,50,0,speed,https://pokeapi.co/api/v2/stat/6/,232,donphan
2034,85,0,hp,https://pokeapi.co/api/v2/stat/1/,233,porygon2
2035,80,0,attack,https://pokeapi.co/api/v2/stat/2/,233,porygon2
2036,90,0,defense,https://pokeapi.co/api/v2/stat/3/,233,porygon2
2037,105,2,special-attack,https://pokeapi.co/api/v2/stat/4/,233,porygon2
2038,95,0,special-defense,https://pokeapi.co/api/v2/stat/5/,233,porygon2
2039,60,0,speed,https://pokeapi.co/api/v2/stat/6/,233,porygon2
2040,50,0,hp,https://pokeapi.co/api/v2/stat/1/,237,hitmontop
2041,95,0,attack,https://pokeapi.co/api/v2/stat/2/,237,hitmontop
2042,95,0,defense,https://pokeapi.co/api/v2/stat/3/,237,hitmontop
2043,35,0,special-attack,https://pokeapi.co/api/v2/stat/4/,237,hitmontop
2044,110,2,special-defense,https://pokeapi.co/api/v2/stat/5/,237,hitmontop
2045,70,0,speed,https://pokeapi.co/api/v2/stat/6/,237,hitmontop
2046,60,0,hp,https://pokeapi.co/api/v2/stat/1/,153,bayleef
2047,62,0,attack,https://pokeapi.co/api/v2/stat/2/,153,bayleef
2048,80,1,defense,https://pokeapi.co/api/v2/stat/3/,153,bayleef
2049,63,0,special-attack,https://pokeapi.co/api/v2/stat/4/,153,bayleef
2050,80,1,special-defense,https://pokeapi.co/api/v2/stat/5/,153,bayleef
2051,60,0,speed,https://pokeapi.co/api/v2/stat/6/,153,bayleef
2052,85,0,hp,https://pokeapi.co/api/v2/stat/1/,169,crobat
2053,90,0,attack,https://pokeapi.co/api/v2/stat/2/,169,crobat
2054,80,0,defense,https://pokeapi.co/api/v2/stat/3/,169,crobat
2055,70,0,special-attack,https://pokeapi.co/api/v2/stat/4/,169,crobat
2056,80,0,special-defense,https://pokeapi.co/api/v2/stat/5/,169,crobat
2057,130,3,speed,https://pokeapi.co/api/v2/stat/6/,169,crobat
2058,90,0,hp,https://pokeapi.co/api/v2/stat/1/,186,politoed
2059,75,0,attack,https://pokeapi.co/api/v2/stat/2/,186,politoed
2060,75,0,defense,https://pokeapi.co/api/v2/stat/3/,186,politoed
2061,90,0,special-attack,https://pokeapi.co/api/v2/stat/4/,186,politoed
2062,100,3,special-defense,https://pokeapi.co/api/v2/stat/5/,186,politoed
2063,70,0,speed,https://pokeapi.co/api/v2/stat/6/,186,politoed
2064,55,0,hp,https://pokeapi.co/api/v2/stat/1/,188,skiploom
2065,45,0,attack,https://pokeapi.co/api/v2/stat/2/,188,skiploom
2066,50,0,defense,https://pokeapi.co/api/v2/stat/3/,188,skiploom
2067,45,0,special-attack,https://pokeapi.co/api/v2/stat/4/,188,skiploom
2068,65,0,special-defense,https://pokeapi.co/api/v2/stat/5/,188,skiploom
2069,80,2,speed,https://pokeapi.co/api/v2/stat/6/,188,skiploom
2070,75,0,hp,https://pokeapi.co/api/v2/stat/1/,189,jumpluff
2071,55,0,attack,https://pokeapi.co/api/v2/stat/2/,189,jumpluff
2072,70,0,defense,https://pokeapi.co/api/v2/stat/3/,189,jumpluff
2073,55,0,special-attack,https://pokeapi.co/api/v2/stat/4/,189,jumpluff
2074,95,0,special-defense,https://pokeapi.co/api/v2/stat/5/,189,jumpluff
2075,110,3,speed,https://pokeapi.co/api/v2/stat/6/,189,jumpluff
2076,75,0,hp,https://pokeapi.co/api/v2/stat/1/,192,sunflora
2077,75,0,attack,https://pokeapi.co/api/v2/stat/2/,192,sunflora
2078,55,0,defense,https://pokeapi.co/api/v2/stat/3/,192,sunflora
2079,105,2,special-attack,https://pokeapi.co/api/v2/stat/4/,192,sunflora
2080,85,0,special-defense,https://pokeapi.co/api/v2/stat/5/,192,sunflora
2081,30,0,speed,https://pokeapi.co/api/v2/stat/6/,192,sunflora
2082,95,2,hp,https://pokeapi.co/api/v2/stat/1/,195,quagsire
2083,85,0,attack,https://pokeapi.co/api/v2/stat/2/,195,quagsire
2084,85,0,defense,https://pokeapi.co/api/v2/stat/3/,195,quagsire
2085,65,0,special-attack,https://pokeapi.co/api/v2/stat/4/,195,quagsire
2086,65,0,special-defense,https://pokeapi.co/api/v2/stat/5/,195,quagsire
2087,35,0,speed,https://pokeapi.co/api/v2/stat/6/,195,quagsire
2088,85,0,hp,https://pokeapi.co/api/v2/stat/1/,226,mantine
2089,40,0,attack,https://pokeapi.co/api/v2/stat/2/,226,mantine
2090,70,0,defense,https://pokeapi.co/api/v2/stat/3/,226,mantine
2091,80,0,special-attack,https://pokeapi.co/api/v2/stat/4/,226,mantine
2092,140,2,special-defense,https://pokeapi.co/api/v2/stat/5/,226,mantine
2093,70,0,speed,https://pokeapi.co/api/v2/stat/6/,226,mantine
2094,255,3,hp,https://pokeapi.co/api/v2/stat/1/,242,blissey
2095,10,0,attack,https://pokeapi.co/api/v2/stat/2/,242,blissey
2096,10,0,defense,https://pokeapi.co/api/v2/stat/3/,242,blissey
2097,75,0,special-attack,https://pokeapi.co/api/v2/stat/4/,242,blissey
2098,135,0,special-defense,https://pokeapi.co/api/v2/stat/5/,242,blissey
2099,55,0,speed,https://pokeapi.co/api/v2/stat/6/,242,blissey
2100,70,0,hp,https://pokeapi.co/api/v2/stat/1/,247,pupitar
2101,84,2,attack,https://pokeapi.co/api/v2/stat/2/,247,pupitar
2102,70,0,defense,https://pokeapi.co/api/v2/stat/3/,247,pupitar
2103,65,0,special-attack,https://pokeapi.co/api/v2/stat/4/,247,pupitar
2104,70,0,special-defense,https://pokeapi.co/api/v2/stat/5/,247,pupitar
2105,51,0,speed,https://pokeapi.co/api/v2/stat/6/,247,pupitar
2106,100,0,hp,https://pokeapi.co/api/v2/stat/1/,248,tyranitar
2107,134,3,attack,https://pokeapi.co/api/v2/stat/2/,248,tyranitar
2108,110,0,defense,https://pokeapi.co/api/v2/stat/3/,248,tyranitar
2109,95,0,special-attack,https://pokeapi.co/api/v2/stat/4/,248,tyranitar
2110,100,0,special-defense,https://pokeapi.co/api/v2/stat/5/,248,tyranitar
2111,61,0,speed,https://pokeapi.co/api/v2/stat/6/,248,tyranitar
2112,100,0,hp,https://pokeapi.co/api/v2/stat/1/,10049,tyranitar-mega
2113,164,3,attack,https://pokeapi.co/api/v2/stat/2/,10049,tyranitar-mega
2114,150,0,defense,https://pokeapi.co/api/v2/stat/3/,10049,tyranitar-mega
2115,95,0,special-attack,https://pokeapi.co/api/v2/stat/4/,10049,tyranitar-mega
2116,120,0,special-defense,https://pokeapi.co/api/v2/stat/5/,10049,tyranitar-mega
2117,71,0,speed,https://pokeapi.co/api/v2/stat/6/,10049,tyranitar-mega
2118,95,0,hp,https://pokeapi.co/api/v2/stat/1/,350,milotic
2119,60,0,attack,https://pokeapi.co/api/v2/stat/2/,350,milotic
2120,79,0,defense,https://pokeapi.co/api/v2/stat/3/,350,milotic
2121,100,0,special-attack,https://pokeapi.co/api/v2/stat/4/,350,milotic
2122,125,2,special-defense,https://pokeapi.co/api/v2/stat/5/,350,milotic
2123,81,0,speed,https://pokeapi.co/api/v2/stat/6/,350,milotic
2124,64,0,hp,https://pokeapi.co/api/v2/stat/1/,354,banette
2125,115,2,attack,https://pokeapi.co/api/v2/stat/2/,354,banette
2126,65,0,defense,https://pokeapi.co/api/v2/stat/3/,354,banette
2127,83,0,special-attack,https://pokeapi.co/api/v2/stat/4/,354,banette
2128,63,0,special-defense,https://pokeapi.co/api/v2/stat/5/,354,banette
2129,65,0,speed,https://pokeapi.co/api/v2/stat/6/,354,banette
2130,64,0,hp,https://pokeapi.co/api/v2/stat/1/,10056,banette-mega
2131,165,2,attack,https://pokeapi.co/api/v2/stat/2/,10056,banette-mega
2132,75,0,defense,https://pokeapi.co/api/v2/stat/3/,10056,banette-mega
2133,93,0,special-attack,https://pokeapi.co/api/v2/stat/4/,10056,banette-mega
2134,83,0,special-defense,https://pokeapi.co/api/v2/stat/5/,10056,banette-mega
2135,75,0,speed,https://pokeapi.co/api/v2/stat/6/,10056,banette-mega
2136,40,0,hp,https://pokeapi.co/api/v2/stat/1/,252,treecko
2137,45,0,attack,https://pokeapi.co/api/v2/stat/2/,252,treecko
2138,35,0,defense,https://pokeapi.co/api/v2/stat/3/,252,treecko
2139,65,0,special-attack,https://pokeapi.co/api/v2/stat/4/,252,treecko
2140,55,0,special-defense,https://pokeapi.co/api/v2/stat/5/,252,treecko
2141,70,1,speed,https://pokeapi.co/api/v2/stat/6/,252,treecko
2142,45,0,hp,https://pokeapi.co/api/v2/stat/1/,255,torchic
2143,60,0,attack,https://pokeapi.co/api/v2/stat/2/,255,torchic
2144,40,0,defense,https://pokeapi.co/api/v2/stat/3/,255,torchic
2145,70,1,special-attack,https://pokeapi.co/api/v2/stat/4/,255,torchic
2146,50,0,special-defense,https://pokeapi.co/api/v2/stat/5/,255,torchic
2147,45,0,speed,https://pokeapi.co/api/v2/stat/6/,255,torchic
2148,50,0,hp,https://pokeapi.co/api/v2/stat/1/,258,mudkip
2149,70,1,attack,https://pokeapi.co/api/v2/stat/2/,258,mudkip
2150,50,0,defense,https://pokeapi.co/api/v2/stat/3/,258,mudkip
2151,50,0,special-attack,https://pokeapi.co/api/v2/stat/4/,258,mudkip
2152,50,0,special-defense,https://pokeapi.co/api/v2/stat/5/,258,mudkip
2153,40,0,speed,https://pokeapi.co/api/v2/stat/6/,258,mudkip
2154,35,0,hp,https://pokeapi.co/api/v2/stat/1/,261,poochyena
2155,55,1,attack,https://pokeapi.co/api/v2/stat/2/,261,poochyena
2156,35,0,defense,https://pokeapi.co/api/v2/stat/3/,261,poochyena
2157,30,0,special-attack,https://pokeapi.co/api/v2/stat/4/,261,poochyena
2158,30,0,special-defense,https://pokeapi.co/api/v2/stat/5/,261,poochyena
2159,35,0,speed,https://pokeapi.co/api/v2/stat/6/,261,poochyena
2160,38,0,hp,https://pokeapi.co/api/v2/stat/1/,263,zigzagoon
2161,30,0,attack,https://pokeapi.co/api/v2/stat/2/,263,zigzagoon
2162,41,0,defense,https://pokeapi.co/api/v2/stat/3/,263,zigzagoon
2163,30,0,special-attack,https://pokeapi.co/api/v2/stat/4/,263,zigzagoon
2164,41,0,special-defense,https://pokeapi.co/api/v2/stat/5/,263,zigzagoon
2165,60,1,speed,https://pokeapi.co/api/v2/stat/6/,263,zigzagoon
2166,38,0,hp,https://pokeapi.co/api/v2/stat/1/,10174,zigzagoon-galar
2167,30,0,attack,https://pokeapi.co/api/v2/stat/2/,10174,zigzagoon-galar
2168,41,0,defense,https://pokeapi.co/api/v2/stat/3/,10174,zigzagoon-galar
2169,30,0,special-attack,https://pokeapi.co/api/v2/stat/4/,10174,zigzagoon-galar
2170,41,0,special-defense,https://pokeapi.co/api/v2/stat/5/,10174,zigzagoon-galar
2171,60,1,speed,https://pokeapi.co/api/v2/stat/6/,10174,zigzagoon-galar
2172,45,1,hp,https://pokeapi.co/api/v2/stat/1/,265,wurmple
2173,45,0,attack,https://pokeapi.co/api/v2/stat/2/,265,wurmple
2174,35,0,defense,https://pokeapi.co/api/v2/stat/3/,265,wurmple
2175,20,0,special-attack,https://pokeapi.co/api/v2/stat/4/,265,wurmple
2176,30,0,special-defense,https://pokeapi.co/api/v2/stat/5/,265,wurmple
2177,20,0,speed,https://pokeapi.co/api/v2/stat/6/,265,wurmple
2178,40,0,hp,https://pokeapi.co/api/v2/stat/1/,270,lotad
2179,30,0,attack,https://pokeapi.co/api/v2/stat/2/,270,lotad
2180,30,0,defense,https://pokeapi.co/api/v2/stat/3/,270,lotad
2181,40,0,special-attack,https://pokeapi.co/api/v2/stat/4/,270,lotad
2182,50,1,special-defense,https://pokeapi.co/api/v2/stat/5/,270,lotad
2183,30,0,speed,https://pokeapi.co/api/v2/stat/6/,270,lotad
2184,40,0,hp,https://pokeapi.co/api/v2/stat/1/,273,seedot
2185,40,0,attack,https://pokeapi.co/api/v2/stat/2/,273,seedot
2186,50,1,defense,https://pokeapi.co/api/v2/stat/3/,273,seedot
2187,30,0,special-attack,https://pokeapi.co/api/v2/stat/4/,273,seedot
2188,30,0,special-defense,https://pokeapi.co/api/v2/stat/5/,273,seedot
2189,30,0,speed,https://pokeapi.co/api/v2/stat/6/,273,seedot
2190,40,0,hp,https://pokeapi.co/api/v2/stat/1/,276,taillow
2191,55,0,attack,https://pokeapi.co/api/v2/stat/2/,276,taillow
2192,30,0,defense,https://pokeapi.co/api/v2/stat/3/,276,taillow
2193,30,0,special-attack,https://pokeapi.co/api/v2/stat/4/,276,taillow
2194,30,0,special-defense,https://pokeapi.co/api/v2/stat/5/,276,taillow
2195,85,1,speed,https://pokeapi.co/api/v2/stat/6/,276,taillow
2196,40,0,hp,https://pokeapi.co/api/v2/stat/1/,278,wingull
2197,30,0,attack,https://pokeapi.co/api/v2/stat/2/,278,wingull
2198,30,0,defense,https://pokeapi.co/api/v2/stat/3/,278,wingull
2199,55,0,special-attack,https://pokeapi.co/api/v2/stat/4/,278,wingull
2200,30,0,special-defense,https://pokeapi.co/api/v2/stat/5/,278,wingull
2201,85,1,speed,https://pokeapi.co/api/v2/stat/6/,278,wingull
2202,28,0,hp,https://pokeapi.co/api/v2/stat/1/,280,ralts
2203,25,0,attack,https://pokeapi.co/api/v2/stat/2/,280,ralts
2204,25,0,defense,https://pokeapi.co/api/v2/stat/3/,280,ralts
2205,45,1,special-attack,https://pokeapi.co/api/v2/stat/4/,280,ralts
2206,35,0,special-defense,https://pokeapi.co/api/v2/stat/5/,280,ralts
2207,40,0,speed,https://pokeapi.co/api/v2/stat/6/,280,ralts
2208,40,0,hp,https://pokeapi.co/api/v2/stat/1/,283,surskit
2209,30,0,attack,https://pokeapi.co/api/v2/stat/2/,283,surskit
2210,32,0,defense,https://pokeapi.co/api/v2/stat/3/,283,surskit
2211,50,0,special-attack,https://pokeapi.co/api/v2/stat/4/,283,surskit
2212,52,0,special-defense,https://pokeapi.co/api/v2/stat/5/,283,surskit
2213,65,1,speed,https://pokeapi.co/api/v2/stat/6/,283,surskit
2214,60,1,hp,https://pokeapi.co/api/v2/stat/1/,285,shroomish
2215,40,0,attack,https://pokeapi.co/api/v2/stat/2/,285,shroomish
2216,60,0,defense,https://pokeapi.co/api/v2/stat/3/,285,shroomish
2217,40,0,special-attack,https://pokeapi.co/api/v2/stat/4/,285,shroomish
2218,60,0,special-defense,https://pokeapi.co/api/v2/stat/5/,285,shroomish
2219,35,0,speed,https://pokeapi.co/api/v2/stat/6/,285,shroomish
2220,60,1,hp,https://pokeapi.co/api/v2/stat/1/,287,slakoth
2221,60,0,attack,https://pokeapi.co/api/v2/stat/2/,287,slakoth
2222,60,0,defense,https://pokeapi.co/api/v2/stat/3/,287,slakoth
2223,35,0,special-attack,https://pokeapi.co/api/v2/stat/4/,287,slakoth
2224,35,0,special-defense,https://pokeapi.co/api/v2/stat/5/,287,slakoth
2225,30,0,speed,https://pokeapi.co/api/v2/stat/6/,287,slakoth
2226,31,0,hp,https://pokeapi.co/api/v2/stat/1/,290,nincada
2227,45,0,attack,https://pokeapi.co/api/v2/stat/2/,290,nincada
2228,90,1,defense,https://pokeapi.co/api/v2/stat/3/,290,nincada
2229,30,0,special-attack,https://pokeapi.co/api/v2/stat/4/,290,nincada
2230,30,0,special-defense,https://pokeapi.co/api/v2/stat/5/,290,nincada
2231,40,0,speed,https://pokeapi.co/api/v2/stat/6/,290,nincada
2232,64,1,hp,https://pokeapi.co/api/v2/stat/1/,293,whismur
2233,51,0,attack,https://pokeapi.co/api/v2/stat/2/,293,whismur
2234,23,0,defense,https://pokeapi.co/api/v2/stat/3/,293,whismur
2235,51,0,special-attack,https://pokeapi.co/api/v2/stat/4/,293,whismur
2236,23,0,special-defense,https://pokeapi.co/api/v2/stat/5/,293,whismur
2237,28,0,speed,https://pokeapi.co/api/v2/stat/6/,293,whismur
2238,72,1,hp,https://pokeapi.co/api/v2/stat/1/,296,makuhita
2239,60,0,attack,https://pokeapi.co/api/v2/stat/2/,296,makuhita
2240,30,0,defense,https://pokeapi.co/api/v2/stat/3/,296,makuhita
2241,20,0,special-attack,https://pokeapi.co/api/v2/stat/4/,296,makuhita
2242,30,0,special-defense,https://pokeapi.co/api/v2/stat/5/,296,makuhita
2243,25,0,speed,https://pokeapi.co/api/v2/stat/6/,296,makuhita
2244,50,1,hp,https://pokeapi.co/api/v2/stat/1/,298,azurill
2245,20,0,attack,https://pokeapi.co/api/v2/stat/2/,298,azurill
2246,40,0,defense,https://pokeapi.co/api/v2/stat/3/,298,azurill
2247,20,0,special-attack,https://pokeapi.co/api/v2/stat/4/,298,azurill
2248,40,0,special-defense,https://pokeapi.co/api/v2/stat/5/,298,azurill
2249,20,0,speed,https://pokeapi.co/api/v2/stat/6/,298,azurill
2250,30,0,hp,https://pokeapi.co/api/v2/stat/1/,299,nosepass
2251,45,0,attack,https://pokeapi.co/api/v2/stat/2/,299,nosepass
2252,135,1,defense,https://pokeapi.co/api/v2/stat/3/,299,nosepass
2253,45,0,special-attack,https://pokeapi.co/api/v2/stat/4/,299,nosepass
2254,90,0,special-defense,https://pokeapi.co/api/v2/stat/5/,299,nosepass
2255,30,0,speed,https://pokeapi.co/api/v2/stat/6/,299,nosepass
2256,50,0,hp,https://pokeapi.co/api/v2/stat/1/,300,skitty
2257,45,0,attack,https://pokeapi.co/api/v2/stat/2/,300,skitty
2258,45,0,defense,https://pokeapi.co/api/v2/stat/3/,300,skitty
2259,35,0,special-attack,https://pokeapi.co/api/v2/stat/4/,300,skitty
2260,35,0,special-defense,https://pokeapi.co/api/v2/stat/5/,300,skitty
2261,50,1,speed,https://pokeapi.co/api/v2/stat/6/,300,skitty
2262,60,0,hp,https://pokeapi.co/api/v2/stat/1/,279,pelipper
2263,50,0,attack,https://pokeapi.co/api/v2/stat/2/,279,pelipper
2264,100,2,defense,https://pokeapi.co/api/v2/stat/3/,279,pelipper
2265,95,0,special-attack,https://pokeapi.co/api/v2/stat/4/,279,pelipper
2266,70,0,special-defense,https://pokeapi.co/api/v2/stat/5/,279,pelipper
2267,65,0,speed,https://pokeapi.co/api/v2/stat/6/,279,pelipper
2268,38,0,hp,https://pokeapi.co/api/v2/stat/1/,281,kirlia
2269,35,0,attack,https://pokeapi.co/api/v2/stat/2/,281,kirlia
2270,35,0,defense,https://pokeapi.co/api/v2/stat/3/,281,kirlia
2271,65,2,special-attack,https://pokeapi.co/api/v2/stat/4/,281,kirlia
2272,55,0,special-defense,https://pokeapi.co/api/v2/stat/5/,281,kirlia
2273,50,0,speed,https://pokeapi.co/api/v2/stat/6/,281,kirlia
2274,68,0,hp,https://pokeapi.co/api/v2/stat/1/,282,gardevoir
2275,65,0,attack,https://pokeapi.co/api/v2/stat/2/,282,gardevoir
2276,65,0,defense,https://pokeapi.co/api/v2/stat/3/,282,gardevoir
2277,125,3,special-attack,https://pokeapi.co/api/v2/stat/4/,282,gardevoir
2278,115,0,special-defense,https://pokeapi.co/api/v2/stat/5/,282,gardevoir
2279,80,0,speed,https://pokeapi.co/api/v2/stat/6/,282,gardevoir
2280,68,0,hp,https://pokeapi.co/api/v2/stat/1/,10051,gardevoir-mega
2281,85,0,attack,https://pokeapi.co/api/v2/stat/2/,10051,gardevoir-mega
2282,65,0,defense,https://pokeapi.co/api/v2/stat/3/,10051,gardevoir-mega
2283,165,3,special-attack,https://pokeapi.co/api/v2/stat/4/,10051,gardevoir-mega
2284,135,0,special-defense,https://pokeapi.co/api/v2/stat/5/,10051,gardevoir-mega
2285,100,0,speed,https://pokeapi.co/api/v2/stat/6/,10051,gardevoir-mega
2286,70,0,hp,https://pokeapi.co/api/v2/stat/1/,284,masquerain
2287,60,0,attack,https://pokeapi.co/api/v2/stat/2/,284,masquerain
2288,62,0,defense,https://pokeapi.co/api/v2/stat/3/,284,masquerain
2289,100,1,special-attack,https://pokeapi.co/api/v2/stat/4/,284,masquerain
2290,82,1,special-defense,https://pokeapi.co/api/v2/stat/5/,284,masquerain
2291,80,0,speed,https://pokeapi.co/api/v2/stat/6/,284,masquerain
2292,60,0,hp,https://pokeapi.co/api/v2/stat/1/,286,breloom
2293,130,2,attack,https://pokeapi.co/api/v2/stat/2/,286,breloom
2294,80,0,defense,https://pokeapi.co/api/v2/stat/3/,286,breloom
2295,60,0,special-attack,https://pokeapi.co/api/v2/stat/4/,286,breloom
2296,60,0,special-defense,https://pokeapi.co/api/v2/stat/5/,286,breloom
2297,70,0,speed,https://pokeapi.co/api/v2/stat/6/,286,breloom
2298,80,0,hp,https://pokeapi.co/api/v2/stat/1/,288,vigoroth
2299,80,0,attack,https://pokeapi.co/api/v2/stat/2/,288,vigoroth
2300,80,0,defense,https://pokeapi.co/api/v2/stat/3/,288,vigoroth
2301,55,0,special-attack,https://pokeapi.co/api/v2/stat/4/,288,vigoroth
2302,55,0,special-defense,https://pokeapi.co/api/v2/stat/5/,288,vigoroth
2303,90,2,speed,https://pokeapi.co/api/v2/stat/6/,288,vigoroth
2304,150,3,hp,https://pokeapi.co/api/v2/stat/1/,289,slaking
2305,160,0,attack,https://pokeapi.co/api/v2/stat/2/,289,slaking
2306,100,0,defense,https://pokeapi.co/api/v2/stat/3/,289,slaking
2307,95,0,special-attack,https://pokeapi.co/api/v2/stat/4/,289,slaking
2308,65,0,special-defense,https://pokeapi.co/api/v2/stat/5/,289,slaking
2309,100,0,speed,https://pokeapi.co/api/v2/stat/6/,289,slaking
2310,61,0,hp,https://pokeapi.co/api/v2/stat/1/,291,ninjask
2311,90,0,attack,https://pokeapi.co/api/v2/stat/2/,291,ninjask
2312,45,0,defense,https://pokeapi.co/api/v2/stat/3/,291,ninjask
2313,50,0,special-attack,https://pokeapi.co/api/v2/stat/4/,291,ninjask
2314,50,0,special-defense,https://pokeapi.co/api/v2/stat/5/,291,ninjask
2315,160,2,speed,https://pokeapi.co/api/v2/stat/6/,291,ninjask
2316,1,2,hp,https://pokeapi.co/api/v2/stat/1/,292,shedinja
2317,90,0,attack,https://pokeapi.co/api/v2/stat/2/,292,shedinja
2318,45,0,defense,https://pokeapi.co/api/v2/stat/3/,292,shedinja
2319,30,0,special-attack,https://pokeapi.co/api/v2/stat/4/,292,shedinja
2320,30,0,special-defense,https://pokeapi.co/api/v2/stat/5/,292,shedinja
2321,40,0,speed,https://pokeapi.co/api/v2/stat/6/,292,shedinja
2322,84,2,hp,https://pokeapi.co/api/v2/stat/1/,294,loudred
2323,71,0,attack,https://pokeapi.co/api/v2/stat/2/,294,loudred
2324,43,0,defense,https://pokeapi.co/api/v2/stat/3/,294,loudred
2325,71,0,special-attack,https://pokeapi.co/api/v2/stat/4/,294,loudred
2326,43,0,special-defense,https://pokeapi.co/api/v2/stat/5/,294,loudred
2327,48,0,speed,https://pokeapi.co/api/v2/stat/6/,294,loudred
2328,104,3,hp,https://pokeapi.co/api/v2/stat/1/,295,exploud
2329,91,0,attack,https://pokeapi.co/api/v2/stat/2/,295,exploud
2330,63,0,defense,https://pokeapi.co/api/v2/stat/3/,295,exploud
2331,91,0,special-attack,https://pokeapi.co/api/v2/stat/4/,295,exploud
2332,73,0,special-defense,https://pokeapi.co/api/v2/stat/5/,295,exploud
2333,68,0,speed,https://pokeapi.co/api/v2/stat/6/,295,exploud
2334,144,2,hp,https://pokeapi.co/api/v2/stat/1/,297,hariyama
2335,120,0,attack,https://pokeapi.co/api/v2/stat/2/,297,hariyama
2336,60,0,defense,https://pokeapi.co/api/v2/stat/3/,297,hariyama
2337,40,0,special-attack,https://pokeapi.co/api/v2/stat/4/,297,hariyama
2338,60,0,special-defense,https://pokeapi.co/api/v2/stat/5/,297,hariyama
2339,50,0,speed,https://pokeapi.co/api/v2/stat/6/,297,hariyama
2340,50,0,hp,https://pokeapi.co/api/v2/stat/1/,302,sableye
2341,75,1,attack,https://pokeapi.co/api/v2/stat/2/,302,sableye
2342,75,1,defense,https://pokeapi.co/api/v2/stat/3/,302,sableye
2343,65,0,special-attack,https://pokeapi.co/api/v2/stat/4/,302,sableye
2344,65,0,special-defense,https://pokeapi.co/api/v2/stat/5/,302,sableye
2345,50,0,speed,https://pokeapi.co/api/v2/stat/6/,302,sableye
2346,50,0,hp,https://pokeapi.co/api/v2/stat/1/,10066,sableye-mega
2347,85,1,attack,https://pokeapi.co/api/v2/stat/2/,10066,sableye-mega
2348,125,1,defense,https://pokeapi.co/api/v2/stat/3/,10066,sableye-mega
2349,85,0,special-attack,https://pokeapi.co/api/v2/stat/4/,10066,sableye-mega
2350,115,0,special-defense,https://pokeapi.co/api/v2/stat/5/,10066,sableye-mega
2351,20,0,speed,https://pokeapi.co/api/v2/stat/6/,10066,sableye-mega
2352,50,0,hp,https://pokeapi.co/api/v2/stat/1/,303,mawile
2353,85,1,attack,https://pokeapi.co/api/v2/stat/2/,303,mawile
2354,85,1,defense,https://pokeapi.co/api/v2/stat/3/,303,mawile
2355,55,0,special-attack,https://pokeapi.co/api/v2/stat/4/,303,mawile
2356,55,0,special-defense,https://pokeapi.co/api/v2/stat/5/,303,mawile
2357,50,0,speed,https://pokeapi.co/api/v2/stat/6/,303,mawile
2358,50,0,hp,https://pokeapi.co/api/v2/stat/1/,10052,mawile-mega
2359,105,1,attack,https://pokeapi.co/api/v2/stat/2/,10052,mawile-mega
2360,125,1,defense,https://pokeapi.co/api/v2/stat/3/,10052,mawile-mega
2361,55,0,special-attack,https://pokeapi.co/api/v2/stat/4/,10052,mawile-mega
2362,95,0,special-defense,https://pokeapi.co/api/v2/stat/5/,10052,mawile-mega
2363,50,0,speed,https://pokeapi.co/api/v2/stat/6/,10052,mawile-mega
2364,50,0,hp,https://pokeapi.co/api/v2/stat/1/,304,aron
2365,70,0,attack,https://pokeapi.co/api/v2/stat/2/,304,aron
2366,100,1,defense,https://pokeapi.co/api/v2/stat/3/,304,aron
2367,40,0,special-attack,https://pokeapi.co/api/v2/stat/4/,304,aron
2368,40,0,special-defense,https://pokeapi.co/api/v2/stat/5/,304,aron
2369,30,0,speed,https://pokeapi.co/api/v2/stat/6/,304,aron
2370,30,0,hp,https://pokeapi.co/api/v2/stat/1/,307,meditite
2371,40,0,attack,https://pokeapi.co/api/v2/stat/2/,307,meditite
2372,55,0,defense,https://pokeapi.co/api/v2/stat/3/,307,meditite
2373,40,0,special-attack,https://pokeapi.co/api/v2/stat/4/,307,meditite
2374,55,0,special-defense,https://pokeapi.co/api/v2/stat/5/,307,meditite
2375,60,1,speed,https://pokeapi.co/api/v2/stat/6/,307,meditite
2376,40,0,hp,https://pokeapi.co/api/v2/stat/1/,309,electrike
2377,45,0,attack,https://pokeapi.co/api/v2/stat/2/,309,electrike
2378,40,0,defense,https://pokeapi.co/api/v2/stat/3/,309,electrike
2379,65,0,special-attack,https://pokeapi.co/api/v2/stat/4/,309,electrike
2380,40,0,special-defense,https://pokeapi.co/api/v2/stat/5/,309,electrike
2381,65,1,speed,https://pokeapi.co/api/v2/stat/6/,309,electrike
2382,60,0,hp,https://pokeapi.co/api/v2/stat/1/,311,plusle
2383,50,0,attack,https://pokeapi.co/api/v2/stat/2/,311,plusle
2384,40,0,defense,https://pokeapi.co/api/v2/stat/3/,311,plusle
2385,85,0,special-attack,https://pokeapi.co/api/v2/stat/4/,311,plusle
2386,75,0,special-defense,https://pokeapi.co/api/v2/stat/5/,311,plusle
2387,95,1,speed,https://pokeapi.co/api/v2/stat/6/,311,plusle
2388,60,0,hp,https://pokeapi.co/api/v2/stat/1/,312,minun
2389,40,0,attack,https://pokeapi.co/api/v2/stat/2/,312,minun
2390,50,0,defense,https://pokeapi.co/api/v2/stat/3/,312,minun
2391,75,0,special-attack,https://pokeapi.co/api/v2/stat/4/,312,minun
2392,85,0,special-defense,https://pokeapi.co/api/v2/stat/5/,312,minun
2393,95,1,speed,https://pokeapi.co/api/v2/stat/6/,312,minun
2394,65,0,hp,https://pokeapi.co/api/v2/stat/1/,313,volbeat
2395,73,0,attack,https://pokeapi.co/api/v2/stat/2/,313,volbeat
2396,75,0,defense,https://pokeapi.co/api/v2/stat/3/,313,volbeat
2397,47,0,special-attack,https://pokeapi.co/api/v2/stat/4/,313,volbeat
2398,85,0,special-defense,https://pokeapi.co/api/v2/stat/5/,313,volbeat
2399,85,1,speed,https://pokeapi.co/api/v2/stat/6/,313,volbeat
2400,65,0,hp,https://pokeapi.co/api/v2/stat/1/,314,illumise
2401,47,0,attack,https://pokeapi.co/api/v2/stat/2/,314,illumise
2402,75,0,defense,https://pokeapi.co/api/v2/stat/3/,314,illumise
2403,73,0,special-attack,https://pokeapi.co/api/v2/stat/4/,314,illumise
2404,85,0,special-defense,https://pokeapi.co/api/v2/stat/5/,314,illumise
2405,85,1,speed,https://pokeapi.co/api/v2/stat/6/,314,illumise
2406,70,1,hp,https://pokeapi.co/api/v2/stat/1/,316,gulpin
2407,43,0,attack,https://pokeapi.co/api/v2/stat/2/,316,gulpin
2408,53,0,defense,https://pokeapi.co/api/v2/stat/3/,316,gulpin
2409,43,0,special-attack,https://pokeapi.co/api/v2/stat/4/,316,gulpin
2410,53,0,special-defense,https://pokeapi.co/api/v2/stat/5/,316,gulpin
2411,40,0,speed,https://pokeapi.co/api/v2/stat/6/,316,gulpin
2412,45,0,hp,https://pokeapi.co/api/v2/stat/1/,318,carvanha
2413,90,1,attack,https://pokeapi.co/api/v2/stat/2/,318,carvanha
2414,20,0,defense,https://pokeapi.co/api/v2/stat/3/,318,carvanha
2415,65,0,special-attack,https://pokeapi.co/api/v2/stat/4/,318,carvanha
2416,20,0,special-defense,https://pokeapi.co/api/v2/stat/5/,318,carvanha
2417,65,0,speed,https://pokeapi.co/api/v2/stat/6/,318,carvanha
2418,130,1,hp,https://pokeapi.co/api/v2/stat/1/,320,wailmer
2419,70,0,attack,https://pokeapi.co/api/v2/stat/2/,320,wailmer
2420,35,0,defense,https://pokeapi.co/api/v2/stat/3/,320,wailmer
2421,70,0,special-attack,https://pokeapi.co/api/v2/stat/4/,320,wailmer
2422,35,0,special-defense,https://pokeapi.co/api/v2/stat/5/,320,wailmer
2423,60,0,speed,https://pokeapi.co/api/v2/stat/6/,320,wailmer
2424,60,0,hp,https://pokeapi.co/api/v2/stat/1/,322,numel
2425,60,0,attack,https://pokeapi.co/api/v2/stat/2/,322,numel
2426,40,0,defense,https://pokeapi.co/api/v2/stat/3/,322,numel
2427,65,1,special-attack,https://pokeapi.co/api/v2/stat/4/,322,numel
2428,45,0,special-defense,https://pokeapi.co/api/v2/stat/5/,322,numel
2429,35,0,speed,https://pokeapi.co/api/v2/stat/6/,322,numel
2430,70,0,hp,https://pokeapi.co/api/v2/stat/1/,324,torkoal
2431,85,0,attack,https://pokeapi.co/api/v2/stat/2/,324,torkoal
2432,140,2,defense,https://pokeapi.co/api/v2/stat/3/,324,torkoal
2433,85,0,special-attack,https://pokeapi.co/api/v2/stat/4/,324,torkoal
2434,70,0,special-defense,https://pokeapi.co/api/v2/stat/5/,324,torkoal
2435,20,0,speed,https://pokeapi.co/api/v2/stat/6/,324,torkoal
2436,60,0,hp,https://pokeapi.co/api/v2/stat/1/,325,spoink
2437,25,0,attack,https://pokeapi.co/api/v2/stat/2/,325,spoink
2438,35,0,defense,https://pokeapi.co/api/v2/stat/3/,325,spoink
2439,70,0,special-attack,https://pokeapi.co/api/v2/stat/4/,325,spoink
2440,80,1,special-defense,https://pokeapi.co/api/v2/stat/5/,325,spoink
2441,60,0,speed,https://pokeapi.co/api/v2/stat/6/,325,spoink
2442,60,0,hp,https://pokeapi.co/api/v2/stat/1/,327,spinda
2443,60,0,attack,https://pokeapi.co/api/v2/stat/2/,327,spinda
2444,60,0,defense,https://pokeapi.co/api/v2/stat/3/,327,spinda
2445,60,1,special-attack,https://pokeapi.co/api/v2/stat/4/,327,spinda
2446,60,0,special-defense,https://pokeapi.co/api/v2/stat/5/,327,spinda
2447,60,0,speed,https://pokeapi.co/api/v2/stat/6/,327,spinda
2448,45,0,hp,https://pokeapi.co/api/v2/stat/1/,328,trapinch
2449,100,1,attack,https://pokeapi.co/api/v2/stat/2/,328,trapinch
2450,45,0,defense,https://pokeapi.co/api/v2/stat/3/,328,trapinch
2451,45,0,special-attack,https://pokeapi.co/api/v2/stat/4/,328,trapinch
2452,45,0,special-defense,https://pokeapi.co/api/v2/stat/5/,328,trapinch
2453,10,0,speed,https://pokeapi.co/api/v2/stat/6/,328,trapinch
2454,50,0,hp,https://pokeapi.co/api/v2/stat/1/,331,cacnea
2455,85,0,attack,https://pokeapi.co/api/v2/stat/2/,331,cacnea
2456,40,0,defense,https://pokeapi.co/api/v2/stat/3/,331,cacnea
2457,85,1,special-attack,https://pokeapi.co/api/v2/stat/4/,331,cacnea
2458,40,0,special-defense,https://pokeapi.co/api/v2/stat/5/,331,cacnea
2459,35,0,speed,https://pokeapi.co/api/v2/stat/6/,331,cacnea
2460,45,0,hp,https://pokeapi.co/api/v2/stat/1/,333,swablu
2461,40,0,attack,https://pokeapi.co/api/v2/stat/2/,333,swablu
2462,60,0,defense,https://pokeapi.co/api/v2/stat/3/,333,swablu
2463,40,0,special-attack,https://pokeapi.co/api/v2/stat/4/,333,swablu
2464,75,1,special-defense,https://pokeapi.co/api/v2/stat/5/,333,swablu
2465,50,0,speed,https://pokeapi.co/api/v2/stat/6/,333,swablu
2466,73,0,hp,https://pokeapi.co/api/v2/stat/1/,335,zangoose
2467,115,2,attack,https://pokeapi.co/api/v2/stat/2/,335,zangoose
2468,60,0,defense,https://pokeapi.co/api/v2/stat/3/,335,zangoose
2469,60,0,special-attack,https://pokeapi.co/api/v2/stat/4/,335,zangoose
2470,60,0,special-defense,https://pokeapi.co/api/v2/stat/5/,335,zangoose
2471,90,0,speed,https://pokeapi.co/api/v2/stat/6/,335,zangoose
2472,73,0,hp,https://pokeapi.co/api/v2/stat/1/,336,seviper
2473,100,1,attack,https://pokeapi.co/api/v2/stat/2/,336,seviper
2474,60,0,defense,https://pokeapi.co/api/v2/stat/3/,336,seviper
2475,100,1,special-attack,https://pokeapi.co/api/v2/stat/4/,336,seviper
2476,60,0,special-defense,https://pokeapi.co/api/v2/stat/5/,336,seviper
2477,65,0,speed,https://pokeapi.co/api/v2/stat/6/,336,seviper
2478,90,0,hp,https://pokeapi.co/api/v2/stat/1/,337,lunatone
2479,55,0,attack,https://pokeapi.co/api/v2/stat/2/,337,lunatone
2480,65,0,defense,https://pokeapi.co/api/v2/stat/3/,337,lunatone
2481,95,2,special-attack,https://pokeapi.co/api/v2/stat/4/,337,lunatone
2482,85,0,special-defense,https://pokeapi.co/api/v2/stat/5/,337,lunatone
2483,70,0,speed,https://pokeapi.co/api/v2/stat/6/,337,lunatone
2484,90,0,hp,https://pokeapi.co/api/v2/stat/1/,338,solrock
2485,95,2,attack,https://pokeapi.co/api/v2/stat/2/,338,solrock
2486,85,0,defense,https://pokeapi.co/api/v2/stat/3/,338,solrock
2487,55,0,special-attack,https://pokeapi.co/api/v2/stat/4/,338,solrock
2488,65,0,special-defense,https://pokeapi.co/api/v2/stat/5/,338,solrock
2489,70,0,speed,https://pokeapi.co/api/v2/stat/6/,338,solrock
2490,50,1,hp,https://pokeapi.co/api/v2/stat/1/,339,barboach
2491,48,0,attack,https://pokeapi.co/api/v2/stat/2/,339,barboach
2492,43,0,defense,https://pokeapi.co/api/v2/stat/3/,339,barboach
2493,46,0,special-attack,https://pokeapi.co/api/v2/stat/4/,339,barboach
2494,41,0,special-defense,https://pokeapi.co/api/v2/stat/5/,339,barboach
2495,60,0,speed,https://pokeapi.co/api/v2/stat/6/,339,barboach
2496,43,0,hp,https://pokeapi.co/api/v2/stat/1/,341,corphish
2497,80,1,attack,https://pokeapi.co/api/v2/stat/2/,341,corphish
2498,65,0,defense,https://pokeapi.co/api/v2/stat/3/,341,corphish
2499,50,0,special-attack,https://pokeapi.co/api/v2/stat/4/,341,corphish
2500,35,0,special-defense,https://pokeapi.co/api/v2/stat/5/,341,corphish
2501,35,0,speed,https://pokeapi.co/api/v2/stat/6/,341,corphish
2502,40,0,hp,https://pokeapi.co/api/v2/stat/1/,343,baltoy
2503,40,0,attack,https://pokeapi.co/api/v2/stat/2/,343,baltoy
2504,55,0,defense,https://pokeapi.co/api/v2/stat/3/,343,baltoy
2505,40,0,special-attack,https://pokeapi.co/api/v2/stat/4/,343,baltoy
2506,70,1,special-defense,https://pokeapi.co/api/v2/stat/5/,343,baltoy
2507,55,0,speed,https://pokeapi.co/api/v2/stat/6/,343,baltoy
2508,66,0,hp,https://pokeapi.co/api/v2/stat/1/,345,lileep
2509,41,0,attack,https://pokeapi.co/api/v2/stat/2/,345,lileep
2510,77,0,defense,https://pokeapi.co/api/v2/stat/3/,345,lileep
2511,61,0,special-attack,https://pokeapi.co/api/v2/stat/4/,345,lileep
2512,87,1,special-defense,https://pokeapi.co/api/v2/stat/5/,345,lileep
2513,23,0,speed,https://pokeapi.co/api/v2/stat/6/,345,lileep
2514,45,0,hp,https://pokeapi.co/api/v2/stat/1/,347,anorith
2515,95,1,attack,https://pokeapi.co/api/v2/stat/2/,347,anorith
2516,50,0,defense,https://pokeapi.co/api/v2/stat/3/,347,anorith
2517,40,0,special-attack,https://pokeapi.co/api/v2/stat/4/,347,anorith
2518,50,0,special-defense,https://pokeapi.co/api/v2/stat/5/,347,anorith
2519,75,0,speed,https://pokeapi.co/api/v2/stat/6/,347,anorith
2520,20,0,hp,https://pokeapi.co/api/v2/stat/1/,349,feebas
2521,15,0,attack,https://pokeapi.co/api/v2/stat/2/,349,feebas
2522,20,0,defense,https://pokeapi.co/api/v2/stat/3/,349,feebas
2523,10,0,special-attack,https://pokeapi.co/api/v2/stat/4/,349,feebas
2524,55,0,special-defense,https://pokeapi.co/api/v2/stat/5/,349,feebas
2525,80,1,speed,https://pokeapi.co/api/v2/stat/6/,349,feebas
2526,70,1,hp,https://pokeapi.co/api/v2/stat/1/,351,castform
2527,70,0,attack,https://pokeapi.co/api/v2/stat/2/,351,castform
2528,70,0,defense,https://pokeapi.co/api/v2/stat/3/,351,castform
2529,70,0,special-attack,https://pokeapi.co/api/v2/stat/4/,351,castform
2530,70,0,special-defense,https://pokeapi.co/api/v2/stat/5/,351,castform
2531,70,0,speed,https://pokeapi.co/api/v2/stat/6/,351,castform
2532,70,1,hp,https://pokeapi.co/api/v2/stat/1/,10013,castform-sunny
2533,70,0,attack,https://pokeapi.co/api/v2/stat/2/,10013,castform-sunny
2534,70,0,defense,https://pokeapi.co/api/v2/stat/3/,10013,castform-sunny
2535,70,0,special-attack,https://pokeapi.co/api/v2/stat/4/,10013,castform-sunny
2536,70,0,special-defense,https://pokeapi.co/api/v2/stat/5/,10013,castform-sunny
2537,70,0,speed,https://pokeapi.co/api/v2/stat/6/,10013,castform-sunny
2538,70,1,hp,https://pokeapi.co/api/v2/stat/1/,10014,castform-rainy
2539,70,0,attack,https://pokeapi.co/api/v2/stat/2/,10014,castform-rainy
2540,70,0,defense,https://pokeapi.co/api/v2/stat/3/,10014,castform-rainy
2541,70,0,special-attack,https://pokeapi.co/api/v2/stat/4/,10014,castform-rainy
2542,70,0,special-defense,https://pokeapi.co/api/v2/stat/5/,10014,castform-rainy
2543,70,0,speed,https://pokeapi.co/api/v2/stat/6/,10014,castform-rainy
2544,70,1,hp,https://pokeapi.co/api/v2/stat/1/,10015,castform-snowy
2545,70,0,attack,https://pokeapi.co/api/v2/stat/2/,10015,castform-snowy
2546,70,0,defense,https://pokeapi.co/api/v2/stat/3/,10015,castform-snowy
2547,70,0,special-attack,https://pokeapi.co/api/v2/stat/4/,10015,castform-snowy
2548,70,0,special-defense,https://pokeapi.co/api/v2/stat/5/,10015,castform-snowy
2549,70,0,speed,https://pokeapi.co/api/v2/stat/6/,10015,castform-snowy
2550,60,0,hp,https://pokeapi.co/api/v2/stat/1/,352,kecleon
2551,90,0,attack,https://pokeapi.co/api/v2/stat/2/,352,kecleon
2552,70,0,defense,https://pokeapi.co/api/v2/stat/3/,352,kecleon
2553,60,0,special-attack,https://pokeapi.co/api/v2/stat/4/,352,kecleon
2554,120,1,special-defense,https://pokeapi.co/api/v2/stat/5/,352,kecleon
2555,40,0,speed,https://pokeapi.co/api/v2/stat/6/,352,kecleon
2556,44,0,hp,https://pokeapi.co/api/v2/stat/1/,353,shuppet
2557,75,1,attack,https://pokeapi.co/api/v2/stat/2/,353,shuppet
2558,35,0,defense,https://pokeapi.co/api/v2/stat/3/,353,shuppet
2559,63,0,special-attack,https://pokeapi.co/api/v2/stat/4/,353,shuppet
2560,33,0,special-defense,https://pokeapi.co/api/v2/stat/5/,353,shuppet
2561,45,0,speed,https://pokeapi.co/api/v2/stat/6/,353,shuppet
2562,20,0,hp,https://pokeapi.co/api/v2/stat/1/,355,duskull
2563,40,0,attack,https://pokeapi.co/api/v2/stat/2/,355,duskull
2564,90,0,defense,https://pokeapi.co/api/v2/stat/3/,355,duskull
2565,30,0,special-attack,https://pokeapi.co/api/v2/stat/4/,355,duskull
2566,90,1,special-defense,https://pokeapi.co/api/v2/stat/5/,355,duskull
2567,25,0,speed,https://pokeapi.co/api/v2/stat/6/,355,duskull
2568,99,2,hp,https://pokeapi.co/api/v2/stat/1/,357,tropius
2569,68,0,attack,https://pokeapi.co/api/v2/stat/2/,357,tropius
2570,83,0,defense,https://pokeapi.co/api/v2/stat/3/,357,tropius
2571,72,0,special-attack,https://pokeapi.co/api/v2/stat/4/,357,tropius
2572,87,0,special-defense,https://pokeapi.co/api/v2/stat/5/,357,tropius
2573,51,0,speed,https://pokeapi.co/api/v2/stat/6/,357,tropius
2574,65,0,hp,https://pokeapi.co/api/v2/stat/1/,359,absol
2575,130,2,attack,https://pokeapi.co/api/v2/stat/2/,359,absol
2576,60,0,defense,https://pokeapi.co/api/v2/stat/3/,359,absol
2577,75,0,special-attack,https://pokeapi.co/api/v2/stat/4/,359,absol
2578,60,0,special-defense,https://pokeapi.co/api/v2/stat/5/,359,absol
2579,75,0,speed,https://pokeapi.co/api/v2/stat/6/,359,absol
2580,65,0,hp,https://pokeapi.co/api/v2/stat/1/,10057,absol-mega
2581,150,2,attack,https://pokeapi.co/api/v2/stat/2/,10057,absol-mega
2582,60,0,defense,https://pokeapi.co/api/v2/stat/3/,10057,absol-mega
2583,115,0,special-attack,https://pokeapi.co/api/v2/stat/4/,10057,absol-mega
2584,60,0,special-defense,https://pokeapi.co/api/v2/stat/5/,10057,absol-mega
2585,115,0,speed,https://pokeapi.co/api/v2/stat/6/,10057,absol-mega
2586,65,0,hp,https://pokeapi.co/api/v2/stat/1/,10307,absol-mega-z
2587,154,0,attack,https://pokeapi.co/api/v2/stat/2/,10307,absol-mega-z
2588,60,0,defense,https://pokeapi.co/api/v2/stat/3/,10307,absol-mega-z
2589,75,0,special-attack,https://pokeapi.co/api/v2/stat/4/,10307,absol-mega-z
2590,60,0,special-defense,https://pokeapi.co/api/v2/stat/5/,10307,absol-mega-z
2591,151,0,speed,https://pokeapi.co/api/v2/stat/6/,10307,absol-mega-z
2592,95,1,hp,https://pokeapi.co/api/v2/stat/1/,360,wynaut
2593,23,0,attack,https://pokeapi.co/api/v2/stat/2/,360,wynaut
2594,48,0,defense,https://pokeapi.co/api/v2/stat/3/,360,wynaut
2595,23,0,special-attack,https://pokeapi.co/api/v2/stat/4/,360,wynaut
2596,48,0,special-defense,https://pokeapi.co/api/v2/stat/5/,360,wynaut
2597,23,0,speed,https://pokeapi.co/api/v2/stat/6/,360,wynaut
2598,50,1,hp,https://pokeapi.co/api/v2/stat/1/,361,snorunt
2599,50,0,attack,https://pokeapi.co/api/v2/stat/2/,361,snorunt
2600,50,0,defense,https://pokeapi.co/api/v2/stat/3/,361,snorunt
2601,50,0,special-attack,https://pokeapi.co/api/v2/stat/4/,361,snorunt
2602,50,0,special-defense,https://pokeapi.co/api/v2/stat/5/,361,snorunt
2603,50,0,speed,https://pokeapi.co/api/v2/stat/6/,361,snorunt
2604,70,1,hp,https://pokeapi.co/api/v2/stat/1/,363,spheal
2605,40,0,attack,https://pokeapi.co/api/v2/stat/2/,363,spheal
2606,50,0,defense,https://pokeapi.co/api/v2/stat/3/,363,spheal
2607,55,0,special-attack,https://pokeapi.co/api/v2/stat/4/,363,spheal
2608,50,0,special-defense,https://pokeapi.co/api/v2/stat/5/,363,spheal
2609,25,0,speed,https://pokeapi.co/api/v2/stat/6/,363,spheal
2610,35,0,hp,https://pokeapi.co/api/v2/stat/1/,366,clamperl
2611,64,0,attack,https://pokeapi.co/api/v2/stat/2/,366,clamperl
2612,85,1,defense,https://pokeapi.co/api/v2/stat/3/,366,clamperl
2613,74,0,special-attack,https://pokeapi.co/api/v2/stat/4/,366,clamperl
2614,55,0,special-defense,https://pokeapi.co/api/v2/stat/5/,366,clamperl
2615,32,0,speed,https://pokeapi.co/api/v2/stat/6/,366,clamperl
2616,100,1,hp,https://pokeapi.co/api/v2/stat/1/,369,relicanth
2617,90,0,attack,https://pokeapi.co/api/v2/stat/2/,369,relicanth
2618,130,1,defense,https://pokeapi.co/api/v2/stat/3/,369,relicanth
2619,45,0,special-attack,https://pokeapi.co/api/v2/stat/4/,369,relicanth
2620,65,0,special-defense,https://pokeapi.co/api/v2/stat/5/,369,relicanth
2621,55,0,speed,https://pokeapi.co/api/v2/stat/6/,369,relicanth
2622,43,0,hp,https://pokeapi.co/api/v2/stat/1/,370,luvdisc
2623,30,0,attack,https://pokeapi.co/api/v2/stat/2/,370,luvdisc
2624,55,0,defense,https://pokeapi.co/api/v2/stat/3/,370,luvdisc
2625,40,0,special-attack,https://pokeapi.co/api/v2/stat/4/,370,luvdisc
2626,65,0,special-defense,https://pokeapi.co/api/v2/stat/5/,370,luvdisc
2627,97,1,speed,https://pokeapi.co/api/v2/stat/6/,370,luvdisc
2628,45,0,hp,https://pokeapi.co/api/v2/stat/1/,371,bagon
2629,75,1,attack,https://pokeapi.co/api/v2/stat/2/,371,bagon
2630,60,0,defense,https://pokeapi.co/api/v2/stat/3/,371,bagon
2631,40,0,special-attack,https://pokeapi.co/api/v2/stat/4/,371,bagon
2632,30,0,special-defense,https://pokeapi.co/api/v2/stat/5/,371,bagon
2633,50,0,speed,https://pokeapi.co/api/v2/stat/6/,371,bagon
2634,40,0,hp,https://pokeapi.co/api/v2/stat/1/,374,beldum
2635,55,0,attack,https://pokeapi.co/api/v2/stat/2/,374,beldum
2636,80,1,defense,https://pokeapi.co/api/v2/stat/3/,374,beldum
2637,35,0,special-attack,https://pokeapi.co/api/v2/stat/4/,374,beldum
2638,60,0,special-defense,https://pokeapi.co/api/v2/stat/5/,374,beldum
2639,30,0,speed,https://pokeapi.co/api/v2/stat/6/,374,beldum
2640,60,0,hp,https://pokeapi.co/api/v2/stat/1/,305,lairon
2641,90,0,attack,https://pokeapi.co/api/v2/stat/2/,305,lairon
2642,140,2,defense,https://pokeapi.co/api/v2/stat/3/,305,lairon
2643,50,0,special-attack,https://pokeapi.co/api/v2/stat/4/,305,lairon
2644,50,0,special-defense,https://pokeapi.co/api/v2/stat/5/,305,lairon
2645,40,0,speed,https://pokeapi.co/api/v2/stat/6/,305,lairon
2646,80,2,hp,https://pokeapi.co/api/v2/stat/1/,362,glalie
2647,80,0,attack,https://pokeapi.co/api/v2/stat/2/,362,glalie
2648,80,0,defense,https://pokeapi.co/api/v2/stat/3/,362,glalie
2649,80,0,special-attack,https://pokeapi.co/api/v2/stat/4/,362,glalie
2650,80,0,special-defense,https://pokeapi.co/api/v2/stat/5/,362,glalie
2651,80,0,speed,https://pokeapi.co/api/v2/stat/6/,362,glalie
2652,80,2,hp,https://pokeapi.co/api/v2/stat/1/,10074,glalie-mega
2653,120,0,attack,https://pokeapi.co/api/v2/stat/2/,10074,glalie-mega
2654,80,0,defense,https://pokeapi.co/api/v2/stat/3/,10074,glalie-mega
2655,120,0,special-attack,https://pokeapi.co/api/v2/stat/4/,10074,glalie-mega
2656,80,0,special-defense,https://pokeapi.co/api/v2/stat/5/,10074,glalie-mega
2657,100,0,speed,https://pokeapi.co/api/v2/stat/6/,10074,glalie-mega
2658,90,2,hp,https://pokeapi.co/api/v2/stat/1/,364,sealeo
2659,60,0,attack,https://pokeapi.co/api/v2/stat/2/,364,sealeo
2660,70,0,defense,https://pokeapi.co/api/v2/stat/3/,364,sealeo
2661,75,0,special-attack,https://pokeapi.co/api/v2/stat/4/,364,sealeo
2662,70,0,special-defense,https://pokeapi.co/api/v2/stat/5/,364,sealeo
2663,45,0,speed,https://pokeapi.co/api/v2/stat/6/,364,sealeo
2664,110,3,hp,https://pokeapi.co/api/v2/stat/1/,365,walrein
2665,80,0,attack,https://pokeapi.co/api/v2/stat/2/,365,walrein
2666,90,0,defense,https://pokeapi.co/api/v2/stat/3/,365,walrein
2667,95,0,special-attack,https://pokeapi.co/api/v2/stat/4/,365,walrein
2668,90,0,special-defense,https://pokeapi.co/api/v2/stat/5/,365,walrein
2669,65,0,speed,https://pokeapi.co/api/v2/stat/6/,365,walrein
2670,55,0,hp,https://pokeapi.co/api/v2/stat/1/,367,huntail
2671,104,1,attack,https://pokeapi.co/api/v2/stat/2/,367,huntail
2672,105,1,defense,https://pokeapi.co/api/v2/stat/3/,367,huntail
2673,94,0,special-attack,https://pokeapi.co/api/v2/stat/4/,367,huntail
2674,75,0,special-defense,https://pokeapi.co/api/v2/stat/5/,367,huntail
2675,52,0,speed,https://pokeapi.co/api/v2/stat/6/,367,huntail
2676,55,0,hp,https://pokeapi.co/api/v2/stat/1/,368,gorebyss
2677,84,0,attack,https://pokeapi.co/api/v2/stat/2/,368,gorebyss
2678,105,0,defense,https://pokeapi.co/api/v2/stat/3/,368,gorebyss
2679,114,2,special-attack,https://pokeapi.co/api/v2/stat/4/,368,gorebyss
2680,75,0,special-defense,https://pokeapi.co/api/v2/stat/5/,368,gorebyss
2681,52,0,speed,https://pokeapi.co/api/v2/stat/6/,368,gorebyss
2682,65,0,hp,https://pokeapi.co/api/v2/stat/1/,372,shelgon
2683,95,0,attack,https://pokeapi.co/api/v2/stat/2/,372,shelgon
2684,100,2,defense,https://pokeapi.co/api/v2/stat/3/,372,shelgon
2685,60,0,special-attack,https://pokeapi.co/api/v2/stat/4/,372,shelgon
2686,50,0,special-defense,https://pokeapi.co/api/v2/stat/5/,372,shelgon
2687,50,0,speed,https://pokeapi.co/api/v2/stat/6/,372,shelgon
2688,95,0,hp,https://pokeapi.co/api/v2/stat/1/,373,salamence
2689,135,3,attack,https://pokeapi.co/api/v2/stat/2/,373,salamence
2690,80,0,defense,https://pokeapi.co/api/v2/stat/3/,373,salamence
2691,110,0,special-attack,https://pokeapi.co/api/v2/stat/4/,373,salamence
2692,80,0,special-defense,https://pokeapi.co/api/v2/stat/5/,373,salamence
2693,100,0,speed,https://pokeapi.co/api/v2/stat/6/,373,salamence
2694,95,0,hp,https://pokeapi.co/api/v2/stat/1/,10089,salamence-mega
2695,145,3,attack,https://pokeapi.co/api/v2/stat/2/,10089,salamence-mega
2696,130,0,defense,https://pokeapi.co/api/v2/stat/3/,10089,salamence-mega
2697,120,0,special-attack,https://pokeapi.co/api/v2/stat/4/,10089,salamence-mega
2698,90,0,special-defense,https://pokeapi.co/api/v2/stat/5/,10089,salamence-mega
2699,120,0,speed,https://pokeapi.co/api/v2/stat/6/,10089,salamence-mega
2700,60,0,hp,https://pokeapi.co/api/v2/stat/1/,375,metang
2701,75,0,attack,https://pokeapi.co/api/v2/stat/2/,375,metang
2702,100,2,defense,https://pokeapi.co/api/v2/stat/3/,375,metang
2703,55,0,special-attack,https://pokeapi.co/api/v2/stat/4/,375,metang
2704,80,0,special-defense,https://pokeapi.co/api/v2/stat/5/,375,metang
2705,50,0,speed,https://pokeapi.co/api/v2/stat/6/,375,metang
2706,80,0,hp,https://pokeapi.co/api/v2/stat/1/,377,regirock
2707,100,0,attack,https://pokeapi.co/api/v2/stat/2/,377,regirock
2708,200,3,defense,https://pokeapi.co/api/v2/stat/3/,377,regirock
2709,50,0,special-attack,https://pokeapi.co/api/v2/stat/4/,377,regirock
2710,100,0,special-defense,https://pokeapi.co/api/v2/stat/5/,377,regirock
2711,50,0,speed,https://pokeapi.co/api/v2/stat/6/,377,regirock
2712,80,0,hp,https://pokeapi.co/api/v2/stat/1/,378,regice
2713,50,0,attack,https://pokeapi.co/api/v2/stat/2/,378,regice
2714,100,0,defense,https://pokeapi.co/api/v2/stat/3/,378,regice
2715,100,0,special-attack,https://pokeapi.co/api/v2/stat/4/,378,regice
2716,200,3,special-defense,https://pokeapi.co/api/v2/stat/5/,378,regice
2717,50,0,speed,https://pokeapi.co/api/v2/stat/6/,378,regice
2718,80,0,hp,https://pokeapi.co/api/v2/stat/1/,379,registeel
2719,75,0,attack,https://pokeapi.co/api/v2/stat/2/,379,registeel
2720,150,2,defense,https://pokeapi.co/api/v2/stat/3/,379,registeel
2721,75,0,special-attack,https://pokeapi.co/api/v2/stat/4/,379,registeel
2722,150,1,special-defense,https://pokeapi.co/api/v2/stat/5/,379,registeel
2723,50,0,speed,https://pokeapi.co/api/v2/stat/6/,379,registeel
2724,80,0,hp,https://pokeapi.co/api/v2/stat/1/,380,latias
2725,80,0,attack,https://pokeapi.co/api/v2/stat/2/,380,latias
2726,90,0,defense,https://pokeapi.co/api/v2/stat/3/,380,latias
2727,110,0,special-attack,https://pokeapi.co/api/v2/stat/4/,380,latias
2728,130,3,special-defense,https://pokeapi.co/api/v2/stat/5/,380,latias
2729,110,0,speed,https://pokeapi.co/api/v2/stat/6/,380,latias
2730,80,0,hp,https://pokeapi.co/api/v2/stat/1/,10062,latias-mega
2731,100,0,attack,https://pokeapi.co/api/v2/stat/2/,10062,latias-mega
2732,120,0,defense,https://pokeapi.co/api/v2/stat/3/,10062,latias-mega
2733,140,0,special-attack,https://pokeapi.co/api/v2/stat/4/,10062,latias-mega
2734,150,3,special-defense,https://pokeapi.co/api/v2/stat/5/,10062,latias-mega
2735,110,0,speed,https://pokeapi.co/api/v2/stat/6/,10062,latias-mega
2736,80,0,hp,https://pokeapi.co/api/v2/stat/1/,381,latios
2737,90,0,attack,https://pokeapi.co/api/v2/stat/2/,381,latios
2738,80,0,defense,https://pokeapi.co/api/v2/stat/3/,381,latios
2739,130,3,special-attack,https://pokeapi.co/api/v2/stat/4/,381,latios
2740,110,0,special-defense,https://pokeapi.co/api/v2/stat/5/,381,latios
2741,110,0,speed,https://pokeapi.co/api/v2/stat/6/,381,latios
2742,80,0,hp,https://pokeapi.co/api/v2/stat/1/,10063,latios-mega
2743,130,0,attack,https://pokeapi.co/api/v2/stat/2/,10063,latios-mega
2744,100,0,defense,https://pokeapi.co/api/v2/stat/3/,10063,latios-mega
2745,160,3,special-attack,https://pokeapi.co/api/v2/stat/4/,10063,latios-mega
2746,120,0,special-defense,https://pokeapi.co/api/v2/stat/5/,10063,latios-mega
2747,110,0,speed,https://pokeapi.co/api/v2/stat/6/,10063,latios-mega
2748,100,0,hp,https://pokeapi.co/api/v2/stat/1/,382,kyogre
2749,100,0,attack,https://pokeapi.co/api/v2/stat/2/,382,kyogre
2750,90,0,defense,https://pokeapi.co/api/v2/stat/3/,382,kyogre
2751,150,3,special-attack,https://pokeapi.co/api/v2/stat/4/,382,kyogre
2752,140,0,special-defense,https://pokeapi.co/api/v2/stat/5/,382,kyogre
2753,90,0,speed,https://pokeapi.co/api/v2/stat/6/,382,kyogre
2754,100,0,hp,https://pokeapi.co/api/v2/stat/1/,10077,kyogre-primal
2755,150,0,attack,https://pokeapi.co/api/v2/stat/2/,10077,kyogre-primal
2756,90,0,defense,https://pokeapi.co/api/v2/stat/3/,10077,kyogre-primal
2757,180,3,special-attack,https://pokeapi.co/api/v2/stat/4/,10077,kyogre-primal
2758,160,0,special-defense,https://pokeapi.co/api/v2/stat/5/,10077,kyogre-primal
2759,90,0,speed,https://pokeapi.co/api/v2/stat/6/,10077,kyogre-primal
2760,100,0,hp,https://pokeapi.co/api/v2/stat/1/,383,groudon
2761,150,3,attack,https://pokeapi.co/api/v2/stat/2/,383,groudon
2762,140,0,defense,https://pokeapi.co/api/v2/stat/3/,383,groudon
2763,100,0,special-attack,https://pokeapi.co/api/v2/stat/4/,383,groudon
2764,90,0,special-defense,https://pokeapi.co/api/v2/stat/5/,383,groudon
2765,90,0,speed,https://pokeapi.co/api/v2/stat/6/,383,groudon
2766,100,0,hp,https://pokeapi.co/api/v2/stat/1/,10078,groudon-primal
2767,180,3,attack,https://pokeapi.co/api/v2/stat/2/,10078,groudon-primal
2768,160,0,defense,https://pokeapi.co/api/v2/stat/3/,10078,groudon-primal
2769,150,0,special-attack,https://pokeapi.co/api/v2/stat/4/,10078,groudon-primal
2770,90,0,special-defense,https://pokeapi.co/api/v2/stat/5/,10078,groudon-primal
2771,90,0,speed,https://pokeapi.co/api/v2/stat/6/,10078,groudon-primal
2772,105,0,hp,https://pokeapi.co/api/v2/stat/1/,384,rayquaza
2773,150,2,attack,https://pokeapi.co/api/v2/stat/2/,384,rayquaza
2774,90,0,defense,https://pokeapi.co/api/v2/stat/3/,384,rayquaza
2775,150,1,special-attack,https://pokeapi.co/api/v2/stat/4/,384,rayquaza
2776,90,0,special-defense,https://pokeapi.co/api/v2/stat/5/,384,rayquaza
2777,95,0,speed,https://pokeapi.co/api/v2/stat/6/,384,rayquaza
2778,105,0,hp,https://pokeapi.co/api/v2/stat/1/,10079,rayquaza-mega
2779,180,2,attack,https://pokeapi.co/api/v2/stat/2/,10079,rayquaza-mega
2780,100,0,defense,https://pokeapi.co/api/v2/stat/3/,10079,rayquaza-mega
2781,180,1,special-attack,https://pokeapi.co/api/v2/stat/4/,10079,rayquaza-mega
2782,100,0,special-defense,https://pokeapi.co/api/v2/stat/5/,10079,rayquaza-mega
2783,115,0,speed,https://pokeapi.co/api/v2/stat/6/,10079,rayquaza-mega
2784,100,3,hp,https://pokeapi.co/api/v2/stat/1/,385,jirachi
2785,100,0,attack,https://pokeapi.co/api/v2/stat/2/,385,jirachi
2786,100,0,defense,https://pokeapi.co/api/v2/stat/3/,385,jirachi
2787,100,0,special-attack,https://pokeapi.co/api/v2/stat/4/,385,jirachi
2788,100,0,special-defense,https://pokeapi.co/api/v2/stat/5/,385,jirachi
2789,100,0,speed,https://pokeapi.co/api/v2/stat/6/,385,jirachi
2790,50,0,hp,https://pokeapi.co/api/v2/stat/1/,386,deoxys-normal
2791,150,1,attack,https://pokeapi.co/api/v2/stat/2/,386,deoxys-normal
2792,50,0,defense,https://pokeapi.co/api/v2/stat/3/,386,deoxys-normal
2793,150,1,special-attack,https://pokeapi.co/api/v2/stat/4/,386,deoxys-normal
2794,50,0,special-defense,https://pokeapi.co/api/v2/stat/5/,386,deoxys-normal
2795,150,1,speed,https://pokeapi.co/api/v2/stat/6/,386,deoxys-normal
2796,50,0,hp,https://pokeapi.co/api/v2/stat/1/,10001,deoxys-attack
2797,180,2,attack,https://pokeapi.co/api/v2/stat/2/,10001,deoxys-attack
2798,20,0,defense,https://pokeapi.co/api/v2/stat/3/,10001,deoxys-attack
2799,180,1,special-attack,https://pokeapi.co/api/v2/stat/4/,10001,deoxys-attack
2800,20,0,special-defense,https://pokeapi.co/api/v2/stat/5/,10001,deoxys-attack
2801,150,0,speed,https://pokeapi.co/api/v2/stat/6/,10001,deoxys-attack
2802,50,0,hp,https://pokeapi.co/api/v2/stat/1/,10002,deoxys-defense
2803,70,0,attack,https://pokeapi.co/api/v2/stat/2/,10002,deoxys-defense
2804,160,2,defense,https://pokeapi.co/api/v2/stat/3/,10002,deoxys-defense
2805,70,0,special-attack,https://pokeapi.co/api/v2/stat/4/,10002,deoxys-defense
2806,160,1,special-defense,https://pokeapi.co/api/v2/stat/5/,10002,deoxys-defense
2807,90,0,speed,https://pokeapi.co/api/v2/stat/6/,10002,deoxys-defense
2808,50,0,hp,https://pokeapi.co/api/v2/stat/1/,10003,deoxys-speed
2809,95,0,attack,https://pokeapi.co/api/v2/stat/2/,10003,deoxys-speed
2810,90,0,defense,https://pokeapi.co/api/v2/stat/3/,10003,deoxys-speed
2811,95,0,special-attack,https://pokeapi.co/api/v2/stat/4/,10003,deoxys-speed
2812,90,0,special-defense,https://pokeapi.co/api/v2/stat/5/,10003,deoxys-speed
2813,180,3,speed,https://pokeapi.co/api/v2/stat/6/,10003,deoxys-speed
2814,50,0,hp,https://pokeapi.co/api/v2/stat/1/,253,grovyle
2815,65,0,attack,https://pokeapi.co/api/v2/stat/2/,253,grovyle
2816,45,0,defense,https://pokeapi.co/api/v2/stat/3/,253,grovyle
2817,85,0,special-attack,https://pokeapi.co/api/v2/stat/4/,253,grovyle
2818,65,0,special-defense,https://pokeapi.co/api/v2/stat/5/,253,grovyle
2819,95,2,speed,https://pokeapi.co/api/v2/stat/6/,253,grovyle
2820,70,0,hp,https://pokeapi.co/api/v2/stat/1/,254,sceptile
2821,85,0,attack,https://pokeapi.co/api/v2/stat/2/,254,sceptile
2822,65,0,defense,https://pokeapi.co/api/v2/stat/3/,254,sceptile
2823,105,0,special-attack,https://pokeapi.co/api/v2/stat/4/,254,sceptile
2824,85,0,special-defense,https://pokeapi.co/api/v2/stat/5/,254,sceptile
2825,120,3,speed,https://pokeapi.co/api/v2/stat/6/,254,sceptile
2826,70,0,hp,https://pokeapi.co/api/v2/stat/1/,10065,sceptile-mega
2827,110,0,attack,https://pokeapi.co/api/v2/stat/2/,10065,sceptile-mega
2828,75,0,defense,https://pokeapi.co/api/v2/stat/3/,10065,sceptile-mega
2829,145,0,special-attack,https://pokeapi.co/api/v2/stat/4/,10065,sceptile-mega
2830,85,0,special-defense,https://pokeapi.co/api/v2/stat/5/,10065,sceptile-mega
2831,145,3,speed,https://pokeapi.co/api/v2/stat/6/,10065,sceptile-mega
2832,60,0,hp,https://pokeapi.co/api/v2/stat/1/,256,combusken
2833,85,1,attack,https://pokeapi.co/api/v2/stat/2/,256,combusken
2834,60,0,defense,https://pokeapi.co/api/v2/stat/3/,256,combusken
2835,85,1,special-attack,https://pokeapi.co/api/v2/stat/4/,256,combusken
2836,60,0,special-defense,https://pokeapi.co/api/v2/stat/5/,256,combusken
2837,55,0,speed,https://pokeapi.co/api/v2/stat/6/,256,combusken
2838,80,0,hp,https://pokeapi.co/api/v2/stat/1/,257,blaziken
2839,120,3,attack,https://pokeapi.co/api/v2/stat/2/,257,blaziken
2840,70,0,defense,https://pokeapi.co/api/v2/stat/3/,257,blaziken
2841,110,0,special-attack,https://pokeapi.co/api/v2/stat/4/,257,blaziken
2842,70,0,special-defense,https://pokeapi.co/api/v2/stat/5/,257,blaziken
2843,80,0,speed,https://pokeapi.co/api/v2/stat/6/,257,blaziken
2844,80,0,hp,https://pokeapi.co/api/v2/stat/1/,10050,blaziken-mega
2845,160,3,attack,https://pokeapi.co/api/v2/stat/2/,10050,blaziken-mega
2846,80,0,defense,https://pokeapi.co/api/v2/stat/3/,10050,blaziken-mega
2847,130,0,special-attack,https://pokeapi.co/api/v2/stat/4/,10050,blaziken-mega
2848,80,0,special-defense,https://pokeapi.co/api/v2/stat/5/,10050,blaziken-mega
2849,100,0,speed,https://pokeapi.co/api/v2/stat/6/,10050,blaziken-mega
2850,70,0,hp,https://pokeapi.co/api/v2/stat/1/,259,marshtomp
2851,85,2,attack,https://pokeapi.co/api/v2/stat/2/,259,marshtomp
2852,70,0,defense,https://pokeapi.co/api/v2/stat/3/,259,marshtomp
2853,60,0,special-attack,https://pokeapi.co/api/v2/stat/4/,259,marshtomp
2854,70,0,special-defense,https://pokeapi.co/api/v2/stat/5/,259,marshtomp
2855,50,0,speed,https://pokeapi.co/api/v2/stat/6/,259,marshtomp
2856,100,0,hp,https://pokeapi.co/api/v2/stat/1/,260,swampert
2857,110,3,attack,https://pokeapi.co/api/v2/stat/2/,260,swampert
2858,90,0,defense,https://pokeapi.co/api/v2/stat/3/,260,swampert
2859,85,0,special-attack,https://pokeapi.co/api/v2/stat/4/,260,swampert
2860,90,0,special-defense,https://pokeapi.co/api/v2/stat/5/,260,swampert
2861,60,0,speed,https://pokeapi.co/api/v2/stat/6/,260,swampert
2862,100,0,hp,https://pokeapi.co/api/v2/stat/1/,10064,swampert-mega
2863,150,3,attack,https://pokeapi.co/api/v2/stat/2/,10064,swampert-mega
2864,110,0,defense,https://pokeapi.co/api/v2/stat/3/,10064,swampert-mega
2865,95,0,special-attack,https://pokeapi.co/api/v2/stat/4/,10064,swampert-mega
2866,110,0,special-defense,https://pokeapi.co/api/v2/stat/5/,10064,swampert-mega
2867,70,0,speed,https://pokeapi.co/api/v2/stat/6/,10064,swampert-mega
2868,70,0,hp,https://pokeapi.co/api/v2/stat/1/,262,mightyena
2869,90,2,attack,https://pokeapi.co/api/v2/stat/2/,262,mightyena
2870,70,0,defense,https://pokeapi.co/api/v2/stat/3/,262,mightyena
2871,60,0,special-attack,https://pokeapi.co/api/v2/stat/4/,262,mightyena
2872,60,0,special-defense,https://pokeapi.co/api/v2/stat/5/,262,mightyena
2873,70,0,speed,https://pokeapi.co/api/v2/stat/6/,262,mightyena
2874,78,0,hp,https://pokeapi.co/api/v2/stat/1/,264,linoone
2875,70,0,attack,https://pokeapi.co/api/v2/stat/2/,264,linoone
2876,61,0,defense,https://pokeapi.co/api/v2/stat/3/,264,linoone
2877,50,0,special-attack,https://pokeapi.co/api/v2/stat/4/,264,linoone
2878,61,0,special-defense,https://pokeapi.co/api/v2/stat/5/,264,linoone
2879,100,2,speed,https://pokeapi.co/api/v2/stat/6/,264,linoone
2880,78,0,hp,https://pokeapi.co/api/v2/stat/1/,10175,linoone-galar
2881,70,0,attack,https://pokeapi.co/api/v2/stat/2/,10175,linoone-galar
2882,61,0,defense,https://pokeapi.co/api/v2/stat/3/,10175,linoone-galar
2883,50,0,special-attack,https://pokeapi.co/api/v2/stat/4/,10175,linoone-galar
2884,61,0,special-defense,https://pokeapi.co/api/v2/stat/5/,10175,linoone-galar
2885,100,2,speed,https://pokeapi.co/api/v2/stat/6/,10175,linoone-galar
2886,50,0,hp,https://pokeapi.co/api/v2/stat/1/,266,silcoon
2887,35,0,attack,https://pokeapi.co/api/v2/stat/2/,266,silcoon
2888,55,2,defense,https://pokeapi.co/api/v2/stat/3/,266,silcoon
2889,25,0,special-attack,https://pokeapi.co/api/v2/stat/4/,266,silcoon
2890,25,0,special-defense,https://pokeapi.co/api/v2/stat/5/,266,silcoon
2891,15,0,speed,https://pokeapi.co/api/v2/stat/6/,266,silcoon
2892,60,0,hp,https://pokeapi.co/api/v2/stat/1/,267,beautifly
2893,70,0,attack,https://pokeapi.co/api/v2/stat/2/,267,beautifly
2894,50,0,defense,https://pokeapi.co/api/v2/stat/3/,267,beautifly
2895,100,3,special-attack,https://pokeapi.co/api/v2/stat/4/,267,beautifly
2896,50,0,special-defense,https://pokeapi.co/api/v2/stat/5/,267,beautifly
2897,65,0,speed,https://pokeapi.co/api/v2/stat/6/,267,beautifly
2898,50,0,hp,https://pokeapi.co/api/v2/stat/1/,268,cascoon
2899,35,0,attack,https://pokeapi.co/api/v2/stat/2/,268,cascoon
2900,55,2,defense,https://pokeapi.co/api/v2/stat/3/,268,cascoon
2901,25,0,special-attack,https://pokeapi.co/api/v2/stat/4/,268,cascoon
2902,25,0,special-defense,https://pokeapi.co/api/v2/stat/5/,268,cascoon
2903,15,0,speed,https://pokeapi.co/api/v2/stat/6/,268,cascoon
2904,60,0,hp,https://pokeapi.co/api/v2/stat/1/,269,dustox
2905,50,0,attack,https://pokeapi.co/api/v2/stat/2/,269,dustox
2906,70,0,defense,https://pokeapi.co/api/v2/stat/3/,269,dustox
2907,50,0,special-attack,https://pokeapi.co/api/v2/stat/4/,269,dustox
2908,90,3,special-defense,https://pokeapi.co/api/v2/stat/5/,269,dustox
2909,65,0,speed,https://pokeapi.co/api/v2/stat/6/,269,dustox
2910,60,0,hp,https://pokeapi.co/api/v2/stat/1/,271,lombre
2911,50,0,attack,https://pokeapi.co/api/v2/stat/2/,271,lombre
2912,50,0,defense,https://pokeapi.co/api/v2/stat/3/,271,lombre
2913,60,0,special-attack,https://pokeapi.co/api/v2/stat/4/,271,lombre
2914,70,2,special-defense,https://pokeapi.co/api/v2/stat/5/,271,lombre
2915,50,0,speed,https://pokeapi.co/api/v2/stat/6/,271,lombre
2916,80,0,hp,https://pokeapi.co/api/v2/stat/1/,272,ludicolo
2917,70,0,attack,https://pokeapi.co/api/v2/stat/2/,272,ludicolo
2918,70,0,defense,https://pokeapi.co/api/v2/stat/3/,272,ludicolo
2919,90,0,special-attack,https://pokeapi.co/api/v2/stat/4/,272,ludicolo
2920,100,3,special-defense,https://pokeapi.co/api/v2/stat/5/,272,ludicolo
2921,70,0,speed,https://pokeapi.co/api/v2/stat/6/,272,ludicolo
2922,70,0,hp,https://pokeapi.co/api/v2/stat/1/,274,nuzleaf
2923,70,2,attack,https://pokeapi.co/api/v2/stat/2/,274,nuzleaf
2924,40,0,defense,https://pokeapi.co/api/v2/stat/3/,274,nuzleaf
2925,60,0,special-attack,https://pokeapi.co/api/v2/stat/4/,274,nuzleaf
2926,40,0,special-defense,https://pokeapi.co/api/v2/stat/5/,274,nuzleaf
2927,60,0,speed,https://pokeapi.co/api/v2/stat/6/,274,nuzleaf
2928,90,0,hp,https://pokeapi.co/api/v2/stat/1/,275,shiftry
2929,100,3,attack,https://pokeapi.co/api/v2/stat/2/,275,shiftry
2930,60,0,defense,https://pokeapi.co/api/v2/stat/3/,275,shiftry
2931,90,0,special-attack,https://pokeapi.co/api/v2/stat/4/,275,shiftry
2932,60,0,special-defense,https://pokeapi.co/api/v2/stat/5/,275,shiftry
2933,80,0,speed,https://pokeapi.co/api/v2/stat/6/,275,shiftry
2934,60,0,hp,https://pokeapi.co/api/v2/stat/1/,277,swellow
2935,85,0,attack,https://pokeapi.co/api/v2/stat/2/,277,swellow
2936,60,0,defense,https://pokeapi.co/api/v2/stat/3/,277,swellow
2937,75,0,special-attack,https://pokeapi.co/api/v2/stat/4/,277,swellow
2938,50,0,special-defense,https://pokeapi.co/api/v2/stat/5/,277,swellow
2939,125,2,speed,https://pokeapi.co/api/v2/stat/6/,277,swellow
2940,70,1,hp,https://pokeapi.co/api/v2/stat/1/,301,delcatty
2941,65,0,attack,https://pokeapi.co/api/v2/stat/2/,301,delcatty
2942,65,0,defense,https://pokeapi.co/api/v2/stat/3/,301,delcatty
2943,55,0,special-attack,https://pokeapi.co/api/v2/stat/4/,301,delcatty
2944,55,0,special-defense,https://pokeapi.co/api/v2/stat/5/,301,delcatty
2945,90,1,speed,https://pokeapi.co/api/v2/stat/6/,301,delcatty
2946,70,0,hp,https://pokeapi.co/api/v2/stat/1/,306,aggron
2947,110,0,attack,https://pokeapi.co/api/v2/stat/2/,306,aggron
2948,180,3,defense,https://pokeapi.co/api/v2/stat/3/,306,aggron
2949,60,0,special-attack,https://pokeapi.co/api/v2/stat/4/,306,aggron
2950,60,0,special-defense,https://pokeapi.co/api/v2/stat/5/,306,aggron
2951,50,0,speed,https://pokeapi.co/api/v2/stat/6/,306,aggron
2952,70,0,hp,https://pokeapi.co/api/v2/stat/1/,10053,aggron-mega
2953,140,0,attack,https://pokeapi.co/api/v2/stat/2/,10053,aggron-mega
2954,230,3,defense,https://pokeapi.co/api/v2/stat/3/,10053,aggron-mega
2955,60,0,special-attack,https://pokeapi.co/api/v2/stat/4/,10053,aggron-mega
2956,80,0,special-defense,https://pokeapi.co/api/v2/stat/5/,10053,aggron-mega
2957,50,0,speed,https://pokeapi.co/api/v2/stat/6/,10053,aggron-mega
2958,60,0,hp,https://pokeapi.co/api/v2/stat/1/,308,medicham
2959,60,0,attack,https://pokeapi.co/api/v2/stat/2/,308,medicham
2960,75,0,defense,https://pokeapi.co/api/v2/stat/3/,308,medicham
2961,60,0,special-attack,https://pokeapi.co/api/v2/stat/4/,308,medicham
2962,75,0,special-defense,https://pokeapi.co/api/v2/stat/5/,308,medicham
2963,80,2,speed,https://pokeapi.co/api/v2/stat/6/,308,medicham
2964,60,0,hp,https://pokeapi.co/api/v2/stat/1/,10054,medicham-mega
2965,100,0,attack,https://pokeapi.co/api/v2/stat/2/,10054,medicham-mega
2966,85,0,defense,https://pokeapi.co/api/v2/stat/3/,10054,medicham-mega
2967,80,0,special-attack,https://pokeapi.co/api/v2/stat/4/,10054,medicham-mega
2968,85,0,special-defense,https://pokeapi.co/api/v2/stat/5/,10054,medicham-mega
2969,100,2,speed,https://pokeapi.co/api/v2/stat/6/,10054,medicham-mega
2970,70,0,hp,https://pokeapi.co/api/v2/stat/1/,310,manectric
2971,75,0,attack,https://pokeapi.co/api/v2/stat/2/,310,manectric
2972,60,0,defense,https://pokeapi.co/api/v2/stat/3/,310,manectric
2973,105,0,special-attack,https://pokeapi.co/api/v2/stat/4/,310,manectric
2974,60,0,special-defense,https://pokeapi.co/api/v2/stat/5/,310,manectric
2975,105,2,speed,https://pokeapi.co/api/v2/stat/6/,310,manectric
2976,70,0,hp,https://pokeapi.co/api/v2/stat/1/,10055,manectric-mega
2977,75,0,attack,https://pokeapi.co/api/v2/stat/2/,10055,manectric-mega
2978,80,0,defense,https://pokeapi.co/api/v2/stat/3/,10055,manectric-mega
2979,135,0,special-attack,https://pokeapi.co/api/v2/stat/4/,10055,manectric-mega
2980,80,0,special-defense,https://pokeapi.co/api/v2/stat/5/,10055,manectric-mega
2981,135,2,speed,https://pokeapi.co/api/v2/stat/6/,10055,manectric-mega
2982,50,0,hp,https://pokeapi.co/api/v2/stat/1/,315,roselia
2983,60,0,attack,https://pokeapi.co/api/v2/stat/2/,315,roselia
2984,45,0,defense,https://pokeapi.co/api/v2/stat/3/,315,roselia
2985,100,2,special-attack,https://pokeapi.co/api/v2/stat/4/,315,roselia
2986,80,0,special-defense,https://pokeapi.co/api/v2/stat/5/,315,roselia
2987,65,0,speed,https://pokeapi.co/api/v2/stat/6/,315,roselia
2988,100,2,hp,https://pokeapi.co/api/v2/stat/1/,317,swalot
2989,73,0,attack,https://pokeapi.co/api/v2/stat/2/,317,swalot
2990,83,0,defense,https://pokeapi.co/api/v2/stat/3/,317,swalot
2991,73,0,special-attack,https://pokeapi.co/api/v2/stat/4/,317,swalot
2992,83,0,special-defense,https://pokeapi.co/api/v2/stat/5/,317,swalot
2993,55,0,speed,https://pokeapi.co/api/v2/stat/6/,317,swalot
2994,70,0,hp,https://pokeapi.co/api/v2/stat/1/,319,sharpedo
2995,120,2,attack,https://pokeapi.co/api/v2/stat/2/,319,sharpedo
2996,40,0,defense,https://pokeapi.co/api/v2/stat/3/,319,sharpedo
2997,95,0,special-attack,https://pokeapi.co/api/v2/stat/4/,319,sharpedo
2998,40,0,special-defense,https://pokeapi.co/api/v2/stat/5/,319,sharpedo
2999,95,0,speed,https://pokeapi.co/api/v2/stat/6/,319,sharpedo
3000,70,0,hp,https://pokeapi.co/api/v2/stat/1/,10070,sharpedo-mega
3001,140,2,attack,https://pokeapi.co/api/v2/stat/2/,10070,sharpedo-mega
3002,70,0,defense,https://pokeapi.co/api/v2/stat/3/,10070,sharpedo-mega
3003,110,0,special-attack,https://pokeapi.co/api/v2/stat/4/,10070,sharpedo-mega
3004,65,0,special-defense,https://pokeapi.co/api/v2/stat/5/,10070,sharpedo-mega
3005,105,0,speed,https://pokeapi.co/api/v2/stat/6/,10070,sharpedo-mega
3006,170,2,hp,https://pokeapi.co/api/v2/stat/1/,321,wailord
3007,90,0,attack,https://pokeapi.co/api/v2/stat/2/,321,wailord
3008,45,0,defense,https://pokeapi.co/api/v2/stat/3/,321,wailord
3009,90,0,special-attack,https://pokeapi.co/api/v2/stat/4/,321,wailord
3010,45,0,special-defense,https://pokeapi.co/api/v2/stat/5/,321,wailord
3011,60,0,speed,https://pokeapi.co/api/v2/stat/6/,321,wailord
3012,70,0,hp,https://pokeapi.co/api/v2/stat/1/,323,camerupt
3013,100,1,attack,https://pokeapi.co/api/v2/stat/2/,323,camerupt
3014,70,0,defense,https://pokeapi.co/api/v2/stat/3/,323,camerupt
3015,105,1,special-attack,https://pokeapi.co/api/v2/stat/4/,323,camerupt
3016,75,0,special-defense,https://pokeapi.co/api/v2/stat/5/,323,camerupt
3017,40,0,speed,https://pokeapi.co/api/v2/stat/6/,323,camerupt
3018,70,0,hp,https://pokeapi.co/api/v2/stat/1/,10087,camerupt-mega
3019,120,1,attack,https://pokeapi.co/api/v2/stat/2/,10087,camerupt-mega
3020,100,0,defense,https://pokeapi.co/api/v2/stat/3/,10087,camerupt-mega
3021,145,1,special-attack,https://pokeapi.co/api/v2/stat/4/,10087,camerupt-mega
3022,105,0,special-defense,https://pokeapi.co/api/v2/stat/5/,10087,camerupt-mega
3023,20,0,speed,https://pokeapi.co/api/v2/stat/6/,10087,camerupt-mega
3024,80,0,hp,https://pokeapi.co/api/v2/stat/1/,326,grumpig
3025,45,0,attack,https://pokeapi.co/api/v2/stat/2/,326,grumpig
3026,65,0,defense,https://pokeapi.co/api/v2/stat/3/,326,grumpig
3027,90,0,special-attack,https://pokeapi.co/api/v2/stat/4/,326,grumpig
3028,110,2,special-defense,https://pokeapi.co/api/v2/stat/5/,326,grumpig
3029,80,0,speed,https://pokeapi.co/api/v2/stat/6/,326,grumpig
3030,50,0,hp,https://pokeapi.co/api/v2/stat/1/,329,vibrava
3031,70,1,attack,https://pokeapi.co/api/v2/stat/2/,329,vibrava
3032,50,0,defense,https://pokeapi.co/api/v2/stat/3/,329,vibrava
3033,50,0,special-attack,https://pokeapi.co/api/v2/stat/4/,329,vibrava
3034,50,0,special-defense,https://pokeapi.co/api/v2/stat/5/,329,vibrava
3035,70,1,speed,https://pokeapi.co/api/v2/stat/6/,329,vibrava
3036,80,0,hp,https://pokeapi.co/api/v2/stat/1/,330,flygon
3037,100,1,attack,https://pokeapi.co/api/v2/stat/2/,330,flygon
3038,80,0,defense,https://pokeapi.co/api/v2/stat/3/,330,flygon
3039,80,0,special-attack,https://pokeapi.co/api/v2/stat/4/,330,flygon
3040,80,0,special-defense,https://pokeapi.co/api/v2/stat/5/,330,flygon
3041,100,2,speed,https://pokeapi.co/api/v2/stat/6/,330,flygon
3042,70,0,hp,https://pokeapi.co/api/v2/stat/1/,332,cacturne
3043,115,1,attack,https://pokeapi.co/api/v2/stat/2/,332,cacturne
3044,60,0,defense,https://pokeapi.co/api/v2/stat/3/,332,cacturne
3045,115,1,special-attack,https://pokeapi.co/api/v2/stat/4/,332,cacturne
3046,60,0,special-defense,https://pokeapi.co/api/v2/stat/5/,332,cacturne
3047,55,0,speed,https://pokeapi.co/api/v2/stat/6/,332,cacturne
3048,75,0,hp,https://pokeapi.co/api/v2/stat/1/,334,altaria
3049,70,0,attack,https://pokeapi.co/api/v2/stat/2/,334,altaria
3050,90,0,defense,https://pokeapi.co/api/v2/stat/3/,334,altaria
3051,70,0,special-attack,https://pokeapi.co/api/v2/stat/4/,334,altaria
3052,105,2,special-defense,https://pokeapi.co/api/v2/stat/5/,334,altaria
3053,80,0,speed,https://pokeapi.co/api/v2/stat/6/,334,altaria
3054,75,0,hp,https://pokeapi.co/api/v2/stat/1/,10067,altaria-mega
3055,110,0,attack,https://pokeapi.co/api/v2/stat/2/,10067,altaria-mega
3056,110,0,defense,https://pokeapi.co/api/v2/stat/3/,10067,altaria-mega
3057,110,0,special-attack,https://pokeapi.co/api/v2/stat/4/,10067,altaria-mega
3058,105,2,special-defense,https://pokeapi.co/api/v2/stat/5/,10067,altaria-mega
3059,80,0,speed,https://pokeapi.co/api/v2/stat/6/,10067,altaria-mega
3060,110,2,hp,https://pokeapi.co/api/v2/stat/1/,340,whiscash
3061,78,0,attack,https://pokeapi.co/api/v2/stat/2/,340,whiscash
3062,73,0,defense,https://pokeapi.co/api/v2/stat/3/,340,whiscash
3063,76,0,special-attack,https://pokeapi.co/api/v2/stat/4/,340,whiscash
3064,71,0,special-defense,https://pokeapi.co/api/v2/stat/5/,340,whiscash
3065,60,0,speed,https://pokeapi.co/api/v2/stat/6/,340,whiscash
3066,63,0,hp,https://pokeapi.co/api/v2/stat/1/,342,crawdaunt
3067,120,2,attack,https://pokeapi.co/api/v2/stat/2/,342,crawdaunt
3068,85,0,defense,https://pokeapi.co/api/v2/stat/3/,342,crawdaunt
3069,90,0,special-attack,https://pokeapi.co/api/v2/stat/4/,342,crawdaunt
3070,55,0,special-defense,https://pokeapi.co/api/v2/stat/5/,342,crawdaunt
3071,55,0,speed,https://pokeapi.co/api/v2/stat/6/,342,crawdaunt
3072,60,0,hp,https://pokeapi.co/api/v2/stat/1/,344,claydol
3073,70,0,attack,https://pokeapi.co/api/v2/stat/2/,344,claydol
3074,105,0,defense,https://pokeapi.co/api/v2/stat/3/,344,claydol
3075,70,0,special-attack,https://pokeapi.co/api/v2/stat/4/,344,claydol
3076,120,2,special-defense,https://pokeapi.co/api/v2/stat/5/,344,claydol
3077,75,0,speed,https://pokeapi.co/api/v2/stat/6/,344,claydol
3078,86,0,hp,https://pokeapi.co/api/v2/stat/1/,346,cradily
3079,81,0,attack,https://pokeapi.co/api/v2/stat/2/,346,cradily
3080,97,0,defense,https://pokeapi.co/api/v2/stat/3/,346,cradily
3081,81,0,special-attack,https://pokeapi.co/api/v2/stat/4/,346,cradily
3082,107,2,special-defense,https://pokeapi.co/api/v2/stat/5/,346,cradily
3083,43,0,speed,https://pokeapi.co/api/v2/stat/6/,346,cradily
3084,75,0,hp,https://pokeapi.co/api/v2/stat/1/,348,armaldo
3085,125,2,attack,https://pokeapi.co/api/v2/stat/2/,348,armaldo
3086,100,0,defense,https://pokeapi.co/api/v2/stat/3/,348,armaldo
3087,70,0,special-attack,https://pokeapi.co/api/v2/stat/4/,348,armaldo
3088,80,0,special-defense,https://pokeapi.co/api/v2/stat/5/,348,armaldo
3089,45,0,speed,https://pokeapi.co/api/v2/stat/6/,348,armaldo
3090,40,0,hp,https://pokeapi.co/api/v2/stat/1/,356,dusclops
3091,70,0,attack,https://pokeapi.co/api/v2/stat/2/,356,dusclops
3092,130,1,defense,https://pokeapi.co/api/v2/stat/3/,356,dusclops
3093,60,0,special-attack,https://pokeapi.co/api/v2/stat/4/,356,dusclops
3094,130,1,special-defense,https://pokeapi.co/api/v2/stat/5/,356,dusclops
3095,25,0,speed,https://pokeapi.co/api/v2/stat/6/,356,dusclops
3096,75,0,hp,https://pokeapi.co/api/v2/stat/1/,358,chimecho
3097,50,0,attack,https://pokeapi.co/api/v2/stat/2/,358,chimecho
3098,80,0,defense,https://pokeapi.co/api/v2/stat/3/,358,chimecho
3099,95,1,special-attack,https://pokeapi.co/api/v2/stat/4/,358,chimecho
3100,90,1,special-defense,https://pokeapi.co/api/v2/stat/5/,358,chimecho
3101,65,0,speed,https://pokeapi.co/api/v2/stat/6/,358,chimecho
3102,75,0,hp,https://pokeapi.co/api/v2/stat/1/,10306,chimecho-mega
3103,50,0,attack,https://pokeapi.co/api/v2/stat/2/,10306,chimecho-mega
3104,110,0,defense,https://pokeapi.co/api/v2/stat/3/,10306,chimecho-mega
3105,135,0,special-attack,https://pokeapi.co/api/v2/stat/4/,10306,chimecho-mega
3106,120,0,special-defense,https://pokeapi.co/api/v2/stat/5/,10306,chimecho-mega
3107,65,0,speed,https://pokeapi.co/api/v2/stat/6/,10306,chimecho-mega
3108,80,0,hp,https://pokeapi.co/api/v2/stat/1/,376,metagross
3109,135,0,attack,https://pokeapi.co/api/v2/stat/2/,376,metagross
3110,130,3,defense,https://pokeapi.co/api/v2/stat/3/,376,metagross
3111,95,0,special-attack,https://pokeapi.co/api/v2/stat/4/,376,metagross
3112,90,0,special-defense,https://pokeapi.co/api/v2/stat/5/,376,metagross
3113,70,0,speed,https://pokeapi.co/api/v2/stat/6/,376,metagross
3114,80,0,hp,https://pokeapi.co/api/v2/stat/1/,10076,metagross-mega
3115,145,0,attack,https://pokeapi.co/api/v2/stat/2/,10076,metagross-mega
3116,150,3,defense,https://pokeapi.co/api/v2/stat/3/,10076,metagross-mega
3117,105,0,special-attack,https://pokeapi.co/api/v2/stat/4/,10076,metagross-mega
3118,110,0,special-defense,https://pokeapi.co/api/v2/stat/5/,10076,metagross-mega
3119,110,0,speed,https://pokeapi.co/api/v2/stat/6/,10076,metagross-mega
3120,55,0,hp,https://pokeapi.co/api/v2/stat/1/,387,turtwig
3121,68,1,attack,https://pokeapi.co/api/v2/stat/2/,387,turtwig
3122,64,0,defense,https://pokeapi.co/api/v2/stat/3/,387,turtwig
3123,45,0,special-attack,https://pokeapi.co/api/v2/stat/4/,387,turtwig
3124,55,0,special-defense,https://pokeapi.co/api/v2/stat/5/,387,turtwig
3125,31,0,speed,https://pokeapi.co/api/v2/stat/6/,387,turtwig
3126,44,0,hp,https://pokeapi.co/api/v2/stat/1/,390,chimchar
3127,58,0,attack,https://pokeapi.co/api/v2/stat/2/,390,chimchar
3128,44,0,defense,https://pokeapi.co/api/v2/stat/3/,390,chimchar
3129,58,0,special-attack,https://pokeapi.co/api/v2/stat/4/,390,chimchar
3130,44,0,special-defense,https://pokeapi.co/api/v2/stat/5/,390,chimchar
3131,61,1,speed,https://pokeapi.co/api/v2/stat/6/,390,chimchar
3132,53,0,hp,https://pokeapi.co/api/v2/stat/1/,393,piplup
3133,51,0,attack,https://pokeapi.co/api/v2/stat/2/,393,piplup
3134,53,0,defense,https://pokeapi.co/api/v2/stat/3/,393,piplup
3135,61,1,special-attack,https://pokeapi.co/api/v2/stat/4/,393,piplup
3136,56,0,special-defense,https://pokeapi.co/api/v2/stat/5/,393,piplup
3137,40,0,speed,https://pokeapi.co/api/v2/stat/6/,393,piplup
3138,40,0,hp,https://pokeapi.co/api/v2/stat/1/,396,starly
3139,55,0,attack,https://pokeapi.co/api/v2/stat/2/,396,starly
3140,30,0,defense,https://pokeapi.co/api/v2/stat/3/,396,starly
3141,30,0,special-attack,https://pokeapi.co/api/v2/stat/4/,396,starly
3142,30,0,special-defense,https://pokeapi.co/api/v2/stat/5/,396,starly
3143,60,1,speed,https://pokeapi.co/api/v2/stat/6/,396,starly
3144,59,1,hp,https://pokeapi.co/api/v2/stat/1/,399,bidoof
3145,45,0,attack,https://pokeapi.co/api/v2/stat/2/,399,bidoof
3146,40,0,defense,https://pokeapi.co/api/v2/stat/3/,399,bidoof
3147,35,0,special-attack,https://pokeapi.co/api/v2/stat/4/,399,bidoof
3148,40,0,special-defense,https://pokeapi.co/api/v2/stat/5/,399,bidoof
3149,31,0,speed,https://pokeapi.co/api/v2/stat/6/,399,bidoof
3150,37,0,hp,https://pokeapi.co/api/v2/stat/1/,401,kricketot
3151,25,0,attack,https://pokeapi.co/api/v2/stat/2/,401,kricketot
3152,41,1,defense,https://pokeapi.co/api/v2/stat/3/,401,kricketot
3153,25,0,special-attack,https://pokeapi.co/api/v2/stat/4/,401,kricketot
3154,41,0,special-defense,https://pokeapi.co/api/v2/stat/5/,401,kricketot
3155,25,0,speed,https://pokeapi.co/api/v2/stat/6/,401,kricketot
3156,45,0,hp,https://pokeapi.co/api/v2/stat/1/,403,shinx
3157,65,1,attack,https://pokeapi.co/api/v2/stat/2/,403,shinx
3158,34,0,defense,https://pokeapi.co/api/v2/stat/3/,403,shinx
3159,40,0,special-attack,https://pokeapi.co/api/v2/stat/4/,403,shinx
3160,34,0,special-defense,https://pokeapi.co/api/v2/stat/5/,403,shinx
3161,45,0,speed,https://pokeapi.co/api/v2/stat/6/,403,shinx
3162,40,0,hp,https://pokeapi.co/api/v2/stat/1/,406,budew
3163,30,0,attack,https://pokeapi.co/api/v2/stat/2/,406,budew
3164,35,0,defense,https://pokeapi.co/api/v2/stat/3/,406,budew
3165,50,1,special-attack,https://pokeapi.co/api/v2/stat/4/,406,budew
3166,70,0,special-defense,https://pokeapi.co/api/v2/stat/5/,406,budew
3167,55,0,speed,https://pokeapi.co/api/v2/stat/6/,406,budew
3168,67,0,hp,https://pokeapi.co/api/v2/stat/1/,408,cranidos
3169,125,1,attack,https://pokeapi.co/api/v2/stat/2/,408,cranidos
3170,40,0,defense,https://pokeapi.co/api/v2/stat/3/,408,cranidos
3171,30,0,special-attack,https://pokeapi.co/api/v2/stat/4/,408,cranidos
3172,30,0,special-defense,https://pokeapi.co/api/v2/stat/5/,408,cranidos
3173,58,0,speed,https://pokeapi.co/api/v2/stat/6/,408,cranidos
3174,30,0,hp,https://pokeapi.co/api/v2/stat/1/,410,shieldon
3175,42,0,attack,https://pokeapi.co/api/v2/stat/2/,410,shieldon
3176,118,1,defense,https://pokeapi.co/api/v2/stat/3/,410,shieldon
3177,42,0,special-attack,https://pokeapi.co/api/v2/stat/4/,410,shieldon
3178,88,0,special-defense,https://pokeapi.co/api/v2/stat/5/,410,shieldon
3179,30,0,speed,https://pokeapi.co/api/v2/stat/6/,410,shieldon
3180,40,0,hp,https://pokeapi.co/api/v2/stat/1/,412,burmy
3181,29,0,attack,https://pokeapi.co/api/v2/stat/2/,412,burmy
3182,45,0,defense,https://pokeapi.co/api/v2/stat/3/,412,burmy
3183,29,0,special-attack,https://pokeapi.co/api/v2/stat/4/,412,burmy
3184,45,1,special-defense,https://pokeapi.co/api/v2/stat/5/,412,burmy
3185,36,0,speed,https://pokeapi.co/api/v2/stat/6/,412,burmy
3186,30,0,hp,https://pokeapi.co/api/v2/stat/1/,415,combee
3187,30,0,attack,https://pokeapi.co/api/v2/stat/2/,415,combee
3188,42,0,defense,https://pokeapi.co/api/v2/stat/3/,415,combee
3189,30,0,special-attack,https://pokeapi.co/api/v2/stat/4/,415,combee
3190,42,0,special-defense,https://pokeapi.co/api/v2/stat/5/,415,combee
3191,70,1,speed,https://pokeapi.co/api/v2/stat/6/,415,combee
3192,60,0,hp,https://pokeapi.co/api/v2/stat/1/,417,pachirisu
3193,45,0,attack,https://pokeapi.co/api/v2/stat/2/,417,pachirisu
3194,70,0,defense,https://pokeapi.co/api/v2/stat/3/,417,pachirisu
3195,45,0,special-attack,https://pokeapi.co/api/v2/stat/4/,417,pachirisu
3196,90,0,special-defense,https://pokeapi.co/api/v2/stat/5/,417,pachirisu
3197,95,1,speed,https://pokeapi.co/api/v2/stat/6/,417,pachirisu
3198,55,0,hp,https://pokeapi.co/api/v2/stat/1/,418,buizel
3199,65,0,attack,https://pokeapi.co/api/v2/stat/2/,418,buizel
3200,35,0,defense,https://pokeapi.co/api/v2/stat/3/,418,buizel
3201,60,0,special-attack,https://pokeapi.co/api/v2/stat/4/,418,buizel
3202,30,0,special-defense,https://pokeapi.co/api/v2/stat/5/,418,buizel
3203,85,1,speed,https://pokeapi.co/api/v2/stat/6/,418,buizel
3204,45,0,hp,https://pokeapi.co/api/v2/stat/1/,420,cherubi
3205,35,0,attack,https://pokeapi.co/api/v2/stat/2/,420,cherubi
3206,45,0,defense,https://pokeapi.co/api/v2/stat/3/,420,cherubi
3207,62,1,special-attack,https://pokeapi.co/api/v2/stat/4/,420,cherubi
3208,53,0,special-defense,https://pokeapi.co/api/v2/stat/5/,420,cherubi
3209,35,0,speed,https://pokeapi.co/api/v2/stat/6/,420,cherubi
3210,76,1,hp,https://pokeapi.co/api/v2/stat/1/,422,shellos
3211,48,0,attack,https://pokeapi.co/api/v2/stat/2/,422,shellos
3212,48,0,defense,https://pokeapi.co/api/v2/stat/3/,422,shellos
3213,57,0,special-attack,https://pokeapi.co/api/v2/stat/4/,422,shellos
3214,62,0,special-defense,https://pokeapi.co/api/v2/stat/5/,422,shellos
3215,34,0,speed,https://pokeapi.co/api/v2/stat/6/,422,shellos
3216,90,1,hp,https://pokeapi.co/api/v2/stat/1/,425,drifloon
3217,50,0,attack,https://pokeapi.co/api/v2/stat/2/,425,drifloon
3218,34,0,defense,https://pokeapi.co/api/v2/stat/3/,425,drifloon
3219,60,0,special-attack,https://pokeapi.co/api/v2/stat/4/,425,drifloon
3220,44,0,special-defense,https://pokeapi.co/api/v2/stat/5/,425,drifloon
3221,70,0,speed,https://pokeapi.co/api/v2/stat/6/,425,drifloon
3222,55,0,hp,https://pokeapi.co/api/v2/stat/1/,427,buneary
3223,66,0,attack,https://pokeapi.co/api/v2/stat/2/,427,buneary
3224,44,0,defense,https://pokeapi.co/api/v2/stat/3/,427,buneary
3225,44,0,special-attack,https://pokeapi.co/api/v2/stat/4/,427,buneary
3226,56,0,special-defense,https://pokeapi.co/api/v2/stat/5/,427,buneary
3227,85,1,speed,https://pokeapi.co/api/v2/stat/6/,427,buneary
3228,49,0,hp,https://pokeapi.co/api/v2/stat/1/,431,glameow
3229,55,0,attack,https://pokeapi.co/api/v2/stat/2/,431,glameow
3230,42,0,defense,https://pokeapi.co/api/v2/stat/3/,431,glameow
3231,42,0,special-attack,https://pokeapi.co/api/v2/stat/4/,431,glameow
3232,37,0,special-defense,https://pokeapi.co/api/v2/stat/5/,431,glameow
3233,85,1,speed,https://pokeapi.co/api/v2/stat/6/,431,glameow
3234,45,0,hp,https://pokeapi.co/api/v2/stat/1/,433,chingling
3235,30,0,attack,https://pokeapi.co/api/v2/stat/2/,433,chingling
3236,50,0,defense,https://pokeapi.co/api/v2/stat/3/,433,chingling
3237,65,1,special-attack,https://pokeapi.co/api/v2/stat/4/,433,chingling
3238,50,0,special-defense,https://pokeapi.co/api/v2/stat/5/,433,chingling
3239,45,0,speed,https://pokeapi.co/api/v2/stat/6/,433,chingling
3240,63,0,hp,https://pokeapi.co/api/v2/stat/1/,434,stunky
3241,63,0,attack,https://pokeapi.co/api/v2/stat/2/,434,stunky
3242,47,0,defense,https://pokeapi.co/api/v2/stat/3/,434,stunky
3243,41,0,special-attack,https://pokeapi.co/api/v2/stat/4/,434,stunky
3244,41,0,special-defense,https://pokeapi.co/api/v2/stat/5/,434,stunky
3245,74,1,speed,https://pokeapi.co/api/v2/stat/6/,434,stunky
3246,57,0,hp,https://pokeapi.co/api/v2/stat/1/,436,bronzor
3247,24,0,attack,https://pokeapi.co/api/v2/stat/2/,436,bronzor
3248,86,1,defense,https://pokeapi.co/api/v2/stat/3/,436,bronzor
3249,24,0,special-attack,https://pokeapi.co/api/v2/stat/4/,436,bronzor
3250,86,0,special-defense,https://pokeapi.co/api/v2/stat/5/,436,bronzor
3251,23,0,speed,https://pokeapi.co/api/v2/stat/6/,436,bronzor
3252,50,0,hp,https://pokeapi.co/api/v2/stat/1/,438,bonsly
3253,80,0,attack,https://pokeapi.co/api/v2/stat/2/,438,bonsly
3254,95,1,defense,https://pokeapi.co/api/v2/stat/3/,438,bonsly
3255,10,0,special-attack,https://pokeapi.co/api/v2/stat/4/,438,bonsly
3256,45,0,special-defense,https://pokeapi.co/api/v2/stat/5/,438,bonsly
3257,10,0,speed,https://pokeapi.co/api/v2/stat/6/,438,bonsly
3258,20,0,hp,https://pokeapi.co/api/v2/stat/1/,439,mime-jr
3259,25,0,attack,https://pokeapi.co/api/v2/stat/2/,439,mime-jr
3260,45,0,defense,https://pokeapi.co/api/v2/stat/3/,439,mime-jr
3261,70,0,special-attack,https://pokeapi.co/api/v2/stat/4/,439,mime-jr
3262,90,1,special-defense,https://pokeapi.co/api/v2/stat/5/,439,mime-jr
3263,60,0,speed,https://pokeapi.co/api/v2/stat/6/,439,mime-jr
3264,100,1,hp,https://pokeapi.co/api/v2/stat/1/,440,happiny
3265,5,0,attack,https://pokeapi.co/api/v2/stat/2/,440,happiny
3266,5,0,defense,https://pokeapi.co/api/v2/stat/3/,440,happiny
3267,15,0,special-attack,https://pokeapi.co/api/v2/stat/4/,440,happiny
3268,65,0,special-defense,https://pokeapi.co/api/v2/stat/5/,440,happiny
3269,30,0,speed,https://pokeapi.co/api/v2/stat/6/,440,happiny
3270,76,0,hp,https://pokeapi.co/api/v2/stat/1/,441,chatot
3271,65,1,attack,https://pokeapi.co/api/v2/stat/2/,441,chatot
3272,45,0,defense,https://pokeapi.co/api/v2/stat/3/,441,chatot
3273,92,0,special-attack,https://pokeapi.co/api/v2/stat/4/,441,chatot
3274,42,0,special-defense,https://pokeapi.co/api/v2/stat/5/,441,chatot
3275,91,0,speed,https://pokeapi.co/api/v2/stat/6/,441,chatot
3276,50,0,hp,https://pokeapi.co/api/v2/stat/1/,442,spiritomb
3277,92,0,attack,https://pokeapi.co/api/v2/stat/2/,442,spiritomb
3278,108,1,defense,https://pokeapi.co/api/v2/stat/3/,442,spiritomb
3279,92,0,special-attack,https://pokeapi.co/api/v2/stat/4/,442,spiritomb
3280,108,1,special-defense,https://pokeapi.co/api/v2/stat/5/,442,spiritomb
3281,35,0,speed,https://pokeapi.co/api/v2/stat/6/,442,spiritomb
3282,58,0,hp,https://pokeapi.co/api/v2/stat/1/,443,gible
3283,70,1,attack,https://pokeapi.co/api/v2/stat/2/,443,gible
3284,45,0,defense,https://pokeapi.co/api/v2/stat/3/,443,gible
3285,40,0,special-attack,https://pokeapi.co/api/v2/stat/4/,443,gible
3286,45,0,special-defense,https://pokeapi.co/api/v2/stat/5/,443,gible
3287,42,0,speed,https://pokeapi.co/api/v2/stat/6/,443,gible
3288,135,1,hp,https://pokeapi.co/api/v2/stat/1/,446,munchlax
3289,85,0,attack,https://pokeapi.co/api/v2/stat/2/,446,munchlax
3290,40,0,defense,https://pokeapi.co/api/v2/stat/3/,446,munchlax
3291,40,0,special-attack,https://pokeapi.co/api/v2/stat/4/,446,munchlax
3292,85,0,special-defense,https://pokeapi.co/api/v2/stat/5/,446,munchlax
3293,5,0,speed,https://pokeapi.co/api/v2/stat/6/,446,munchlax
3294,40,0,hp,https://pokeapi.co/api/v2/stat/1/,447,riolu
3295,70,1,attack,https://pokeapi.co/api/v2/stat/2/,447,riolu
3296,40,0,defense,https://pokeapi.co/api/v2/stat/3/,447,riolu
3297,35,0,special-attack,https://pokeapi.co/api/v2/stat/4/,447,riolu
3298,40,0,special-defense,https://pokeapi.co/api/v2/stat/5/,447,riolu
3299,60,0,speed,https://pokeapi.co/api/v2/stat/6/,447,riolu
3300,68,0,hp,https://pokeapi.co/api/v2/stat/1/,449,hippopotas
3301,72,0,attack,https://pokeapi.co/api/v2/stat/2/,449,hippopotas
3302,78,1,defense,https://pokeapi.co/api/v2/stat/3/,449,hippopotas
3303,38,0,special-attack,https://pokeapi.co/api/v2/stat/4/,449,hippopotas
3304,42,0,special-defense,https://pokeapi.co/api/v2/stat/5/,449,hippopotas
3305,32,0,speed,https://pokeapi.co/api/v2/stat/6/,449,hippopotas
3306,40,0,hp,https://pokeapi.co/api/v2/stat/1/,451,skorupi
3307,50,0,attack,https://pokeapi.co/api/v2/stat/2/,451,skorupi
3308,90,1,defense,https://pokeapi.co/api/v2/stat/3/,451,skorupi
3309,30,0,special-attack,https://pokeapi.co/api/v2/stat/4/,451,skorupi
3310,55,0,special-defense,https://pokeapi.co/api/v2/stat/5/,451,skorupi
3311,65,0,speed,https://pokeapi.co/api/v2/stat/6/,451,skorupi
3312,48,0,hp,https://pokeapi.co/api/v2/stat/1/,453,croagunk
3313,61,1,attack,https://pokeapi.co/api/v2/stat/2/,453,croagunk
3314,40,0,defense,https://pokeapi.co/api/v2/stat/3/,453,croagunk
3315,61,0,special-attack,https://pokeapi.co/api/v2/stat/4/,453,croagunk
3316,40,0,special-defense,https://pokeapi.co/api/v2/stat/5/,453,croagunk
3317,50,0,speed,https://pokeapi.co/api/v2/stat/6/,453,croagunk
3318,75,0,hp,https://pokeapi.co/api/v2/stat/1/,388,grotle
3319,89,1,attack,https://pokeapi.co/api/v2/stat/2/,388,grotle
3320,85,1,defense,https://pokeapi.co/api/v2/stat/3/,388,grotle
3321,55,0,special-attack,https://pokeapi.co/api/v2/stat/4/,388,grotle
3322,65,0,special-defense,https://pokeapi.co/api/v2/stat/5/,388,grotle
3323,36,0,speed,https://pokeapi.co/api/v2/stat/6/,388,grotle
3324,64,0,hp,https://pokeapi.co/api/v2/stat/1/,391,monferno
3325,78,0,attack,https://pokeapi.co/api/v2/stat/2/,391,monferno
3326,52,0,defense,https://pokeapi.co/api/v2/stat/3/,391,monferno
3327,78,1,special-attack,https://pokeapi.co/api/v2/stat/4/,391,monferno
3328,52,0,special-defense,https://pokeapi.co/api/v2/stat/5/,391,monferno
3329,81,1,speed,https://pokeapi.co/api/v2/stat/6/,391,monferno
3330,76,0,hp,https://pokeapi.co/api/v2/stat/1/,392,infernape
3331,104,1,attack,https://pokeapi.co/api/v2/stat/2/,392,infernape
3332,71,0,defense,https://pokeapi.co/api/v2/stat/3/,392,infernape
3333,104,1,special-attack,https://pokeapi.co/api/v2/stat/4/,392,infernape
3334,71,0,special-defense,https://pokeapi.co/api/v2/stat/5/,392,infernape
3335,108,1,speed,https://pokeapi.co/api/v2/stat/6/,392,infernape
3336,64,0,hp,https://pokeapi.co/api/v2/stat/1/,394,prinplup
3337,66,0,attack,https://pokeapi.co/api/v2/stat/2/,394,prinplup
3338,68,0,defense,https://pokeapi.co/api/v2/stat/3/,394,prinplup
3339,81,2,special-attack,https://pokeapi.co/api/v2/stat/4/,394,prinplup
3340,76,0,special-defense,https://pokeapi.co/api/v2/stat/5/,394,prinplup
3341,50,0,speed,https://pokeapi.co/api/v2/stat/6/,394,prinplup
3342,85,0,hp,https://pokeapi.co/api/v2/stat/1/,398,staraptor
3343,120,3,attack,https://pokeapi.co/api/v2/stat/2/,398,staraptor
3344,70,0,defense,https://pokeapi.co/api/v2/stat/3/,398,staraptor
3345,50,0,special-attack,https://pokeapi.co/api/v2/stat/4/,398,staraptor
3346,60,0,special-defense,https://pokeapi.co/api/v2/stat/5/,398,staraptor
3347,100,0,speed,https://pokeapi.co/api/v2/stat/6/,398,staraptor
3348,85,0,hp,https://pokeapi.co/api/v2/stat/1/,10308,staraptor-mega
3349,140,0,attack,https://pokeapi.co/api/v2/stat/2/,10308,staraptor-mega
3350,100,0,defense,https://pokeapi.co/api/v2/stat/3/,10308,staraptor-mega
3351,60,0,special-attack,https://pokeapi.co/api/v2/stat/4/,10308,staraptor-mega
3352,90,0,special-defense,https://pokeapi.co/api/v2/stat/5/,10308,staraptor-mega
3353,110,0,speed,https://pokeapi.co/api/v2/stat/6/,10308,staraptor-mega
3354,79,0,hp,https://pokeapi.co/api/v2/stat/1/,400,bibarel
3355,85,2,attack,https://pokeapi.co/api/v2/stat/2/,400,bibarel
3356,60,0,defense,https://pokeapi.co/api/v2/stat/3/,400,bibarel
3357,55,0,special-attack,https://pokeapi.co/api/v2/stat/4/,400,bibarel
3358,60,0,special-defense,https://pokeapi.co/api/v2/stat/5/,400,bibarel
3359,71,0,speed,https://pokeapi.co/api/v2/stat/6/,400,bibarel
3360,77,0,hp,https://pokeapi.co/api/v2/stat/1/,402,kricketune
3361,85,2,attack,https://pokeapi.co/api/v2/stat/2/,402,kricketune
3362,51,0,defense,https://pokeapi.co/api/v2/stat/3/,402,kricketune
3363,55,0,special-attack,https://pokeapi.co/api/v2/stat/4/,402,kricketune
3364,51,0,special-defense,https://pokeapi.co/api/v2/stat/5/,402,kricketune
3365,65,0,speed,https://pokeapi.co/api/v2/stat/6/,402,kricketune
3366,60,0,hp,https://pokeapi.co/api/v2/stat/1/,404,luxio
3367,85,2,attack,https://pokeapi.co/api/v2/stat/2/,404,luxio
3368,49,0,defense,https://pokeapi.co/api/v2/stat/3/,404,luxio
3369,60,0,special-attack,https://pokeapi.co/api/v2/stat/4/,404,luxio
3370,49,0,special-defense,https://pokeapi.co/api/v2/stat/5/,404,luxio
3371,60,0,speed,https://pokeapi.co/api/v2/stat/6/,404,luxio
3372,80,0,hp,https://pokeapi.co/api/v2/stat/1/,405,luxray
3373,120,3,attack,https://pokeapi.co/api/v2/stat/2/,405,luxray
3374,79,0,defense,https://pokeapi.co/api/v2/stat/3/,405,luxray
3375,95,0,special-attack,https://pokeapi.co/api/v2/stat/4/,405,luxray
3376,79,0,special-defense,https://pokeapi.co/api/v2/stat/5/,405,luxray
3377,70,0,speed,https://pokeapi.co/api/v2/stat/6/,405,luxray
3378,60,0,hp,https://pokeapi.co/api/v2/stat/1/,407,roserade
3379,70,0,attack,https://pokeapi.co/api/v2/stat/2/,407,roserade
3380,65,0,defense,https://pokeapi.co/api/v2/stat/3/,407,roserade
3381,125,3,special-attack,https://pokeapi.co/api/v2/stat/4/,407,roserade
3382,105,0,special-defense,https://pokeapi.co/api/v2/stat/5/,407,roserade
3383,90,0,speed,https://pokeapi.co/api/v2/stat/6/,407,roserade
3384,97,0,hp,https://pokeapi.co/api/v2/stat/1/,409,rampardos
3385,165,2,attack,https://pokeapi.co/api/v2/stat/2/,409,rampardos
3386,60,0,defense,https://pokeapi.co/api/v2/stat/3/,409,rampardos
3387,65,0,special-attack,https://pokeapi.co/api/v2/stat/4/,409,rampardos
3388,50,0,special-defense,https://pokeapi.co/api/v2/stat/5/,409,rampardos
3389,58,0,speed,https://pokeapi.co/api/v2/stat/6/,409,rampardos
3390,60,0,hp,https://pokeapi.co/api/v2/stat/1/,411,bastiodon
3391,52,0,attack,https://pokeapi.co/api/v2/stat/2/,411,bastiodon
3392,168,2,defense,https://pokeapi.co/api/v2/stat/3/,411,bastiodon
3393,47,0,special-attack,https://pokeapi.co/api/v2/stat/4/,411,bastiodon
3394,138,0,special-defense,https://pokeapi.co/api/v2/stat/5/,411,bastiodon
3395,30,0,speed,https://pokeapi.co/api/v2/stat/6/,411,bastiodon
3396,60,0,hp,https://pokeapi.co/api/v2/stat/1/,413,wormadam-plant
3397,59,0,attack,https://pokeapi.co/api/v2/stat/2/,413,wormadam-plant
3398,85,0,defense,https://pokeapi.co/api/v2/stat/3/,413,wormadam-plant
3399,79,0,special-attack,https://pokeapi.co/api/v2/stat/4/,413,wormadam-plant
3400,105,2,special-defense,https://pokeapi.co/api/v2/stat/5/,413,wormadam-plant
3401,36,0,speed,https://pokeapi.co/api/v2/stat/6/,413,wormadam-plant
3402,60,0,hp,https://pokeapi.co/api/v2/stat/1/,10004,wormadam-sandy
3403,79,0,attack,https://pokeapi.co/api/v2/stat/2/,10004,wormadam-sandy
3404,105,2,defense,https://pokeapi.co/api/v2/stat/3/,10004,wormadam-sandy
3405,59,0,special-attack,https://pokeapi.co/api/v2/stat/4/,10004,wormadam-sandy
3406,85,0,special-defense,https://pokeapi.co/api/v2/stat/5/,10004,wormadam-sandy
3407,36,0,speed,https://pokeapi.co/api/v2/stat/6/,10004,wormadam-sandy
3408,60,0,hp,https://pokeapi.co/api/v2/stat/1/,10005,wormadam-trash
3409,69,0,attack,https://pokeapi.co/api/v2/stat/2/,10005,wormadam-trash
3410,95,1,defense,https://pokeapi.co/api/v2/stat/3/,10005,wormadam-trash
3411,69,0,special-attack,https://pokeapi.co/api/v2/stat/4/,10005,wormadam-trash
3412,95,1,special-defense,https://pokeapi.co/api/v2/stat/5/,10005,wormadam-trash
3413,36,0,speed,https://pokeapi.co/api/v2/stat/6/,10005,wormadam-trash
3414,70,0,hp,https://pokeapi.co/api/v2/stat/1/,414,mothim
3415,94,1,attack,https://pokeapi.co/api/v2/stat/2/,414,mothim
3416,50,0,defense,https://pokeapi.co/api/v2/stat/3/,414,mothim
3417,94,1,special-attack,https://pokeapi.co/api/v2/stat/4/,414,mothim
3418,50,0,special-defense,https://pokeapi.co/api/v2/stat/5/,414,mothim
3419,66,0,speed,https://pokeapi.co/api/v2/stat/6/,414,mothim
3420,70,0,hp,https://pokeapi.co/api/v2/stat/1/,416,vespiquen
3421,80,0,attack,https://pokeapi.co/api/v2/stat/2/,416,vespiquen
3422,102,1,defense,https://pokeapi.co/api/v2/stat/3/,416,vespiquen
3423,80,0,special-attack,https://pokeapi.co/api/v2/stat/4/,416,vespiquen
3424,102,1,special-defense,https://pokeapi.co/api/v2/stat/5/,416,vespiquen
3425,40,0,speed,https://pokeapi.co/api/v2/stat/6/,416,vespiquen
3426,85,0,hp,https://pokeapi.co/api/v2/stat/1/,419,floatzel
3427,105,0,attack,https://pokeapi.co/api/v2/stat/2/,419,floatzel
3428,55,0,defense,https://pokeapi.co/api/v2/stat/3/,419,floatzel
3429,85,0,special-attack,https://pokeapi.co/api/v2/stat/4/,419,floatzel
3430,50,0,special-defense,https://pokeapi.co/api/v2/stat/5/,419,floatzel
3431,115,2,speed,https://pokeapi.co/api/v2/stat/6/,419,floatzel
3432,70,0,hp,https://pokeapi.co/api/v2/stat/1/,421,cherrim
3433,60,0,attack,https://pokeapi.co/api/v2/stat/2/,421,cherrim
3434,70,0,defense,https://pokeapi.co/api/v2/stat/3/,421,cherrim
3435,87,2,special-attack,https://pokeapi.co/api/v2/stat/4/,421,cherrim
3436,78,0,special-defense,https://pokeapi.co/api/v2/stat/5/,421,cherrim
3437,85,0,speed,https://pokeapi.co/api/v2/stat/6/,421,cherrim
3438,111,2,hp,https://pokeapi.co/api/v2/stat/1/,423,gastrodon
3439,83,0,attack,https://pokeapi.co/api/v2/stat/2/,423,gastrodon
3440,68,0,defense,https://pokeapi.co/api/v2/stat/3/,423,gastrodon
3441,92,0,special-attack,https://pokeapi.co/api/v2/stat/4/,423,gastrodon
3442,82,0,special-defense,https://pokeapi.co/api/v2/stat/5/,423,gastrodon
3443,39,0,speed,https://pokeapi.co/api/v2/stat/6/,423,gastrodon
3444,75,0,hp,https://pokeapi.co/api/v2/stat/1/,424,ambipom
3445,100,0,attack,https://pokeapi.co/api/v2/stat/2/,424,ambipom
3446,66,0,defense,https://pokeapi.co/api/v2/stat/3/,424,ambipom
3447,60,0,special-attack,https://pokeapi.co/api/v2/stat/4/,424,ambipom
3448,66,0,special-defense,https://pokeapi.co/api/v2/stat/5/,424,ambipom
3449,115,2,speed,https://pokeapi.co/api/v2/stat/6/,424,ambipom
3450,150,2,hp,https://pokeapi.co/api/v2/stat/1/,426,drifblim
3451,80,0,attack,https://pokeapi.co/api/v2/stat/2/,426,drifblim
3452,44,0,defense,https://pokeapi.co/api/v2/stat/3/,426,drifblim
3453,90,0,special-attack,https://pokeapi.co/api/v2/stat/4/,426,drifblim
3454,54,0,special-defense,https://pokeapi.co/api/v2/stat/5/,426,drifblim
3455,80,0,speed,https://pokeapi.co/api/v2/stat/6/,426,drifblim
3456,65,0,hp,https://pokeapi.co/api/v2/stat/1/,428,lopunny
3457,76,0,attack,https://pokeapi.co/api/v2/stat/2/,428,lopunny
3458,84,0,defense,https://pokeapi.co/api/v2/stat/3/,428,lopunny
3459,54,0,special-attack,https://pokeapi.co/api/v2/stat/4/,428,lopunny
3460,96,0,special-defense,https://pokeapi.co/api/v2/stat/5/,428,lopunny
3461,105,2,speed,https://pokeapi.co/api/v2/stat/6/,428,lopunny
3462,65,0,hp,https://pokeapi.co/api/v2/stat/1/,10088,lopunny-mega
3463,136,0,attack,https://pokeapi.co/api/v2/stat/2/,10088,lopunny-mega
3464,94,0,defense,https://pokeapi.co/api/v2/stat/3/,10088,lopunny-mega
3465,54,0,special-attack,https://pokeapi.co/api/v2/stat/4/,10088,lopunny-mega
3466,96,0,special-defense,https://pokeapi.co/api/v2/stat/5/,10088,lopunny-mega
3467,135,2,speed,https://pokeapi.co/api/v2/stat/6/,10088,lopunny-mega
3468,60,0,hp,https://pokeapi.co/api/v2/stat/1/,429,mismagius
3469,60,0,attack,https://pokeapi.co/api/v2/stat/2/,429,mismagius
3470,60,0,defense,https://pokeapi.co/api/v2/stat/3/,429,mismagius
3471,105,1,special-attack,https://pokeapi.co/api/v2/stat/4/,429,mismagius
3472,105,1,special-defense,https://pokeapi.co/api/v2/stat/5/,429,mismagius
3473,105,0,speed,https://pokeapi.co/api/v2/stat/6/,429,mismagius
3474,100,0,hp,https://pokeapi.co/api/v2/stat/1/,430,honchkrow
3475,125,2,attack,https://pokeapi.co/api/v2/stat/2/,430,honchkrow
3476,52,0,defense,https://pokeapi.co/api/v2/stat/3/,430,honchkrow
3477,105,0,special-attack,https://pokeapi.co/api/v2/stat/4/,430,honchkrow
3478,52,0,special-defense,https://pokeapi.co/api/v2/stat/5/,430,honchkrow
3479,71,0,speed,https://pokeapi.co/api/v2/stat/6/,430,honchkrow
3480,71,0,hp,https://pokeapi.co/api/v2/stat/1/,432,purugly
3481,82,0,attack,https://pokeapi.co/api/v2/stat/2/,432,purugly
3482,64,0,defense,https://pokeapi.co/api/v2/stat/3/,432,purugly
3483,64,0,special-attack,https://pokeapi.co/api/v2/stat/4/,432,purugly
3484,59,0,special-defense,https://pokeapi.co/api/v2/stat/5/,432,purugly
3485,112,2,speed,https://pokeapi.co/api/v2/stat/6/,432,purugly
3486,103,2,hp,https://pokeapi.co/api/v2/stat/1/,435,skuntank
3487,93,0,attack,https://pokeapi.co/api/v2/stat/2/,435,skuntank
3488,67,0,defense,https://pokeapi.co/api/v2/stat/3/,435,skuntank
3489,71,0,special-attack,https://pokeapi.co/api/v2/stat/4/,435,skuntank
3490,61,0,special-defense,https://pokeapi.co/api/v2/stat/5/,435,skuntank
3491,84,0,speed,https://pokeapi.co/api/v2/stat/6/,435,skuntank
3492,67,0,hp,https://pokeapi.co/api/v2/stat/1/,437,bronzong
3493,89,0,attack,https://pokeapi.co/api/v2/stat/2/,437,bronzong
3494,116,1,defense,https://pokeapi.co/api/v2/stat/3/,437,bronzong
3495,79,0,special-attack,https://pokeapi.co/api/v2/stat/4/,437,bronzong
3496,116,1,special-defense,https://pokeapi.co/api/v2/stat/5/,437,bronzong
3497,33,0,speed,https://pokeapi.co/api/v2/stat/6/,437,bronzong
3498,68,0,hp,https://pokeapi.co/api/v2/stat/1/,444,gabite
3499,90,2,attack,https://pokeapi.co/api/v2/stat/2/,444,gabite
3500,65,0,defense,https://pokeapi.co/api/v2/stat/3/,444,gabite
3501,50,0,special-attack,https://pokeapi.co/api/v2/stat/4/,444,gabite
3502,55,0,special-defense,https://pokeapi.co/api/v2/stat/5/,444,gabite
3503,82,0,speed,https://pokeapi.co/api/v2/stat/6/,444,gabite
3504,108,0,hp,https://pokeapi.co/api/v2/stat/1/,445,garchomp
3505,130,3,attack,https://pokeapi.co/api/v2/stat/2/,445,garchomp
3506,95,0,defense,https://pokeapi.co/api/v2/stat/3/,445,garchomp
3507,80,0,special-attack,https://pokeapi.co/api/v2/stat/4/,445,garchomp
3508,85,0,special-defense,https://pokeapi.co/api/v2/stat/5/,445,garchomp
3509,102,0,speed,https://pokeapi.co/api/v2/stat/6/,445,garchomp
3510,108,0,hp,https://pokeapi.co/api/v2/stat/1/,10058,garchomp-mega
3511,170,3,attack,https://pokeapi.co/api/v2/stat/2/,10058,garchomp-mega
3512,115,0,defense,https://pokeapi.co/api/v2/stat/3/,10058,garchomp-mega
3513,120,0,special-attack,https://pokeapi.co/api/v2/stat/4/,10058,garchomp-mega
3514,95,0,special-defense,https://pokeapi.co/api/v2/stat/5/,10058,garchomp-mega
3515,92,0,speed,https://pokeapi.co/api/v2/stat/6/,10058,garchomp-mega
3516,108,0,hp,https://pokeapi.co/api/v2/stat/1/,10309,garchomp-mega-z
3517,130,0,attack,https://pokeapi.co/api/v2/stat/2/,10309,garchomp-mega-z
3518,85,0,defense,https://pokeapi.co/api/v2/stat/3/,10309,garchomp-mega-z
3519,141,0,special-attack,https://pokeapi.co/api/v2/stat/4/,10309,garchomp-mega-z
3520,85,0,special-defense,https://pokeapi.co/api/v2/stat/5/,10309,garchomp-mega-z
3521,151,0,speed,https://pokeapi.co/api/v2/stat/6/,10309,garchomp-mega-z
3522,70,0,hp,https://pokeapi.co/api/v2/stat/1/,448,lucario
3523,110,1,attack,https://pokeapi.co/api/v2/stat/2/,448,lucario
3524,70,0,defense,https://pokeapi.co/api/v2/stat/3/,448,lucario
3525,115,1,special-attack,https://pokeapi.co/api/v2/stat/4/,448,lucario
3526,70,0,special-defense,https://pokeapi.co/api/v2/stat/5/,448,lucario
3527,90,0,speed,https://pokeapi.co/api/v2/stat/6/,448,lucario
3528,70,0,hp,https://pokeapi.co/api/v2/stat/1/,10059,lucario-mega
3529,145,1,attack,https://pokeapi.co/api/v2/stat/2/,10059,lucario-mega
3530,88,0,defense,https://pokeapi.co/api/v2/stat/3/,10059,lucario-mega
3531,140,1,special-attack,https://pokeapi.co/api/v2/stat/4/,10059,lucario-mega
3532,70,0,special-defense,https://pokeapi.co/api/v2/stat/5/,10059,lucario-mega
3533,112,0,speed,https://pokeapi.co/api/v2/stat/6/,10059,lucario-mega
3534,70,0,hp,https://pokeapi.co/api/v2/stat/1/,10310,lucario-mega-z
3535,100,0,attack,https://pokeapi.co/api/v2/stat/2/,10310,lucario-mega-z
3536,70,0,defense,https://pokeapi.co/api/v2/stat/3/,10310,lucario-mega-z
3537,164,0,special-attack,https://pokeapi.co/api/v2/stat/4/,10310,lucario-mega-z
3538,70,0,special-defense,https://pokeapi.co/api/v2/stat/5/,10310,lucario-mega-z
3539,151,0,speed,https://pokeapi.co/api/v2/stat/6/,10310,lucario-mega-z
3540,108,0,hp,https://pokeapi.co/api/v2/stat/1/,450,hippowdon
3541,112,0,attack,https://pokeapi.co/api/v2/stat/2/,450,hippowdon
3542,118,2,defense,https://pokeapi.co/api/v2/stat/3/,450,hippowdon
3543,68,0,special-attack,https://pokeapi.co/api/v2/stat/4/,450,hippowdon
3544,72,0,special-defense,https://pokeapi.co/api/v2/stat/5/,450,hippowdon
3545,47,0,speed,https://pokeapi.co/api/v2/stat/6/,450,hippowdon
3546,70,0,hp,https://pokeapi.co/api/v2/stat/1/,452,drapion
3547,90,0,attack,https://pokeapi.co/api/v2/stat/2/,452,drapion
3548,110,2,defense,https://pokeapi.co/api/v2/stat/3/,452,drapion
3549,60,0,special-attack,https://pokeapi.co/api/v2/stat/4/,452,drapion
3550,75,0,special-defense,https://pokeapi.co/api/v2/stat/5/,452,drapion
3551,95,0,speed,https://pokeapi.co/api/v2/stat/6/,452,drapion
3552,74,0,hp,https://pokeapi.co/api/v2/stat/1/,455,carnivine
3553,100,2,attack,https://pokeapi.co/api/v2/stat/2/,455,carnivine
3554,72,0,defense,https://pokeapi.co/api/v2/stat/3/,455,carnivine
3555,90,0,special-attack,https://pokeapi.co/api/v2/stat/4/,455,carnivine
3556,72,0,special-defense,https://pokeapi.co/api/v2/stat/5/,455,carnivine
3557,46,0,speed,https://pokeapi.co/api/v2/stat/6/,455,carnivine
3558,49,0,hp,https://pokeapi.co/api/v2/stat/1/,456,finneon
3559,49,0,attack,https://pokeapi.co/api/v2/stat/2/,456,finneon
3560,56,0,defense,https://pokeapi.co/api/v2/stat/3/,456,finneon
3561,49,0,special-attack,https://pokeapi.co/api/v2/stat/4/,456,finneon
3562,61,0,special-defense,https://pokeapi.co/api/v2/stat/5/,456,finneon
3563,66,1,speed,https://pokeapi.co/api/v2/stat/6/,456,finneon
3564,45,0,hp,https://pokeapi.co/api/v2/stat/1/,458,mantyke
3565,20,0,attack,https://pokeapi.co/api/v2/stat/2/,458,mantyke
3566,50,0,defense,https://pokeapi.co/api/v2/stat/3/,458,mantyke
3567,60,0,special-attack,https://pokeapi.co/api/v2/stat/4/,458,mantyke
3568,120,1,special-defense,https://pokeapi.co/api/v2/stat/5/,458,mantyke
3569,50,0,speed,https://pokeapi.co/api/v2/stat/6/,458,mantyke
3570,60,0,hp,https://pokeapi.co/api/v2/stat/1/,459,snover
3571,62,1,attack,https://pokeapi.co/api/v2/stat/2/,459,snover
3572,50,0,defense,https://pokeapi.co/api/v2/stat/3/,459,snover
3573,62,0,special-attack,https://pokeapi.co/api/v2/stat/4/,459,snover
3574,60,0,special-defense,https://pokeapi.co/api/v2/stat/5/,459,snover
3575,40,0,speed,https://pokeapi.co/api/v2/stat/6/,459,snover
3576,50,0,hp,https://pokeapi.co/api/v2/stat/1/,479,rotom
3577,50,0,attack,https://pokeapi.co/api/v2/stat/2/,479,rotom
3578,77,0,defense,https://pokeapi.co/api/v2/stat/3/,479,rotom
3579,95,1,special-attack,https://pokeapi.co/api/v2/stat/4/,479,rotom
3580,77,0,special-defense,https://pokeapi.co/api/v2/stat/5/,479,rotom
3581,91,1,speed,https://pokeapi.co/api/v2/stat/6/,479,rotom
3582,50,0,hp,https://pokeapi.co/api/v2/stat/1/,10008,rotom-heat
3583,65,0,attack,https://pokeapi.co/api/v2/stat/2/,10008,rotom-heat
3584,107,0,defense,https://pokeapi.co/api/v2/stat/3/,10008,rotom-heat
3585,105,1,special-attack,https://pokeapi.co/api/v2/stat/4/,10008,rotom-heat
3586,107,0,special-defense,https://pokeapi.co/api/v2/stat/5/,10008,rotom-heat
3587,86,1,speed,https://pokeapi.co/api/v2/stat/6/,10008,rotom-heat
3588,50,0,hp,https://pokeapi.co/api/v2/stat/1/,10009,rotom-wash
3589,65,0,attack,https://pokeapi.co/api/v2/stat/2/,10009,rotom-wash
3590,107,0,defense,https://pokeapi.co/api/v2/stat/3/,10009,rotom-wash
3591,105,1,special-attack,https://pokeapi.co/api/v2/stat/4/,10009,rotom-wash
3592,107,0,special-defense,https://pokeapi.co/api/v2/stat/5/,10009,rotom-wash
3593,86,1,speed,https://pokeapi.co/api/v2/stat/6/,10009,rotom-wash
3594,50,0,hp,https://pokeapi.co/api/v2/stat/1/,10010,rotom-frost
3595,65,0,attack,https://pokeapi.co/api/v2/stat/2/,10010,rotom-frost
3596,107,0,defense,https://pokeapi.co/api/v2/stat/3/,10010,rotom-frost
3597,105,1,special-attack,https://pokeapi.co/api/v2/stat/4/,10010,rotom-frost
3598,107,0,special-defense,https://pokeapi.co/api/v2/stat/5/,10010,rotom-frost
3599,86,1,speed,https://pokeapi.co/api/v2/stat/6/,10010,rotom-frost
3600,50,0,hp,https://pokeapi.co/api/v2/stat/1/,10011,rotom-fan
3601,65,0,attack,https://pokeapi.co/api/v2/stat/2/,10011,rotom-fan
3602,107,0,defense,https://pokeapi.co/api/v2/stat/3/,10011,rotom-fan
3603,105,1,special-attack,https://pokeapi.co/api/v2/stat/4/,10011,rotom-fan
3604,107,0,special-defense,https://pokeapi.co/api/v2/stat/5/,10011,rotom-fan
3605,86,1,speed,https://pokeapi.co/api/v2/stat/6/,10011,rotom-fan
3606,50,0,hp,https://pokeapi.co/api/v2/stat/1/,10012,rotom-mow
3607,65,0,attack,https://pokeapi.co/api/v2/stat/2/,10012,rotom-mow
3608,107,0,defense,https://pokeapi.co/api/v2/stat/3/,10012,rotom-mow
3609,105,1,special-attack,https://pokeapi.co/api/v2/stat/4/,10012,rotom-mow
3610,107,0,special-defense,https://pokeapi.co/api/v2/stat/5/,10012,rotom-mow
3611,86,1,speed,https://pokeapi.co/api/v2/stat/6/,10012,rotom-mow
3612,75,0,hp,https://pokeapi.co/api/v2/stat/1/,480,uxie
3613,75,0,attack,https://pokeapi.co/api/v2/stat/2/,480,uxie
3614,130,2,defense,https://pokeapi.co/api/v2/stat/3/,480,uxie
3615,75,0,special-attack,https://pokeapi.co/api/v2/stat/4/,480,uxie
3616,130,1,special-defense,https://pokeapi.co/api/v2/stat/5/,480,uxie
3617,95,0,speed,https://pokeapi.co/api/v2/stat/6/,480,uxie
3618,80,0,hp,https://pokeapi.co/api/v2/stat/1/,481,mesprit
3619,105,1,attack,https://pokeapi.co/api/v2/stat/2/,481,mesprit
3620,105,0,defense,https://pokeapi.co/api/v2/stat/3/,481,mesprit
3621,105,1,special-attack,https://pokeapi.co/api/v2/stat/4/,481,mesprit
3622,105,1,special-defense,https://pokeapi.co/api/v2/stat/5/,481,mesprit
3623,80,0,speed,https://pokeapi.co/api/v2/stat/6/,481,mesprit
3624,75,0,hp,https://pokeapi.co/api/v2/stat/1/,482,azelf
3625,125,2,attack,https://pokeapi.co/api/v2/stat/2/,482,azelf
3626,70,0,defense,https://pokeapi.co/api/v2/stat/3/,482,azelf
3627,125,1,special-attack,https://pokeapi.co/api/v2/stat/4/,482,azelf
3628,70,0,special-defense,https://pokeapi.co/api/v2/stat/5/,482,azelf
3629,115,0,speed,https://pokeapi.co/api/v2/stat/6/,482,azelf
3630,100,0,hp,https://pokeapi.co/api/v2/stat/1/,483,dialga
3631,120,0,attack,https://pokeapi.co/api/v2/stat/2/,483,dialga
3632,120,0,defense,https://pokeapi.co/api/v2/stat/3/,483,dialga
3633,150,3,special-attack,https://pokeapi.co/api/v2/stat/4/,483,dialga
3634,100,0,special-defense,https://pokeapi.co/api/v2/stat/5/,483,dialga
3635,90,0,speed,https://pokeapi.co/api/v2/stat/6/,483,dialga
3636,100,0,hp,https://pokeapi.co/api/v2/stat/1/,10245,dialga-origin
3637,100,0,attack,https://pokeapi.co/api/v2/stat/2/,10245,dialga-origin
3638,120,0,defense,https://pokeapi.co/api/v2/stat/3/,10245,dialga-origin
3639,150,3,special-attack,https://pokeapi.co/api/v2/stat/4/,10245,dialga-origin
3640,120,0,special-defense,https://pokeapi.co/api/v2/stat/5/,10245,dialga-origin
3641,90,0,speed,https://pokeapi.co/api/v2/stat/6/,10245,dialga-origin
3642,90,0,hp,https://pokeapi.co/api/v2/stat/1/,484,palkia
3643,120,0,attack,https://pokeapi.co/api/v2/stat/2/,484,palkia
3644,100,0,defense,https://pokeapi.co/api/v2/stat/3/,484,palkia
3645,150,3,special-attack,https://pokeapi.co/api/v2/stat/4/,484,palkia
3646,120,0,special-defense,https://pokeapi.co/api/v2/stat/5/,484,palkia
3647,100,0,speed,https://pokeapi.co/api/v2/stat/6/,484,palkia
3648,90,0,hp,https://pokeapi.co/api/v2/stat/1/,10246,palkia-origin
3649,100,0,attack,https://pokeapi.co/api/v2/stat/2/,10246,palkia-origin
3650,100,0,defense,https://pokeapi.co/api/v2/stat/3/,10246,palkia-origin
3651,150,3,special-attack,https://pokeapi.co/api/v2/stat/4/,10246,palkia-origin
3652,120,0,special-defense,https://pokeapi.co/api/v2/stat/5/,10246,palkia-origin
3653,120,0,speed,https://pokeapi.co/api/v2/stat/6/,10246,palkia-origin
3654,91,0,hp,https://pokeapi.co/api/v2/stat/1/,485,heatran
3655,90,0,attack,https://pokeapi.co/api/v2/stat/2/,485,heatran
3656,106,0,defense,https://pokeapi.co/api/v2/stat/3/,485,heatran
3657,130,3,special-attack,https://pokeapi.co/api/v2/stat/4/,485,heatran
3658,106,0,special-defense,https://pokeapi.co/api/v2/stat/5/,485,heatran
3659,77,0,speed,https://pokeapi.co/api/v2/stat/6/,485,heatran
3660,91,0,hp,https://pokeapi.co/api/v2/stat/1/,10311,heatran-mega
3661,120,0,attack,https://pokeapi.co/api/v2/stat/2/,10311,heatran-mega
3662,106,0,defense,https://pokeapi.co/api/v2/stat/3/,10311,heatran-mega
3663,175,0,special-attack,https://pokeapi.co/api/v2/stat/4/,10311,heatran-mega
3664,141,0,special-defense,https://pokeapi.co/api/v2/stat/5/,10311,heatran-mega
3665,67,0,speed,https://pokeapi.co/api/v2/stat/6/,10311,heatran-mega
3666,110,0,hp,https://pokeapi.co/api/v2/stat/1/,486,regigigas
3667,160,3,attack,https://pokeapi.co/api/v2/stat/2/,486,regigigas
3668,110,0,defense,https://pokeapi.co/api/v2/stat/3/,486,regigigas
3669,80,0,special-attack,https://pokeapi.co/api/v2/stat/4/,486,regigigas
3670,110,0,special-defense,https://pokeapi.co/api/v2/stat/5/,486,regigigas
3671,100,0,speed,https://pokeapi.co/api/v2/stat/6/,486,regigigas
3672,150,3,hp,https://pokeapi.co/api/v2/stat/1/,487,giratina-altered
3673,100,0,attack,https://pokeapi.co/api/v2/stat/2/,487,giratina-altered
3674,120,0,defense,https://pokeapi.co/api/v2/stat/3/,487,giratina-altered
3675,100,0,special-attack,https://pokeapi.co/api/v2/stat/4/,487,giratina-altered
3676,120,0,special-defense,https://pokeapi.co/api/v2/stat/5/,487,giratina-altered
3677,90,0,speed,https://pokeapi.co/api/v2/stat/6/,487,giratina-altered
3678,150,3,hp,https://pokeapi.co/api/v2/stat/1/,10007,giratina-origin
3679,120,0,attack,https://pokeapi.co/api/v2/stat/2/,10007,giratina-origin
3680,100,0,defense,https://pokeapi.co/api/v2/stat/3/,10007,giratina-origin
3681,120,0,special-attack,https://pokeapi.co/api/v2/stat/4/,10007,giratina-origin
3682,100,0,special-defense,https://pokeapi.co/api/v2/stat/5/,10007,giratina-origin
3683,90,0,speed,https://pokeapi.co/api/v2/stat/6/,10007,giratina-origin
3684,120,0,hp,https://pokeapi.co/api/v2/stat/1/,488,cresselia
3685,70,0,attack,https://pokeapi.co/api/v2/stat/2/,488,cresselia
3686,110,0,defense,https://pokeapi.co/api/v2/stat/3/,488,cresselia
3687,75,0,special-attack,https://pokeapi.co/api/v2/stat/4/,488,cresselia
3688,120,3,special-defense,https://pokeapi.co/api/v2/stat/5/,488,cresselia
3689,85,0,speed,https://pokeapi.co/api/v2/stat/6/,488,cresselia
3690,80,1,hp,https://pokeapi.co/api/v2/stat/1/,489,phione
3691,80,0,attack,https://pokeapi.co/api/v2/stat/2/,489,phione
3692,80,0,defense,https://pokeapi.co/api/v2/stat/3/,489,phione
3693,80,0,special-attack,https://pokeapi.co/api/v2/stat/4/,489,phione
3694,80,0,special-defense,https://pokeapi.co/api/v2/stat/5/,489,phione
3695,80,0,speed,https://pokeapi.co/api/v2/stat/6/,489,phione
3696,100,3,hp,https://pokeapi.co/api/v2/stat/1/,490,manaphy
3697,100,0,attack,https://pokeapi.co/api/v2/stat/2/,490,manaphy
3698,100,0,defense,https://pokeapi.co/api/v2/stat/3/,490,manaphy
3699,100,0,special-attack,https://pokeapi.co/api/v2/stat/4/,490,manaphy
3700,100,0,special-defense,https://pokeapi.co/api/v2/stat/5/,490,manaphy
3701,100,0,speed,https://pokeapi.co/api/v2/stat/6/,490,manaphy
3702,70,0,hp,https://pokeapi.co/api/v2/stat/1/,491,darkrai
3703,90,0,attack,https://pokeapi.co/api/v2/stat/2/,491,darkrai
3704,90,0,defense,https://pokeapi.co/api/v2/stat/3/,491,darkrai
3705,135,2,special-attack,https://pokeapi.co/api/v2/stat/4/,491,darkrai
3706,90,0,special-defense,https://pokeapi.co/api/v2/stat/5/,491,darkrai
3707,125,1,speed,https://pokeapi.co/api/v2/stat/6/,491,darkrai
3708,70,0,hp,https://pokeapi.co/api/v2/stat/1/,10312,darkrai-mega
3709,120,0,attack,https://pokeapi.co/api/v2/stat/2/,10312,darkrai-mega
3710,130,0,defense,https://pokeapi.co/api/v2/stat/3/,10312,darkrai-mega
3711,165,0,special-attack,https://pokeapi.co/api/v2/stat/4/,10312,darkrai-mega
3712,130,0,special-defense,https://pokeapi.co/api/v2/stat/5/,10312,darkrai-mega
3713,85,0,speed,https://pokeapi.co/api/v2/stat/6/,10312,darkrai-mega
3714,100,3,hp,https://pokeapi.co/api/v2/stat/1/,492,shaymin-land
3715,100,0,attack,https://pokeapi.co/api/v2/stat/2/,492,shaymin-land
3716,100,0,defense,https://pokeapi.co/api/v2/stat/3/,492,shaymin-land
3717,100,0,special-attack,https://pokeapi.co/api/v2/stat/4/,492,shaymin-land
3718,100,0,special-defense,https://pokeapi.co/api/v2/stat/5/,492,shaymin-land
3719,100,0,speed,https://pokeapi.co/api/v2/stat/6/,492,shaymin-land
3720,100,0,hp,https://pokeapi.co/api/v2/stat/1/,10006,shaymin-sky
3721,103,0,attack,https://pokeapi.co/api/v2/stat/2/,10006,shaymin-sky
3722,75,0,defense,https://pokeapi.co/api/v2/stat/3/,10006,shaymin-sky
3723,120,0,special-attack,https://pokeapi.co/api/v2/stat/4/,10006,shaymin-sky
3724,75,0,special-defense,https://pokeapi.co/api/v2/stat/5/,10006,shaymin-sky
3725,127,3,speed,https://pokeapi.co/api/v2/stat/6/,10006,shaymin-sky
3726,120,3,hp,https://pokeapi.co/api/v2/stat/1/,493,arceus
3727,120,0,attack,https://pokeapi.co/api/v2/stat/2/,493,arceus
3728,120,0,defense,https://pokeapi.co/api/v2/stat/3/,493,arceus
3729,120,0,special-attack,https://pokeapi.co/api/v2/stat/4/,493,arceus
3730,120,0,special-defense,https://pokeapi.co/api/v2/stat/5/,493,arceus
3731,120,0,speed,https://pokeapi.co/api/v2/stat/6/,493,arceus
3732,69,0,hp,https://pokeapi.co/api/v2/stat/1/,457,lumineon
3733,69,0,attack,https://pokeapi.co/api/v2/stat/2/,457,lumineon
3734,76,0,defense,https://pokeapi.co/api/v2/stat/3/,457,lumineon
3735,69,0,special-attack,https://pokeapi.co/api/v2/stat/4/,457,lumineon
3736,86,0,special-defense,https://pokeapi.co/api/v2/stat/5/,457,lumineon
3737,91,2,speed,https://pokeapi.co/api/v2/stat/6/,457,lumineon
3738,90,0,hp,https://pokeapi.co/api/v2/stat/1/,460,abomasnow
3739,92,1,attack,https://pokeapi.co/api/v2/stat/2/,460,abomasnow
3740,75,0,defense,https://pokeapi.co/api/v2/stat/3/,460,abomasnow
3741,92,1,special-attack,https://pokeapi.co/api/v2/stat/4/,460,abomasnow
3742,85,0,special-defense,https://pokeapi.co/api/v2/stat/5/,460,abomasnow
3743,60,0,speed,https://pokeapi.co/api/v2/stat/6/,460,abomasnow
3744,90,0,hp,https://pokeapi.co/api/v2/stat/1/,10060,abomasnow-mega
3745,132,1,attack,https://pokeapi.co/api/v2/stat/2/,10060,abomasnow-mega
3746,105,0,defense,https://pokeapi.co/api/v2/stat/3/,10060,abomasnow-mega
3747,132,1,special-attack,https://pokeapi.co/api/v2/stat/4/,10060,abomasnow-mega
3748,105,0,special-defense,https://pokeapi.co/api/v2/stat/5/,10060,abomasnow-mega
3749,30,0,speed,https://pokeapi.co/api/v2/stat/6/,10060,abomasnow-mega
3750,70,0,hp,https://pokeapi.co/api/v2/stat/1/,461,weavile
3751,120,1,attack,https://pokeapi.co/api/v2/stat/2/,461,weavile
3752,65,0,defense,https://pokeapi.co/api/v2/stat/3/,461,weavile
3753,45,0,special-attack,https://pokeapi.co/api/v2/stat/4/,461,weavile
3754,85,0,special-defense,https://pokeapi.co/api/v2/stat/5/,461,weavile
3755,125,1,speed,https://pokeapi.co/api/v2/stat/6/,461,weavile
3756,70,0,hp,https://pokeapi.co/api/v2/stat/1/,462,magnezone
3757,70,0,attack,https://pokeapi.co/api/v2/stat/2/,462,magnezone
3758,115,0,defense,https://pokeapi.co/api/v2/stat/3/,462,magnezone
3759,130,3,special-attack,https://pokeapi.co/api/v2/stat/4/,462,magnezone
3760,90,0,special-defense,https://pokeapi.co/api/v2/stat/5/,462,magnezone
3761,60,0,speed,https://pokeapi.co/api/v2/stat/6/,462,magnezone
3762,110,3,hp,https://pokeapi.co/api/v2/stat/1/,463,lickilicky
3763,85,0,attack,https://pokeapi.co/api/v2/stat/2/,463,lickilicky
3764,95,0,defense,https://pokeapi.co/api/v2/stat/3/,463,lickilicky
3765,80,0,special-attack,https://pokeapi.co/api/v2/stat/4/,463,lickilicky
3766,95,0,special-defense,https://pokeapi.co/api/v2/stat/5/,463,lickilicky
3767,50,0,speed,https://pokeapi.co/api/v2/stat/6/,463,lickilicky
3768,115,0,hp,https://pokeapi.co/api/v2/stat/1/,464,rhyperior
3769,140,3,attack,https://pokeapi.co/api/v2/stat/2/,464,rhyperior
3770,130,0,defense,https://pokeapi.co/api/v2/stat/3/,464,rhyperior
3771,55,0,special-attack,https://pokeapi.co/api/v2/stat/4/,464,rhyperior
3772,55,0,special-defense,https://pokeapi.co/api/v2/stat/5/,464,rhyperior
3773,40,0,speed,https://pokeapi.co/api/v2/stat/6/,464,rhyperior
3774,100,0,hp,https://pokeapi.co/api/v2/stat/1/,465,tangrowth
3775,100,0,attack,https://pokeapi.co/api/v2/stat/2/,465,tangrowth
3776,125,2,defense,https://pokeapi.co/api/v2/stat/3/,465,tangrowth
3777,110,0,special-attack,https://pokeapi.co/api/v2/stat/4/,465,tangrowth
3778,50,0,special-defense,https://pokeapi.co/api/v2/stat/5/,465,tangrowth
3779,50,0,speed,https://pokeapi.co/api/v2/stat/6/,465,tangrowth
3780,75,0,hp,https://pokeapi.co/api/v2/stat/1/,466,electivire
3781,123,3,attack,https://pokeapi.co/api/v2/stat/2/,466,electivire
3782,67,0,defense,https://pokeapi.co/api/v2/stat/3/,466,electivire
3783,95,0,special-attack,https://pokeapi.co/api/v2/stat/4/,466,electivire
3784,85,0,special-defense,https://pokeapi.co/api/v2/stat/5/,466,electivire
3785,95,0,speed,https://pokeapi.co/api/v2/stat/6/,466,electivire
3786,75,0,hp,https://pokeapi.co/api/v2/stat/1/,467,magmortar
3787,95,0,attack,https://pokeapi.co/api/v2/stat/2/,467,magmortar
3788,67,0,defense,https://pokeapi.co/api/v2/stat/3/,467,magmortar
3789,125,3,special-attack,https://pokeapi.co/api/v2/stat/4/,467,magmortar
3790,95,0,special-defense,https://pokeapi.co/api/v2/stat/5/,467,magmortar
3791,83,0,speed,https://pokeapi.co/api/v2/stat/6/,467,magmortar
3792,85,0,hp,https://pokeapi.co/api/v2/stat/1/,468,togekiss
3793,50,0,attack,https://pokeapi.co/api/v2/stat/2/,468,togekiss
3794,95,0,defense,https://pokeapi.co/api/v2/stat/3/,468,togekiss
3795,120,2,special-attack,https://pokeapi.co/api/v2/stat/4/,468,togekiss
3796,115,1,special-defense,https://pokeapi.co/api/v2/stat/5/,468,togekiss
3797,80,0,speed,https://pokeapi.co/api/v2/stat/6/,468,togekiss
3798,86,0,hp,https://pokeapi.co/api/v2/stat/1/,469,yanmega
3799,76,2,attack,https://pokeapi.co/api/v2/stat/2/,469,yanmega
3800,86,0,defense,https://pokeapi.co/api/v2/stat/3/,469,yanmega
3801,116,0,special-attack,https://pokeapi.co/api/v2/stat/4/,469,yanmega
3802,56,0,special-defense,https://pokeapi.co/api/v2/stat/5/,469,yanmega
3803,95,0,speed,https://pokeapi.co/api/v2/stat/6/,469,yanmega
3804,65,0,hp,https://pokeapi.co/api/v2/stat/1/,470,leafeon
3805,110,0,attack,https://pokeapi.co/api/v2/stat/2/,470,leafeon
3806,130,2,defense,https://pokeapi.co/api/v2/stat/3/,470,leafeon
3807,60,0,special-attack,https://pokeapi.co/api/v2/stat/4/,470,leafeon
3808,65,0,special-defense,https://pokeapi.co/api/v2/stat/5/,470,leafeon
3809,95,0,speed,https://pokeapi.co/api/v2/stat/6/,470,leafeon
3810,65,0,hp,https://pokeapi.co/api/v2/stat/1/,471,glaceon
3811,60,0,attack,https://pokeapi.co/api/v2/stat/2/,471,glaceon
3812,110,0,defense,https://pokeapi.co/api/v2/stat/3/,471,glaceon
3813,130,2,special-attack,https://pokeapi.co/api/v2/stat/4/,471,glaceon
3814,95,0,special-defense,https://pokeapi.co/api/v2/stat/5/,471,glaceon
3815,65,0,speed,https://pokeapi.co/api/v2/stat/6/,471,glaceon
3816,75,0,hp,https://pokeapi.co/api/v2/stat/1/,472,gliscor
3817,95,0,attack,https://pokeapi.co/api/v2/stat/2/,472,gliscor
3818,125,2,defense,https://pokeapi.co/api/v2/stat/3/,472,gliscor
3819,45,0,special-attack,https://pokeapi.co/api/v2/stat/4/,472,gliscor
3820,75,0,special-defense,https://pokeapi.co/api/v2/stat/5/,472,gliscor
3821,95,0,speed,https://pokeapi.co/api/v2/stat/6/,472,gliscor
3822,85,0,hp,https://pokeapi.co/api/v2/stat/1/,474,porygon-z
3823,80,0,attack,https://pokeapi.co/api/v2/stat/2/,474,porygon-z
3824,70,0,defense,https://pokeapi.co/api/v2/stat/3/,474,porygon-z
3825,135,3,special-attack,https://pokeapi.co/api/v2/stat/4/,474,porygon-z
3826,75,0,special-defense,https://pokeapi.co/api/v2/stat/5/,474,porygon-z
3827,90,0,speed,https://pokeapi.co/api/v2/stat/6/,474,porygon-z
3828,68,0,hp,https://pokeapi.co/api/v2/stat/1/,475,gallade
3829,125,3,attack,https://pokeapi.co/api/v2/stat/2/,475,gallade
3830,65,0,defense,https://pokeapi.co/api/v2/stat/3/,475,gallade
3831,65,0,special-attack,https://pokeapi.co/api/v2/stat/4/,475,gallade
3832,115,0,special-defense,https://pokeapi.co/api/v2/stat/5/,475,gallade
3833,80,0,speed,https://pokeapi.co/api/v2/stat/6/,475,gallade
3834,68,0,hp,https://pokeapi.co/api/v2/stat/1/,10068,gallade-mega
3835,165,3,attack,https://pokeapi.co/api/v2/stat/2/,10068,gallade-mega
3836,95,0,defense,https://pokeapi.co/api/v2/stat/3/,10068,gallade-mega
3837,65,0,special-attack,https://pokeapi.co/api/v2/stat/4/,10068,gallade-mega
3838,115,0,special-defense,https://pokeapi.co/api/v2/stat/5/,10068,gallade-mega
3839,110,0,speed,https://pokeapi.co/api/v2/stat/6/,10068,gallade-mega
3840,60,0,hp,https://pokeapi.co/api/v2/stat/1/,476,probopass
3841,55,0,attack,https://pokeapi.co/api/v2/stat/2/,476,probopass
3842,145,1,defense,https://pokeapi.co/api/v2/stat/3/,476,probopass
3843,75,0,special-attack,https://pokeapi.co/api/v2/stat/4/,476,probopass
3844,150,2,special-defense,https://pokeapi.co/api/v2/stat/5/,476,probopass
3845,40,0,speed,https://pokeapi.co/api/v2/stat/6/,476,probopass
3846,45,0,hp,https://pokeapi.co/api/v2/stat/1/,477,dusknoir
3847,100,0,attack,https://pokeapi.co/api/v2/stat/2/,477,dusknoir
3848,135,1,defense,https://pokeapi.co/api/v2/stat/3/,477,dusknoir
3849,65,0,special-attack,https://pokeapi.co/api/v2/stat/4/,477,dusknoir
3850,135,2,special-defense,https://pokeapi.co/api/v2/stat/5/,477,dusknoir
3851,45,0,speed,https://pokeapi.co/api/v2/stat/6/,477,dusknoir
3852,70,0,hp,https://pokeapi.co/api/v2/stat/1/,478,froslass
3853,80,0,attack,https://pokeapi.co/api/v2/stat/2/,478,froslass
3854,70,0,defense,https://pokeapi.co/api/v2/stat/3/,478,froslass
3855,80,0,special-attack,https://pokeapi.co/api/v2/stat/4/,478,froslass
3856,70,0,special-defense,https://pokeapi.co/api/v2/stat/5/,478,froslass
3857,110,2,speed,https://pokeapi.co/api/v2/stat/6/,478,froslass
3858,70,0,hp,https://pokeapi.co/api/v2/stat/1/,10285,froslass-mega
3859,80,0,attack,https://pokeapi.co/api/v2/stat/2/,10285,froslass-mega
3860,70,0,defense,https://pokeapi.co/api/v2/stat/3/,10285,froslass-mega
3861,140,0,special-attack,https://pokeapi.co/api/v2/stat/4/,10285,froslass-mega
3862,100,0,special-defense,https://pokeapi.co/api/v2/stat/5/,10285,froslass-mega
3863,120,0,speed,https://pokeapi.co/api/v2/stat/6/,10285,froslass-mega
3864,95,0,hp,https://pokeapi.co/api/v2/stat/1/,389,torterra
3865,109,2,attack,https://pokeapi.co/api/v2/stat/2/,389,torterra
3866,105,1,defense,https://pokeapi.co/api/v2/stat/3/,389,torterra
3867,75,0,special-attack,https://pokeapi.co/api/v2/stat/4/,389,torterra
3868,85,0,special-defense,https://pokeapi.co/api/v2/stat/5/,389,torterra
3869,56,0,speed,https://pokeapi.co/api/v2/stat/6/,389,torterra
3870,84,0,hp,https://pokeapi.co/api/v2/stat/1/,395,empoleon
3871,86,0,attack,https://pokeapi.co/api/v2/stat/2/,395,empoleon
3872,88,0,defense,https://pokeapi.co/api/v2/stat/3/,395,empoleon
3873,111,3,special-attack,https://pokeapi.co/api/v2/stat/4/,395,empoleon
3874,101,0,special-defense,https://pokeapi.co/api/v2/stat/5/,395,empoleon
3875,60,0,speed,https://pokeapi.co/api/v2/stat/6/,395,empoleon
3876,55,0,hp,https://pokeapi.co/api/v2/stat/1/,397,staravia
3877,75,0,attack,https://pokeapi.co/api/v2/stat/2/,397,staravia
3878,50,0,defense,https://pokeapi.co/api/v2/stat/3/,397,staravia
3879,40,0,special-attack,https://pokeapi.co/api/v2/stat/4/,397,staravia
3880,40,0,special-defense,https://pokeapi.co/api/v2/stat/5/,397,staravia
3881,80,2,speed,https://pokeapi.co/api/v2/stat/6/,397,staravia
3882,83,0,hp,https://pokeapi.co/api/v2/stat/1/,454,toxicroak
3883,106,2,attack,https://pokeapi.co/api/v2/stat/2/,454,toxicroak
3884,65,0,defense,https://pokeapi.co/api/v2/stat/3/,454,toxicroak
3885,86,0,special-attack,https://pokeapi.co/api/v2/stat/4/,454,toxicroak
3886,65,0,special-defense,https://pokeapi.co/api/v2/stat/5/,454,toxicroak
3887,85,0,speed,https://pokeapi.co/api/v2/stat/6/,454,toxicroak
3888,110,0,hp,https://pokeapi.co/api/v2/stat/1/,473,mamoswine
3889,130,3,attack,https://pokeapi.co/api/v2/stat/2/,473,mamoswine
3890,80,0,defense,https://pokeapi.co/api/v2/stat/3/,473,mamoswine
3891,70,0,special-attack,https://pokeapi.co/api/v2/stat/4/,473,mamoswine
3892,60,0,special-defense,https://pokeapi.co/api/v2/stat/5/,473,mamoswine
3893,80,0,speed,https://pokeapi.co/api/v2/stat/6/,473,mamoswine
3894,100,3,hp,https://pokeapi.co/api/v2/stat/1/,494,victini
3895,100,0,attack,https://pokeapi.co/api/v2/stat/2/,494,victini
3896,100,0,defense,https://pokeapi.co/api/v2/stat/3/,494,victini
3897,100,0,special-attack,https://pokeapi.co/api/v2/stat/4/,494,victini
3898,100,0,special-defense,https://pokeapi.co/api/v2/stat/5/,494,victini
3899,100,0,speed,https://pokeapi.co/api/v2/stat/6/,494,victini
3900,45,0,hp,https://pokeapi.co/api/v2/stat/1/,495,snivy
3901,45,0,attack,https://pokeapi.co/api/v2/stat/2/,495,snivy
3902,55,0,defense,https://pokeapi.co/api/v2/stat/3/,495,snivy
3903,45,0,special-attack,https://pokeapi.co/api/v2/stat/4/,495,snivy
3904,55,0,special-defense,https://pokeapi.co/api/v2/stat/5/,495,snivy
3905,63,1,speed,https://pokeapi.co/api/v2/stat/6/,495,snivy
3906,65,1,hp,https://pokeapi.co/api/v2/stat/1/,498,tepig
3907,63,0,attack,https://pokeapi.co/api/v2/stat/2/,498,tepig
3908,45,0,defense,https://pokeapi.co/api/v2/stat/3/,498,tepig
3909,45,0,special-attack,https://pokeapi.co/api/v2/stat/4/,498,tepig
3910,45,0,special-defense,https://pokeapi.co/api/v2/stat/5/,498,tepig
3911,45,0,speed,https://pokeapi.co/api/v2/stat/6/,498,tepig
3912,55,0,hp,https://pokeapi.co/api/v2/stat/1/,501,oshawott
3913,55,0,attack,https://pokeapi.co/api/v2/stat/2/,501,oshawott
3914,45,0,defense,https://pokeapi.co/api/v2/stat/3/,501,oshawott
3915,63,1,special-attack,https://pokeapi.co/api/v2/stat/4/,501,oshawott
3916,45,0,special-defense,https://pokeapi.co/api/v2/stat/5/,501,oshawott
3917,45,0,speed,https://pokeapi.co/api/v2/stat/6/,501,oshawott
3918,45,0,hp,https://pokeapi.co/api/v2/stat/1/,504,patrat
3919,55,1,attack,https://pokeapi.co/api/v2/stat/2/,504,patrat
3920,39,0,defense,https://pokeapi.co/api/v2/stat/3/,504,patrat
3921,35,0,special-attack,https://pokeapi.co/api/v2/stat/4/,504,patrat
3922,39,0,special-defense,https://pokeapi.co/api/v2/stat/5/,504,patrat
3923,42,0,speed,https://pokeapi.co/api/v2/stat/6/,504,patrat
3924,45,0,hp,https://pokeapi.co/api/v2/stat/1/,506,lillipup
3925,60,1,attack,https://pokeapi.co/api/v2/stat/2/,506,lillipup
3926,45,0,defense,https://pokeapi.co/api/v2/stat/3/,506,lillipup
3927,25,0,special-attack,https://pokeapi.co/api/v2/stat/4/,506,lillipup
3928,45,0,special-defense,https://pokeapi.co/api/v2/stat/5/,506,lillipup
3929,55,0,speed,https://pokeapi.co/api/v2/stat/6/,506,lillipup
3930,41,0,hp,https://pokeapi.co/api/v2/stat/1/,509,purrloin
3931,50,0,attack,https://pokeapi.co/api/v2/stat/2/,509,purrloin
3932,37,0,defense,https://pokeapi.co/api/v2/stat/3/,509,purrloin
3933,50,0,special-attack,https://pokeapi.co/api/v2/stat/4/,509,purrloin
3934,37,0,special-defense,https://pokeapi.co/api/v2/stat/5/,509,purrloin
3935,66,1,speed,https://pokeapi.co/api/v2/stat/6/,509,purrloin
3936,50,0,hp,https://pokeapi.co/api/v2/stat/1/,511,pansage
3937,53,0,attack,https://pokeapi.co/api/v2/stat/2/,511,pansage
3938,48,0,defense,https://pokeapi.co/api/v2/stat/3/,511,pansage
3939,53,0,special-attack,https://pokeapi.co/api/v2/stat/4/,511,pansage
3940,48,0,special-defense,https://pokeapi.co/api/v2/stat/5/,511,pansage
3941,64,1,speed,https://pokeapi.co/api/v2/stat/6/,511,pansage
3942,50,0,hp,https://pokeapi.co/api/v2/stat/1/,513,pansear
3943,53,0,attack,https://pokeapi.co/api/v2/stat/2/,513,pansear
3944,48,0,defense,https://pokeapi.co/api/v2/stat/3/,513,pansear
3945,53,0,special-attack,https://pokeapi.co/api/v2/stat/4/,513,pansear
3946,48,0,special-defense,https://pokeapi.co/api/v2/stat/5/,513,pansear
3947,64,1,speed,https://pokeapi.co/api/v2/stat/6/,513,pansear
3948,50,0,hp,https://pokeapi.co/api/v2/stat/1/,515,panpour
3949,53,0,attack,https://pokeapi.co/api/v2/stat/2/,515,panpour
3950,48,0,defense,https://pokeapi.co/api/v2/stat/3/,515,panpour
3951,53,0,special-attack,https://pokeapi.co/api/v2/stat/4/,515,panpour
3952,48,0,special-defense,https://pokeapi.co/api/v2/stat/5/,515,panpour
3953,64,1,speed,https://pokeapi.co/api/v2/stat/6/,515,panpour
3954,76,1,hp,https://pokeapi.co/api/v2/stat/1/,517,munna
3955,25,0,attack,https://pokeapi.co/api/v2/stat/2/,517,munna
3956,45,0,defense,https://pokeapi.co/api/v2/stat/3/,517,munna
3957,67,0,special-attack,https://pokeapi.co/api/v2/stat/4/,517,munna
3958,55,0,special-defense,https://pokeapi.co/api/v2/stat/5/,517,munna
3959,24,0,speed,https://pokeapi.co/api/v2/stat/6/,517,munna
3960,50,0,hp,https://pokeapi.co/api/v2/stat/1/,519,pidove
3961,55,1,attack,https://pokeapi.co/api/v2/stat/2/,519,pidove
3962,50,0,defense,https://pokeapi.co/api/v2/stat/3/,519,pidove
3963,36,0,special-attack,https://pokeapi.co/api/v2/stat/4/,519,pidove
3964,30,0,special-defense,https://pokeapi.co/api/v2/stat/5/,519,pidove
3965,43,0,speed,https://pokeapi.co/api/v2/stat/6/,519,pidove
3966,45,0,hp,https://pokeapi.co/api/v2/stat/1/,522,blitzle
3967,60,0,attack,https://pokeapi.co/api/v2/stat/2/,522,blitzle
3968,32,0,defense,https://pokeapi.co/api/v2/stat/3/,522,blitzle
3969,50,0,special-attack,https://pokeapi.co/api/v2/stat/4/,522,blitzle
3970,32,0,special-defense,https://pokeapi.co/api/v2/stat/5/,522,blitzle
3971,76,1,speed,https://pokeapi.co/api/v2/stat/6/,522,blitzle
3972,55,0,hp,https://pokeapi.co/api/v2/stat/1/,524,roggenrola
3973,75,0,attack,https://pokeapi.co/api/v2/stat/2/,524,roggenrola
3974,85,1,defense,https://pokeapi.co/api/v2/stat/3/,524,roggenrola
3975,25,0,special-attack,https://pokeapi.co/api/v2/stat/4/,524,roggenrola
3976,25,0,special-defense,https://pokeapi.co/api/v2/stat/5/,524,roggenrola
3977,15,0,speed,https://pokeapi.co/api/v2/stat/6/,524,roggenrola
3978,65,0,hp,https://pokeapi.co/api/v2/stat/1/,527,woobat
3979,45,0,attack,https://pokeapi.co/api/v2/stat/2/,527,woobat
3980,43,0,defense,https://pokeapi.co/api/v2/stat/3/,527,woobat
3981,55,0,special-attack,https://pokeapi.co/api/v2/stat/4/,527,woobat
3982,43,0,special-defense,https://pokeapi.co/api/v2/stat/5/,527,woobat
3983,72,1,speed,https://pokeapi.co/api/v2/stat/6/,527,woobat
3984,60,0,hp,https://pokeapi.co/api/v2/stat/1/,529,drilbur
3985,85,1,attack,https://pokeapi.co/api/v2/stat/2/,529,drilbur
3986,40,0,defense,https://pokeapi.co/api/v2/stat/3/,529,drilbur
3987,30,0,special-attack,https://pokeapi.co/api/v2/stat/4/,529,drilbur
3988,45,0,special-defense,https://pokeapi.co/api/v2/stat/5/,529,drilbur
3989,68,0,speed,https://pokeapi.co/api/v2/stat/6/,529,drilbur
3990,103,2,hp,https://pokeapi.co/api/v2/stat/1/,531,audino
3991,60,0,attack,https://pokeapi.co/api/v2/stat/2/,531,audino
3992,86,0,defense,https://pokeapi.co/api/v2/stat/3/,531,audino
3993,60,0,special-attack,https://pokeapi.co/api/v2/stat/4/,531,audino
3994,86,0,special-defense,https://pokeapi.co/api/v2/stat/5/,531,audino
3995,50,0,speed,https://pokeapi.co/api/v2/stat/6/,531,audino
3996,103,2,hp,https://pokeapi.co/api/v2/stat/1/,10069,audino-mega
3997,60,0,attack,https://pokeapi.co/api/v2/stat/2/,10069,audino-mega
3998,126,0,defense,https://pokeapi.co/api/v2/stat/3/,10069,audino-mega
3999,80,0,special-attack,https://pokeapi.co/api/v2/stat/4/,10069,audino-mega
4000,126,0,special-defense,https://pokeapi.co/api/v2/stat/5/,10069,audino-mega
4001,50,0,speed,https://pokeapi.co/api/v2/stat/6/,10069,audino-mega
4002,60,0,hp,https://pokeapi.co/api/v2/stat/1/,496,servine
4003,60,0,attack,https://pokeapi.co/api/v2/stat/2/,496,servine
4004,75,0,defense,https://pokeapi.co/api/v2/stat/3/,496,servine
4005,60,0,special-attack,https://pokeapi.co/api/v2/stat/4/,496,servine
4006,75,0,special-defense,https://pokeapi.co/api/v2/stat/5/,496,servine
4007,83,2,speed,https://pokeapi.co/api/v2/stat/6/,496,servine
4008,75,0,hp,https://pokeapi.co/api/v2/stat/1/,497,serperior
4009,75,0,attack,https://pokeapi.co/api/v2/stat/2/,497,serperior
4010,95,0,defense,https://pokeapi.co/api/v2/stat/3/,497,serperior
4011,75,0,special-attack,https://pokeapi.co/api/v2/stat/4/,497,serperior
4012,95,0,special-defense,https://pokeapi.co/api/v2/stat/5/,497,serperior
4013,113,3,speed,https://pokeapi.co/api/v2/stat/6/,497,serperior
4014,90,0,hp,https://pokeapi.co/api/v2/stat/1/,499,pignite
4015,93,2,attack,https://pokeapi.co/api/v2/stat/2/,499,pignite
4016,55,0,defense,https://pokeapi.co/api/v2/stat/3/,499,pignite
4017,70,0,special-attack,https://pokeapi.co/api/v2/stat/4/,499,pignite
4018,55,0,special-defense,https://pokeapi.co/api/v2/stat/5/,499,pignite
4019,55,0,speed,https://pokeapi.co/api/v2/stat/6/,499,pignite
4020,110,0,hp,https://pokeapi.co/api/v2/stat/1/,500,emboar
4021,123,3,attack,https://pokeapi.co/api/v2/stat/2/,500,emboar
4022,65,0,defense,https://pokeapi.co/api/v2/stat/3/,500,emboar
4023,100,0,special-attack,https://pokeapi.co/api/v2/stat/4/,500,emboar
4024,65,0,special-defense,https://pokeapi.co/api/v2/stat/5/,500,emboar
4025,65,0,speed,https://pokeapi.co/api/v2/stat/6/,500,emboar
4026,110,0,hp,https://pokeapi.co/api/v2/stat/1/,10286,emboar-mega
4027,148,0,attack,https://pokeapi.co/api/v2/stat/2/,10286,emboar-mega
4028,75,0,defense,https://pokeapi.co/api/v2/stat/3/,10286,emboar-mega
4029,110,0,special-attack,https://pokeapi.co/api/v2/stat/4/,10286,emboar-mega
4030,110,0,special-defense,https://pokeapi.co/api/v2/stat/5/,10286,emboar-mega
4031,75,0,speed,https://pokeapi.co/api/v2/stat/6/,10286,emboar-mega
4032,75,0,hp,https://pokeapi.co/api/v2/stat/1/,502,dewott
4033,75,0,attack,https://pokeapi.co/api/v2/stat/2/,502,dewott
4034,60,0,defense,https://pokeapi.co/api/v2/stat/3/,502,dewott
4035,83,2,special-attack,https://pokeapi.co/api/v2/stat/4/,502,dewott
4036,60,0,special-defense,https://pokeapi.co/api/v2/stat/5/,502,dewott
4037,60,0,speed,https://pokeapi.co/api/v2/stat/6/,502,dewott
4038,95,0,hp,https://pokeapi.co/api/v2/stat/1/,503,samurott
4039,100,0,attack,https://pokeapi.co/api/v2/stat/2/,503,samurott
4040,85,0,defense,https://pokeapi.co/api/v2/stat/3/,503,samurott
4041,108,3,special-attack,https://pokeapi.co/api/v2/stat/4/,503,samurott
4042,70,0,special-defense,https://pokeapi.co/api/v2/stat/5/,503,samurott
4043,70,0,speed,https://pokeapi.co/api/v2/stat/6/,503,samurott
4044,90,0,hp,https://pokeapi.co/api/v2/stat/1/,10236,samurott-hisui
4045,108,0,attack,https://pokeapi.co/api/v2/stat/2/,10236,samurott-hisui
4046,80,0,defense,https://pokeapi.co/api/v2/stat/3/,10236,samurott-hisui
4047,100,3,special-attack,https://pokeapi.co/api/v2/stat/4/,10236,samurott-hisui
4048,65,0,special-defense,https://pokeapi.co/api/v2/stat/5/,10236,samurott-hisui
4049,85,0,speed,https://pokeapi.co/api/v2/stat/6/,10236,samurott-hisui
4050,60,0,hp,https://pokeapi.co/api/v2/stat/1/,505,watchog
4051,85,2,attack,https://pokeapi.co/api/v2/stat/2/,505,watchog
4052,69,0,defense,https://pokeapi.co/api/v2/stat/3/,505,watchog
4053,60,0,special-attack,https://pokeapi.co/api/v2/stat/4/,505,watchog
4054,69,0,special-defense,https://pokeapi.co/api/v2/stat/5/,505,watchog
4055,77,0,speed,https://pokeapi.co/api/v2/stat/6/,505,watchog
4056,85,0,hp,https://pokeapi.co/api/v2/stat/1/,508,stoutland
4057,110,3,attack,https://pokeapi.co/api/v2/stat/2/,508,stoutland
4058,90,0,defense,https://pokeapi.co/api/v2/stat/3/,508,stoutland
4059,45,0,special-attack,https://pokeapi.co/api/v2/stat/4/,508,stoutland
4060,90,0,special-defense,https://pokeapi.co/api/v2/stat/5/,508,stoutland
4061,80,0,speed,https://pokeapi.co/api/v2/stat/6/,508,stoutland
4062,64,0,hp,https://pokeapi.co/api/v2/stat/1/,510,liepard
4063,88,0,attack,https://pokeapi.co/api/v2/stat/2/,510,liepard
4064,50,0,defense,https://pokeapi.co/api/v2/stat/3/,510,liepard
4065,88,0,special-attack,https://pokeapi.co/api/v2/stat/4/,510,liepard
4066,50,0,special-defense,https://pokeapi.co/api/v2/stat/5/,510,liepard
4067,106,2,speed,https://pokeapi.co/api/v2/stat/6/,510,liepard
4068,75,0,hp,https://pokeapi.co/api/v2/stat/1/,512,simisage
4069,98,0,attack,https://pokeapi.co/api/v2/stat/2/,512,simisage
4070,63,0,defense,https://pokeapi.co/api/v2/stat/3/,512,simisage
4071,98,0,special-attack,https://pokeapi.co/api/v2/stat/4/,512,simisage
4072,63,0,special-defense,https://pokeapi.co/api/v2/stat/5/,512,simisage
4073,101,2,speed,https://pokeapi.co/api/v2/stat/6/,512,simisage
4074,75,0,hp,https://pokeapi.co/api/v2/stat/1/,514,simisear
4075,98,0,attack,https://pokeapi.co/api/v2/stat/2/,514,simisear
4076,63,0,defense,https://pokeapi.co/api/v2/stat/3/,514,simisear
4077,98,0,special-attack,https://pokeapi.co/api/v2/stat/4/,514,simisear
4078,63,0,special-defense,https://pokeapi.co/api/v2/stat/5/,514,simisear
4079,101,2,speed,https://pokeapi.co/api/v2/stat/6/,514,simisear
4080,75,0,hp,https://pokeapi.co/api/v2/stat/1/,516,simipour
4081,98,0,attack,https://pokeapi.co/api/v2/stat/2/,516,simipour
4082,63,0,defense,https://pokeapi.co/api/v2/stat/3/,516,simipour
4083,98,0,special-attack,https://pokeapi.co/api/v2/stat/4/,516,simipour
4084,63,0,special-defense,https://pokeapi.co/api/v2/stat/5/,516,simipour
4085,101,2,speed,https://pokeapi.co/api/v2/stat/6/,516,simipour
4086,116,2,hp,https://pokeapi.co/api/v2/stat/1/,518,musharna
4087,55,0,attack,https://pokeapi.co/api/v2/stat/2/,518,musharna
4088,85,0,defense,https://pokeapi.co/api/v2/stat/3/,518,musharna
4089,107,0,special-attack,https://pokeapi.co/api/v2/stat/4/,518,musharna
4090,95,0,special-defense,https://pokeapi.co/api/v2/stat/5/,518,musharna
4091,29,0,speed,https://pokeapi.co/api/v2/stat/6/,518,musharna
4092,62,0,hp,https://pokeapi.co/api/v2/stat/1/,520,tranquill
4093,77,2,attack,https://pokeapi.co/api/v2/stat/2/,520,tranquill
4094,62,0,defense,https://pokeapi.co/api/v2/stat/3/,520,tranquill
4095,50,0,special-attack,https://pokeapi.co/api/v2/stat/4/,520,tranquill
4096,42,0,special-defense,https://pokeapi.co/api/v2/stat/5/,520,tranquill
4097,65,0,speed,https://pokeapi.co/api/v2/stat/6/,520,tranquill
4098,80,0,hp,https://pokeapi.co/api/v2/stat/1/,521,unfezant
4099,115,3,attack,https://pokeapi.co/api/v2/stat/2/,521,unfezant
4100,80,0,defense,https://pokeapi.co/api/v2/stat/3/,521,unfezant
4101,65,0,special-attack,https://pokeapi.co/api/v2/stat/4/,521,unfezant
4102,55,0,special-defense,https://pokeapi.co/api/v2/stat/5/,521,unfezant
4103,93,0,speed,https://pokeapi.co/api/v2/stat/6/,521,unfezant
4104,75,0,hp,https://pokeapi.co/api/v2/stat/1/,523,zebstrika
4105,100,0,attack,https://pokeapi.co/api/v2/stat/2/,523,zebstrika
4106,63,0,defense,https://pokeapi.co/api/v2/stat/3/,523,zebstrika
4107,80,0,special-attack,https://pokeapi.co/api/v2/stat/4/,523,zebstrika
4108,63,0,special-defense,https://pokeapi.co/api/v2/stat/5/,523,zebstrika
4109,116,2,speed,https://pokeapi.co/api/v2/stat/6/,523,zebstrika
4110,70,0,hp,https://pokeapi.co/api/v2/stat/1/,525,boldore
4111,105,1,attack,https://pokeapi.co/api/v2/stat/2/,525,boldore
4112,105,1,defense,https://pokeapi.co/api/v2/stat/3/,525,boldore
4113,50,0,special-attack,https://pokeapi.co/api/v2/stat/4/,525,boldore
4114,40,0,special-defense,https://pokeapi.co/api/v2/stat/5/,525,boldore
4115,20,0,speed,https://pokeapi.co/api/v2/stat/6/,525,boldore
4116,85,0,hp,https://pokeapi.co/api/v2/stat/1/,526,gigalith
4117,135,3,attack,https://pokeapi.co/api/v2/stat/2/,526,gigalith
4118,130,0,defense,https://pokeapi.co/api/v2/stat/3/,526,gigalith
4119,60,0,special-attack,https://pokeapi.co/api/v2/stat/4/,526,gigalith
4120,80,0,special-defense,https://pokeapi.co/api/v2/stat/5/,526,gigalith
4121,25,0,speed,https://pokeapi.co/api/v2/stat/6/,526,gigalith
4122,67,0,hp,https://pokeapi.co/api/v2/stat/1/,528,swoobat
4123,57,0,attack,https://pokeapi.co/api/v2/stat/2/,528,swoobat
4124,55,0,defense,https://pokeapi.co/api/v2/stat/3/,528,swoobat
4125,77,0,special-attack,https://pokeapi.co/api/v2/stat/4/,528,swoobat
4126,55,0,special-defense,https://pokeapi.co/api/v2/stat/5/,528,swoobat
4127,114,2,speed,https://pokeapi.co/api/v2/stat/6/,528,swoobat
4128,110,0,hp,https://pokeapi.co/api/v2/stat/1/,530,excadrill
4129,135,2,attack,https://pokeapi.co/api/v2/stat/2/,530,excadrill
4130,60,0,defense,https://pokeapi.co/api/v2/stat/3/,530,excadrill
4131,50,0,special-attack,https://pokeapi.co/api/v2/stat/4/,530,excadrill
4132,65,0,special-defense,https://pokeapi.co/api/v2/stat/5/,530,excadrill
4133,88,0,speed,https://pokeapi.co/api/v2/stat/6/,530,excadrill
4134,110,0,hp,https://pokeapi.co/api/v2/stat/1/,10287,excadrill-mega
4135,165,0,attack,https://pokeapi.co/api/v2/stat/2/,10287,excadrill-mega
4136,100,0,defense,https://pokeapi.co/api/v2/stat/3/,10287,excadrill-mega
4137,65,0,special-attack,https://pokeapi.co/api/v2/stat/4/,10287,excadrill-mega
4138,65,0,special-defense,https://pokeapi.co/api/v2/stat/5/,10287,excadrill-mega
4139,103,0,speed,https://pokeapi.co/api/v2/stat/6/,10287,excadrill-mega
4140,75,0,hp,https://pokeapi.co/api/v2/stat/1/,532,timburr
4141,80,1,attack,https://pokeapi.co/api/v2/stat/2/,532,timburr
4142,55,0,defense,https://pokeapi.co/api/v2/stat/3/,532,timburr
4143,25,0,special-attack,https://pokeapi.co/api/v2/stat/4/,532,timburr
4144,35,0,special-defense,https://pokeapi.co/api/v2/stat/5/,532,timburr
4145,35,0,speed,https://pokeapi.co/api/v2/stat/6/,532,timburr
4146,50,0,hp,https://pokeapi.co/api/v2/stat/1/,535,tympole
4147,50,0,attack,https://pokeapi.co/api/v2/stat/2/,535,tympole
4148,40,0,defense,https://pokeapi.co/api/v2/stat/3/,535,tympole
4149,50,0,special-attack,https://pokeapi.co/api/v2/stat/4/,535,tympole
4150,40,0,special-defense,https://pokeapi.co/api/v2/stat/5/,535,tympole
4151,64,1,speed,https://pokeapi.co/api/v2/stat/6/,535,tympole
4152,120,2,hp,https://pokeapi.co/api/v2/stat/1/,538,throh
4153,100,0,attack,https://pokeapi.co/api/v2/stat/2/,538,throh
4154,85,0,defense,https://pokeapi.co/api/v2/stat/3/,538,throh
4155,30,0,special-attack,https://pokeapi.co/api/v2/stat/4/,538,throh
4156,85,0,special-defense,https://pokeapi.co/api/v2/stat/5/,538,throh
4157,45,0,speed,https://pokeapi.co/api/v2/stat/6/,538,throh
4158,75,0,hp,https://pokeapi.co/api/v2/stat/1/,539,sawk
4159,125,2,attack,https://pokeapi.co/api/v2/stat/2/,539,sawk
4160,75,0,defense,https://pokeapi.co/api/v2/stat/3/,539,sawk
4161,30,0,special-attack,https://pokeapi.co/api/v2/stat/4/,539,sawk
4162,75,0,special-defense,https://pokeapi.co/api/v2/stat/5/,539,sawk
4163,85,0,speed,https://pokeapi.co/api/v2/stat/6/,539,sawk
4164,45,0,hp,https://pokeapi.co/api/v2/stat/1/,540,sewaddle
4165,53,0,attack,https://pokeapi.co/api/v2/stat/2/,540,sewaddle
4166,70,1,defense,https://pokeapi.co/api/v2/stat/3/,540,sewaddle
4167,40,0,special-attack,https://pokeapi.co/api/v2/stat/4/,540,sewaddle
4168,60,0,special-defense,https://pokeapi.co/api/v2/stat/5/,540,sewaddle
4169,42,0,speed,https://pokeapi.co/api/v2/stat/6/,540,sewaddle
4170,30,0,hp,https://pokeapi.co/api/v2/stat/1/,543,venipede
4171,45,0,attack,https://pokeapi.co/api/v2/stat/2/,543,venipede
4172,59,1,defense,https://pokeapi.co/api/v2/stat/3/,543,venipede
4173,30,0,special-attack,https://pokeapi.co/api/v2/stat/4/,543,venipede
4174,39,0,special-defense,https://pokeapi.co/api/v2/stat/5/,543,venipede
4175,57,0,speed,https://pokeapi.co/api/v2/stat/6/,543,venipede
4176,40,0,hp,https://pokeapi.co/api/v2/stat/1/,546,cottonee
4177,27,0,attack,https://pokeapi.co/api/v2/stat/2/,546,cottonee
4178,60,0,defense,https://pokeapi.co/api/v2/stat/3/,546,cottonee
4179,37,0,special-attack,https://pokeapi.co/api/v2/stat/4/,546,cottonee
4180,50,0,special-defense,https://pokeapi.co/api/v2/stat/5/,546,cottonee
4181,66,1,speed,https://pokeapi.co/api/v2/stat/6/,546,cottonee
4182,45,0,hp,https://pokeapi.co/api/v2/stat/1/,548,petilil
4183,35,0,attack,https://pokeapi.co/api/v2/stat/2/,548,petilil
4184,50,0,defense,https://pokeapi.co/api/v2/stat/3/,548,petilil
4185,70,1,special-attack,https://pokeapi.co/api/v2/stat/4/,548,petilil
4186,50,0,special-defense,https://pokeapi.co/api/v2/stat/5/,548,petilil
4187,30,0,speed,https://pokeapi.co/api/v2/stat/6/,548,petilil
4188,70,0,hp,https://pokeapi.co/api/v2/stat/1/,550,basculin-red-striped
4189,92,0,attack,https://pokeapi.co/api/v2/stat/2/,550,basculin-red-striped
4190,65,0,defense,https://pokeapi.co/api/v2/stat/3/,550,basculin-red-striped
4191,80,0,special-attack,https://pokeapi.co/api/v2/stat/4/,550,basculin-red-striped
4192,55,0,special-defense,https://pokeapi.co/api/v2/stat/5/,550,basculin-red-striped
4193,98,2,speed,https://pokeapi.co/api/v2/stat/6/,550,basculin-red-striped
4194,70,0,hp,https://pokeapi.co/api/v2/stat/1/,10016,basculin-blue-striped
4195,92,0,attack,https://pokeapi.co/api/v2/stat/2/,10016,basculin-blue-striped
4196,65,0,defense,https://pokeapi.co/api/v2/stat/3/,10016,basculin-blue-striped
4197,80,0,special-attack,https://pokeapi.co/api/v2/stat/4/,10016,basculin-blue-striped
4198,55,0,special-defense,https://pokeapi.co/api/v2/stat/5/,10016,basculin-blue-striped
4199,98,2,speed,https://pokeapi.co/api/v2/stat/6/,10016,basculin-blue-striped
4200,70,0,hp,https://pokeapi.co/api/v2/stat/1/,10247,basculin-white-striped
4201,92,0,attack,https://pokeapi.co/api/v2/stat/2/,10247,basculin-white-striped
4202,65,0,defense,https://pokeapi.co/api/v2/stat/3/,10247,basculin-white-striped
4203,80,0,special-attack,https://pokeapi.co/api/v2/stat/4/,10247,basculin-white-striped
4204,55,0,special-defense,https://pokeapi.co/api/v2/stat/5/,10247,basculin-white-striped
4205,98,2,speed,https://pokeapi.co/api/v2/stat/6/,10247,basculin-white-striped
4206,50,0,hp,https://pokeapi.co/api/v2/stat/1/,551,sandile
4207,72,1,attack,https://pokeapi.co/api/v2/stat/2/,551,sandile
4208,35,0,defense,https://pokeapi.co/api/v2/stat/3/,551,sandile
4209,35,0,special-attack,https://pokeapi.co/api/v2/stat/4/,551,sandile
4210,35,0,special-defense,https://pokeapi.co/api/v2/stat/5/,551,sandile
4211,65,0,speed,https://pokeapi.co/api/v2/stat/6/,551,sandile
4212,70,0,hp,https://pokeapi.co/api/v2/stat/1/,554,darumaka
4213,90,1,attack,https://pokeapi.co/api/v2/stat/2/,554,darumaka
4214,45,0,defense,https://pokeapi.co/api/v2/stat/3/,554,darumaka
4215,15,0,special-attack,https://pokeapi.co/api/v2/stat/4/,554,darumaka
4216,45,0,special-defense,https://pokeapi.co/api/v2/stat/5/,554,darumaka
4217,50,0,speed,https://pokeapi.co/api/v2/stat/6/,554,darumaka
4218,70,0,hp,https://pokeapi.co/api/v2/stat/1/,10176,darumaka-galar
4219,90,1,attack,https://pokeapi.co/api/v2/stat/2/,10176,darumaka-galar
4220,45,0,defense,https://pokeapi.co/api/v2/stat/3/,10176,darumaka-galar
4221,15,0,special-attack,https://pokeapi.co/api/v2/stat/4/,10176,darumaka-galar
4222,45,0,special-defense,https://pokeapi.co/api/v2/stat/5/,10176,darumaka-galar
4223,50,0,speed,https://pokeapi.co/api/v2/stat/6/,10176,darumaka-galar
4224,75,0,hp,https://pokeapi.co/api/v2/stat/1/,556,maractus
4225,86,0,attack,https://pokeapi.co/api/v2/stat/2/,556,maractus
4226,67,0,defense,https://pokeapi.co/api/v2/stat/3/,556,maractus
4227,106,2,special-attack,https://pokeapi.co/api/v2/stat/4/,556,maractus
4228,67,0,special-defense,https://pokeapi.co/api/v2/stat/5/,556,maractus
4229,60,0,speed,https://pokeapi.co/api/v2/stat/6/,556,maractus
4230,50,0,hp,https://pokeapi.co/api/v2/stat/1/,557,dwebble
4231,65,0,attack,https://pokeapi.co/api/v2/stat/2/,557,dwebble
4232,85,1,defense,https://pokeapi.co/api/v2/stat/3/,557,dwebble
4233,35,0,special-attack,https://pokeapi.co/api/v2/stat/4/,557,dwebble
4234,35,0,special-defense,https://pokeapi.co/api/v2/stat/5/,557,dwebble
4235,55,0,speed,https://pokeapi.co/api/v2/stat/6/,557,dwebble
4236,50,0,hp,https://pokeapi.co/api/v2/stat/1/,559,scraggy
4237,75,1,attack,https://pokeapi.co/api/v2/stat/2/,559,scraggy
4238,70,0,defense,https://pokeapi.co/api/v2/stat/3/,559,scraggy
4239,35,0,special-attack,https://pokeapi.co/api/v2/stat/4/,559,scraggy
4240,70,0,special-defense,https://pokeapi.co/api/v2/stat/5/,559,scraggy
4241,48,0,speed,https://pokeapi.co/api/v2/stat/6/,559,scraggy
4242,72,0,hp,https://pokeapi.co/api/v2/stat/1/,561,sigilyph
4243,58,0,attack,https://pokeapi.co/api/v2/stat/2/,561,sigilyph
4244,80,0,defense,https://pokeapi.co/api/v2/stat/3/,561,sigilyph
4245,103,2,special-attack,https://pokeapi.co/api/v2/stat/4/,561,sigilyph
4246,80,0,special-defense,https://pokeapi.co/api/v2/stat/5/,561,sigilyph
4247,97,0,speed,https://pokeapi.co/api/v2/stat/6/,561,sigilyph
4248,38,0,hp,https://pokeapi.co/api/v2/stat/1/,562,yamask
4249,30,0,attack,https://pokeapi.co/api/v2/stat/2/,562,yamask
4250,85,1,defense,https://pokeapi.co/api/v2/stat/3/,562,yamask
4251,55,0,special-attack,https://pokeapi.co/api/v2/stat/4/,562,yamask
4252,65,0,special-defense,https://pokeapi.co/api/v2/stat/5/,562,yamask
4253,30,0,speed,https://pokeapi.co/api/v2/stat/6/,562,yamask
4254,38,0,hp,https://pokeapi.co/api/v2/stat/1/,10179,yamask-galar
4255,55,0,attack,https://pokeapi.co/api/v2/stat/2/,10179,yamask-galar
4256,85,1,defense,https://pokeapi.co/api/v2/stat/3/,10179,yamask-galar
4257,30,0,special-attack,https://pokeapi.co/api/v2/stat/4/,10179,yamask-galar
4258,65,0,special-defense,https://pokeapi.co/api/v2/stat/5/,10179,yamask-galar
4259,30,0,speed,https://pokeapi.co/api/v2/stat/6/,10179,yamask-galar
4260,54,0,hp,https://pokeapi.co/api/v2/stat/1/,564,tirtouga
4261,78,0,attack,https://pokeapi.co/api/v2/stat/2/,564,tirtouga
4262,103,1,defense,https://pokeapi.co/api/v2/stat/3/,564,tirtouga
4263,53,0,special-attack,https://pokeapi.co/api/v2/stat/4/,564,tirtouga
4264,45,0,special-defense,https://pokeapi.co/api/v2/stat/5/,564,tirtouga
4265,22,0,speed,https://pokeapi.co/api/v2/stat/6/,564,tirtouga
4266,55,0,hp,https://pokeapi.co/api/v2/stat/1/,566,archen
4267,112,1,attack,https://pokeapi.co/api/v2/stat/2/,566,archen
4268,45,0,defense,https://pokeapi.co/api/v2/stat/3/,566,archen
4269,74,0,special-attack,https://pokeapi.co/api/v2/stat/4/,566,archen
4270,45,0,special-defense,https://pokeapi.co/api/v2/stat/5/,566,archen
4271,70,0,speed,https://pokeapi.co/api/v2/stat/6/,566,archen
4272,50,0,hp,https://pokeapi.co/api/v2/stat/1/,568,trubbish
4273,50,0,attack,https://pokeapi.co/api/v2/stat/2/,568,trubbish
4274,62,0,defense,https://pokeapi.co/api/v2/stat/3/,568,trubbish
4275,40,0,special-attack,https://pokeapi.co/api/v2/stat/4/,568,trubbish
4276,62,0,special-defense,https://pokeapi.co/api/v2/stat/5/,568,trubbish
4277,65,1,speed,https://pokeapi.co/api/v2/stat/6/,568,trubbish
4278,40,0,hp,https://pokeapi.co/api/v2/stat/1/,570,zorua
4279,65,0,attack,https://pokeapi.co/api/v2/stat/2/,570,zorua
4280,40,0,defense,https://pokeapi.co/api/v2/stat/3/,570,zorua
4281,80,1,special-attack,https://pokeapi.co/api/v2/stat/4/,570,zorua
4282,40,0,special-defense,https://pokeapi.co/api/v2/stat/5/,570,zorua
4283,65,0,speed,https://pokeapi.co/api/v2/stat/6/,570,zorua
4284,35,0,hp,https://pokeapi.co/api/v2/stat/1/,10238,zorua-hisui
4285,60,0,attack,https://pokeapi.co/api/v2/stat/2/,10238,zorua-hisui
4286,40,0,defense,https://pokeapi.co/api/v2/stat/3/,10238,zorua-hisui
4287,85,1,special-attack,https://pokeapi.co/api/v2/stat/4/,10238,zorua-hisui
4288,40,0,special-defense,https://pokeapi.co/api/v2/stat/5/,10238,zorua-hisui
4289,70,0,speed,https://pokeapi.co/api/v2/stat/6/,10238,zorua-hisui
4290,55,0,hp,https://pokeapi.co/api/v2/stat/1/,572,minccino
4291,50,0,attack,https://pokeapi.co/api/v2/stat/2/,572,minccino
4292,40,0,defense,https://pokeapi.co/api/v2/stat/3/,572,minccino
4293,40,0,special-attack,https://pokeapi.co/api/v2/stat/4/,572,minccino
4294,40,0,special-defense,https://pokeapi.co/api/v2/stat/5/,572,minccino
4295,75,1,speed,https://pokeapi.co/api/v2/stat/6/,572,minccino
4296,45,0,hp,https://pokeapi.co/api/v2/stat/1/,574,gothita
4297,30,0,attack,https://pokeapi.co/api/v2/stat/2/,574,gothita
4298,50,0,defense,https://pokeapi.co/api/v2/stat/3/,574,gothita
4299,55,0,special-attack,https://pokeapi.co/api/v2/stat/4/,574,gothita
4300,65,1,special-defense,https://pokeapi.co/api/v2/stat/5/,574,gothita
4301,45,0,speed,https://pokeapi.co/api/v2/stat/6/,574,gothita
4302,45,0,hp,https://pokeapi.co/api/v2/stat/1/,577,solosis
4303,30,0,attack,https://pokeapi.co/api/v2/stat/2/,577,solosis
4304,40,0,defense,https://pokeapi.co/api/v2/stat/3/,577,solosis
4305,105,1,special-attack,https://pokeapi.co/api/v2/stat/4/,577,solosis
4306,50,0,special-defense,https://pokeapi.co/api/v2/stat/5/,577,solosis
4307,20,0,speed,https://pokeapi.co/api/v2/stat/6/,577,solosis
4308,62,1,hp,https://pokeapi.co/api/v2/stat/1/,580,ducklett
4309,44,0,attack,https://pokeapi.co/api/v2/stat/2/,580,ducklett
4310,50,0,defense,https://pokeapi.co/api/v2/stat/3/,580,ducklett
4311,44,0,special-attack,https://pokeapi.co/api/v2/stat/4/,580,ducklett
4312,50,0,special-defense,https://pokeapi.co/api/v2/stat/5/,580,ducklett
4313,55,0,speed,https://pokeapi.co/api/v2/stat/6/,580,ducklett
4314,36,0,hp,https://pokeapi.co/api/v2/stat/1/,582,vanillite
4315,50,0,attack,https://pokeapi.co/api/v2/stat/2/,582,vanillite
4316,50,0,defense,https://pokeapi.co/api/v2/stat/3/,582,vanillite
4317,65,1,special-attack,https://pokeapi.co/api/v2/stat/4/,582,vanillite
4318,60,0,special-defense,https://pokeapi.co/api/v2/stat/5/,582,vanillite
4319,44,0,speed,https://pokeapi.co/api/v2/stat/6/,582,vanillite
4320,60,0,hp,https://pokeapi.co/api/v2/stat/1/,585,deerling
4321,60,0,attack,https://pokeapi.co/api/v2/stat/2/,585,deerling
4322,50,0,defense,https://pokeapi.co/api/v2/stat/3/,585,deerling
4323,40,0,special-attack,https://pokeapi.co/api/v2/stat/4/,585,deerling
4324,50,0,special-defense,https://pokeapi.co/api/v2/stat/5/,585,deerling
4325,75,1,speed,https://pokeapi.co/api/v2/stat/6/,585,deerling
4326,55,0,hp,https://pokeapi.co/api/v2/stat/1/,587,emolga
4327,75,0,attack,https://pokeapi.co/api/v2/stat/2/,587,emolga
4328,60,0,defense,https://pokeapi.co/api/v2/stat/3/,587,emolga
4329,75,0,special-attack,https://pokeapi.co/api/v2/stat/4/,587,emolga
4330,60,0,special-defense,https://pokeapi.co/api/v2/stat/5/,587,emolga
4331,103,2,speed,https://pokeapi.co/api/v2/stat/6/,587,emolga
4332,50,0,hp,https://pokeapi.co/api/v2/stat/1/,588,karrablast
4333,75,1,attack,https://pokeapi.co/api/v2/stat/2/,588,karrablast
4334,45,0,defense,https://pokeapi.co/api/v2/stat/3/,588,karrablast
4335,40,0,special-attack,https://pokeapi.co/api/v2/stat/4/,588,karrablast
4336,45,0,special-defense,https://pokeapi.co/api/v2/stat/5/,588,karrablast
4337,60,0,speed,https://pokeapi.co/api/v2/stat/6/,588,karrablast
4338,69,1,hp,https://pokeapi.co/api/v2/stat/1/,590,foongus
4339,55,0,attack,https://pokeapi.co/api/v2/stat/2/,590,foongus
4340,45,0,defense,https://pokeapi.co/api/v2/stat/3/,590,foongus
4341,55,0,special-attack,https://pokeapi.co/api/v2/stat/4/,590,foongus
4342,55,0,special-defense,https://pokeapi.co/api/v2/stat/5/,590,foongus
4343,15,0,speed,https://pokeapi.co/api/v2/stat/6/,590,foongus
4344,55,0,hp,https://pokeapi.co/api/v2/stat/1/,592,frillish-male
4345,40,0,attack,https://pokeapi.co/api/v2/stat/2/,592,frillish-male
4346,50,0,defense,https://pokeapi.co/api/v2/stat/3/,592,frillish-male
4347,65,0,special-attack,https://pokeapi.co/api/v2/stat/4/,592,frillish-male
4348,85,1,special-defense,https://pokeapi.co/api/v2/stat/5/,592,frillish-male
4349,40,0,speed,https://pokeapi.co/api/v2/stat/6/,592,frillish-male
4350,165,2,hp,https://pokeapi.co/api/v2/stat/1/,594,alomomola
4351,75,0,attack,https://pokeapi.co/api/v2/stat/2/,594,alomomola
4352,80,0,defense,https://pokeapi.co/api/v2/stat/3/,594,alomomola
4353,40,0,special-attack,https://pokeapi.co/api/v2/stat/4/,594,alomomola
4354,45,0,special-defense,https://pokeapi.co/api/v2/stat/5/,594,alomomola
4355,65,0,speed,https://pokeapi.co/api/v2/stat/6/,594,alomomola
4356,50,0,hp,https://pokeapi.co/api/v2/stat/1/,595,joltik
4357,47,0,attack,https://pokeapi.co/api/v2/stat/2/,595,joltik
4358,50,0,defense,https://pokeapi.co/api/v2/stat/3/,595,joltik
4359,57,0,special-attack,https://pokeapi.co/api/v2/stat/4/,595,joltik
4360,50,0,special-defense,https://pokeapi.co/api/v2/stat/5/,595,joltik
4361,65,1,speed,https://pokeapi.co/api/v2/stat/6/,595,joltik
4362,44,0,hp,https://pokeapi.co/api/v2/stat/1/,597,ferroseed
4363,50,0,attack,https://pokeapi.co/api/v2/stat/2/,597,ferroseed
4364,91,1,defense,https://pokeapi.co/api/v2/stat/3/,597,ferroseed
4365,24,0,special-attack,https://pokeapi.co/api/v2/stat/4/,597,ferroseed
4366,86,0,special-defense,https://pokeapi.co/api/v2/stat/5/,597,ferroseed
4367,10,0,speed,https://pokeapi.co/api/v2/stat/6/,597,ferroseed
4368,40,0,hp,https://pokeapi.co/api/v2/stat/1/,599,klink
4369,55,0,attack,https://pokeapi.co/api/v2/stat/2/,599,klink
4370,70,1,defense,https://pokeapi.co/api/v2/stat/3/,599,klink
4371,45,0,special-attack,https://pokeapi.co/api/v2/stat/4/,599,klink
4372,60,0,special-defense,https://pokeapi.co/api/v2/stat/5/,599,klink
4373,30,0,speed,https://pokeapi.co/api/v2/stat/6/,599,klink
4374,35,0,hp,https://pokeapi.co/api/v2/stat/1/,602,tynamo
4375,55,0,attack,https://pokeapi.co/api/v2/stat/2/,602,tynamo
4376,40,0,defense,https://pokeapi.co/api/v2/stat/3/,602,tynamo
4377,45,0,special-attack,https://pokeapi.co/api/v2/stat/4/,602,tynamo
4378,40,0,special-defense,https://pokeapi.co/api/v2/stat/5/,602,tynamo
4379,60,1,speed,https://pokeapi.co/api/v2/stat/6/,602,tynamo
4380,55,0,hp,https://pokeapi.co/api/v2/stat/1/,605,elgyem
4381,55,0,attack,https://pokeapi.co/api/v2/stat/2/,605,elgyem
4382,55,0,defense,https://pokeapi.co/api/v2/stat/3/,605,elgyem
4383,85,1,special-attack,https://pokeapi.co/api/v2/stat/4/,605,elgyem
4384,55,0,special-defense,https://pokeapi.co/api/v2/stat/5/,605,elgyem
4385,30,0,speed,https://pokeapi.co/api/v2/stat/6/,605,elgyem
4386,50,0,hp,https://pokeapi.co/api/v2/stat/1/,607,litwick
4387,30,0,attack,https://pokeapi.co/api/v2/stat/2/,607,litwick
4388,55,0,defense,https://pokeapi.co/api/v2/stat/3/,607,litwick
4389,65,1,special-attack,https://pokeapi.co/api/v2/stat/4/,607,litwick
4390,55,0,special-defense,https://pokeapi.co/api/v2/stat/5/,607,litwick
4391,20,0,speed,https://pokeapi.co/api/v2/stat/6/,607,litwick
4392,105,0,hp,https://pokeapi.co/api/v2/stat/1/,534,conkeldurr
4393,140,3,attack,https://pokeapi.co/api/v2/stat/2/,534,conkeldurr
4394,95,0,defense,https://pokeapi.co/api/v2/stat/3/,534,conkeldurr
4395,55,0,special-attack,https://pokeapi.co/api/v2/stat/4/,534,conkeldurr
4396,65,0,special-defense,https://pokeapi.co/api/v2/stat/5/,534,conkeldurr
4397,45,0,speed,https://pokeapi.co/api/v2/stat/6/,534,conkeldurr
4398,75,2,hp,https://pokeapi.co/api/v2/stat/1/,536,palpitoad
4399,65,0,attack,https://pokeapi.co/api/v2/stat/2/,536,palpitoad
4400,55,0,defense,https://pokeapi.co/api/v2/stat/3/,536,palpitoad
4401,65,0,special-attack,https://pokeapi.co/api/v2/stat/4/,536,palpitoad
4402,55,0,special-defense,https://pokeapi.co/api/v2/stat/5/,536,palpitoad
4403,69,0,speed,https://pokeapi.co/api/v2/stat/6/,536,palpitoad
4404,105,3,hp,https://pokeapi.co/api/v2/stat/1/,537,seismitoad
4405,95,0,attack,https://pokeapi.co/api/v2/stat/2/,537,seismitoad
4406,75,0,defense,https://pokeapi.co/api/v2/stat/3/,537,seismitoad
4407,85,0,special-attack,https://pokeapi.co/api/v2/stat/4/,537,seismitoad
4408,75,0,special-defense,https://pokeapi.co/api/v2/stat/5/,537,seismitoad
4409,74,0,speed,https://pokeapi.co/api/v2/stat/6/,537,seismitoad
4410,55,0,hp,https://pokeapi.co/api/v2/stat/1/,541,swadloon
4411,63,0,attack,https://pokeapi.co/api/v2/stat/2/,541,swadloon
4412,90,2,defense,https://pokeapi.co/api/v2/stat/3/,541,swadloon
4413,50,0,special-attack,https://pokeapi.co/api/v2/stat/4/,541,swadloon
4414,80,0,special-defense,https://pokeapi.co/api/v2/stat/5/,541,swadloon
4415,42,0,speed,https://pokeapi.co/api/v2/stat/6/,541,swadloon
4416,75,0,hp,https://pokeapi.co/api/v2/stat/1/,542,leavanny
4417,103,3,attack,https://pokeapi.co/api/v2/stat/2/,542,leavanny
4418,80,0,defense,https://pokeapi.co/api/v2/stat/3/,542,leavanny
4419,70,0,special-attack,https://pokeapi.co/api/v2/stat/4/,542,leavanny
4420,80,0,special-defense,https://pokeapi.co/api/v2/stat/5/,542,leavanny
4421,92,0,speed,https://pokeapi.co/api/v2/stat/6/,542,leavanny
4422,40,0,hp,https://pokeapi.co/api/v2/stat/1/,544,whirlipede
4423,55,0,attack,https://pokeapi.co/api/v2/stat/2/,544,whirlipede
4424,99,2,defense,https://pokeapi.co/api/v2/stat/3/,544,whirlipede
4425,40,0,special-attack,https://pokeapi.co/api/v2/stat/4/,544,whirlipede
4426,79,0,special-defense,https://pokeapi.co/api/v2/stat/5/,544,whirlipede
4427,47,0,speed,https://pokeapi.co/api/v2/stat/6/,544,whirlipede
4428,60,0,hp,https://pokeapi.co/api/v2/stat/1/,545,scolipede
4429,100,0,attack,https://pokeapi.co/api/v2/stat/2/,545,scolipede
4430,89,0,defense,https://pokeapi.co/api/v2/stat/3/,545,scolipede
4431,55,0,special-attack,https://pokeapi.co/api/v2/stat/4/,545,scolipede
4432,69,0,special-defense,https://pokeapi.co/api/v2/stat/5/,545,scolipede
4433,112,3,speed,https://pokeapi.co/api/v2/stat/6/,545,scolipede
4434,60,0,hp,https://pokeapi.co/api/v2/stat/1/,10288,scolipede-mega
4435,140,0,attack,https://pokeapi.co/api/v2/stat/2/,10288,scolipede-mega
4436,149,0,defense,https://pokeapi.co/api/v2/stat/3/,10288,scolipede-mega
4437,75,0,special-attack,https://pokeapi.co/api/v2/stat/4/,10288,scolipede-mega
4438,99,0,special-defense,https://pokeapi.co/api/v2/stat/5/,10288,scolipede-mega
4439,62,0,speed,https://pokeapi.co/api/v2/stat/6/,10288,scolipede-mega
4440,60,0,hp,https://pokeapi.co/api/v2/stat/1/,547,whimsicott
4441,67,0,attack,https://pokeapi.co/api/v2/stat/2/,547,whimsicott
4442,85,0,defense,https://pokeapi.co/api/v2/stat/3/,547,whimsicott
4443,77,0,special-attack,https://pokeapi.co/api/v2/stat/4/,547,whimsicott
4444,75,0,special-defense,https://pokeapi.co/api/v2/stat/5/,547,whimsicott
4445,116,2,speed,https://pokeapi.co/api/v2/stat/6/,547,whimsicott
4446,70,0,hp,https://pokeapi.co/api/v2/stat/1/,549,lilligant
4447,60,0,attack,https://pokeapi.co/api/v2/stat/2/,549,lilligant
4448,75,0,defense,https://pokeapi.co/api/v2/stat/3/,549,lilligant
4449,110,2,special-attack,https://pokeapi.co/api/v2/stat/4/,549,lilligant
4450,75,0,special-defense,https://pokeapi.co/api/v2/stat/5/,549,lilligant
4451,90,0,speed,https://pokeapi.co/api/v2/stat/6/,549,lilligant
4452,70,0,hp,https://pokeapi.co/api/v2/stat/1/,10237,lilligant-hisui
4453,105,0,attack,https://pokeapi.co/api/v2/stat/2/,10237,lilligant-hisui
4454,75,0,defense,https://pokeapi.co/api/v2/stat/3/,10237,lilligant-hisui
4455,50,2,special-attack,https://pokeapi.co/api/v2/stat/4/,10237,lilligant-hisui
4456,75,0,special-defense,https://pokeapi.co/api/v2/stat/5/,10237,lilligant-hisui
4457,105,0,speed,https://pokeapi.co/api/v2/stat/6/,10237,lilligant-hisui
4458,60,0,hp,https://pokeapi.co/api/v2/stat/1/,552,krokorok
4459,82,2,attack,https://pokeapi.co/api/v2/stat/2/,552,krokorok
4460,45,0,defense,https://pokeapi.co/api/v2/stat/3/,552,krokorok
4461,45,0,special-attack,https://pokeapi.co/api/v2/stat/4/,552,krokorok
4462,45,0,special-defense,https://pokeapi.co/api/v2/stat/5/,552,krokorok
4463,74,0,speed,https://pokeapi.co/api/v2/stat/6/,552,krokorok
4464,95,0,hp,https://pokeapi.co/api/v2/stat/1/,553,krookodile
4465,117,3,attack,https://pokeapi.co/api/v2/stat/2/,553,krookodile
4466,80,0,defense,https://pokeapi.co/api/v2/stat/3/,553,krookodile
4467,65,0,special-attack,https://pokeapi.co/api/v2/stat/4/,553,krookodile
4468,70,0,special-defense,https://pokeapi.co/api/v2/stat/5/,553,krookodile
4469,92,0,speed,https://pokeapi.co/api/v2/stat/6/,553,krookodile
4470,105,0,hp,https://pokeapi.co/api/v2/stat/1/,555,darmanitan-standard
4471,140,2,attack,https://pokeapi.co/api/v2/stat/2/,555,darmanitan-standard
4472,55,0,defense,https://pokeapi.co/api/v2/stat/3/,555,darmanitan-standard
4473,30,0,special-attack,https://pokeapi.co/api/v2/stat/4/,555,darmanitan-standard
4474,55,0,special-defense,https://pokeapi.co/api/v2/stat/5/,555,darmanitan-standard
4475,95,0,speed,https://pokeapi.co/api/v2/stat/6/,555,darmanitan-standard
4476,105,0,hp,https://pokeapi.co/api/v2/stat/1/,10017,darmanitan-zen
4477,30,0,attack,https://pokeapi.co/api/v2/stat/2/,10017,darmanitan-zen
4478,105,0,defense,https://pokeapi.co/api/v2/stat/3/,10017,darmanitan-zen
4479,140,2,special-attack,https://pokeapi.co/api/v2/stat/4/,10017,darmanitan-zen
4480,105,0,special-defense,https://pokeapi.co/api/v2/stat/5/,10017,darmanitan-zen
4481,55,0,speed,https://pokeapi.co/api/v2/stat/6/,10017,darmanitan-zen
4482,105,0,hp,https://pokeapi.co/api/v2/stat/1/,10177,darmanitan-galar-standard
4483,140,2,attack,https://pokeapi.co/api/v2/stat/2/,10177,darmanitan-galar-standard
4484,55,0,defense,https://pokeapi.co/api/v2/stat/3/,10177,darmanitan-galar-standard
4485,30,0,special-attack,https://pokeapi.co/api/v2/stat/4/,10177,darmanitan-galar-standard
4486,55,0,special-defense,https://pokeapi.co/api/v2/stat/5/,10177,darmanitan-galar-standard
4487,95,0,speed,https://pokeapi.co/api/v2/stat/6/,10177,darmanitan-galar-standard
4488,105,0,hp,https://pokeapi.co/api/v2/stat/1/,10178,darmanitan-galar-zen
4489,160,0,attack,https://pokeapi.co/api/v2/stat/2/,10178,darmanitan-galar-zen
4490,55,0,defense,https://pokeapi.co/api/v2/stat/3/,10178,darmanitan-galar-zen
4491,30,2,special-attack,https://pokeapi.co/api/v2/stat/4/,10178,darmanitan-galar-zen
4492,55,0,special-defense,https://pokeapi.co/api/v2/stat/5/,10178,darmanitan-galar-zen
4493,135,0,speed,https://pokeapi.co/api/v2/stat/6/,10178,darmanitan-galar-zen
4494,70,0,hp,https://pokeapi.co/api/v2/stat/1/,558,crustle
4495,105,0,attack,https://pokeapi.co/api/v2/stat/2/,558,crustle
4496,125,2,defense,https://pokeapi.co/api/v2/stat/3/,558,crustle
4497,65,0,special-attack,https://pokeapi.co/api/v2/stat/4/,558,crustle
4498,75,0,special-defense,https://pokeapi.co/api/v2/stat/5/,558,crustle
4499,45,0,speed,https://pokeapi.co/api/v2/stat/6/,558,crustle
4500,65,0,hp,https://pokeapi.co/api/v2/stat/1/,560,scrafty
4501,90,0,attack,https://pokeapi.co/api/v2/stat/2/,560,scrafty
4502,115,1,defense,https://pokeapi.co/api/v2/stat/3/,560,scrafty
4503,45,0,special-attack,https://pokeapi.co/api/v2/stat/4/,560,scrafty
4504,115,1,special-defense,https://pokeapi.co/api/v2/stat/5/,560,scrafty
4505,58,0,speed,https://pokeapi.co/api/v2/stat/6/,560,scrafty
4506,65,0,hp,https://pokeapi.co/api/v2/stat/1/,10289,scrafty-mega
4507,130,0,attack,https://pokeapi.co/api/v2/stat/2/,10289,scrafty-mega
4508,135,0,defense,https://pokeapi.co/api/v2/stat/3/,10289,scrafty-mega
4509,55,0,special-attack,https://pokeapi.co/api/v2/stat/4/,10289,scrafty-mega
4510,135,0,special-defense,https://pokeapi.co/api/v2/stat/5/,10289,scrafty-mega
4511,68,0,speed,https://pokeapi.co/api/v2/stat/6/,10289,scrafty-mega
4512,74,0,hp,https://pokeapi.co/api/v2/stat/1/,565,carracosta
4513,108,0,attack,https://pokeapi.co/api/v2/stat/2/,565,carracosta
4514,133,2,defense,https://pokeapi.co/api/v2/stat/3/,565,carracosta
4515,83,0,special-attack,https://pokeapi.co/api/v2/stat/4/,565,carracosta
4516,65,0,special-defense,https://pokeapi.co/api/v2/stat/5/,565,carracosta
4517,32,0,speed,https://pokeapi.co/api/v2/stat/6/,565,carracosta
4518,75,0,hp,https://pokeapi.co/api/v2/stat/1/,567,archeops
4519,140,2,attack,https://pokeapi.co/api/v2/stat/2/,567,archeops
4520,65,0,defense,https://pokeapi.co/api/v2/stat/3/,567,archeops
4521,112,0,special-attack,https://pokeapi.co/api/v2/stat/4/,567,archeops
4522,65,0,special-defense,https://pokeapi.co/api/v2/stat/5/,567,archeops
4523,110,0,speed,https://pokeapi.co/api/v2/stat/6/,567,archeops
4524,80,0,hp,https://pokeapi.co/api/v2/stat/1/,569,garbodor
4525,95,2,attack,https://pokeapi.co/api/v2/stat/2/,569,garbodor
4526,82,0,defense,https://pokeapi.co/api/v2/stat/3/,569,garbodor
4527,60,0,special-attack,https://pokeapi.co/api/v2/stat/4/,569,garbodor
4528,82,0,special-defense,https://pokeapi.co/api/v2/stat/5/,569,garbodor
4529,75,0,speed,https://pokeapi.co/api/v2/stat/6/,569,garbodor
4530,80,0,hp,https://pokeapi.co/api/v2/stat/1/,10207,garbodor-gmax
4531,95,2,attack,https://pokeapi.co/api/v2/stat/2/,10207,garbodor-gmax
4532,82,0,defense,https://pokeapi.co/api/v2/stat/3/,10207,garbodor-gmax
4533,60,0,special-attack,https://pokeapi.co/api/v2/stat/4/,10207,garbodor-gmax
4534,82,0,special-defense,https://pokeapi.co/api/v2/stat/5/,10207,garbodor-gmax
4535,75,0,speed,https://pokeapi.co/api/v2/stat/6/,10207,garbodor-gmax
4536,60,0,hp,https://pokeapi.co/api/v2/stat/1/,571,zoroark
4537,105,0,attack,https://pokeapi.co/api/v2/stat/2/,571,zoroark
4538,60,0,defense,https://pokeapi.co/api/v2/stat/3/,571,zoroark
4539,120,2,special-attack,https://pokeapi.co/api/v2/stat/4/,571,zoroark
4540,60,0,special-defense,https://pokeapi.co/api/v2/stat/5/,571,zoroark
4541,105,0,speed,https://pokeapi.co/api/v2/stat/6/,571,zoroark
4542,55,0,hp,https://pokeapi.co/api/v2/stat/1/,10239,zoroark-hisui
4543,100,0,attack,https://pokeapi.co/api/v2/stat/2/,10239,zoroark-hisui
4544,60,0,defense,https://pokeapi.co/api/v2/stat/3/,10239,zoroark-hisui
4545,125,2,special-attack,https://pokeapi.co/api/v2/stat/4/,10239,zoroark-hisui
4546,60,0,special-defense,https://pokeapi.co/api/v2/stat/5/,10239,zoroark-hisui
4547,110,0,speed,https://pokeapi.co/api/v2/stat/6/,10239,zoroark-hisui
4548,75,0,hp,https://pokeapi.co/api/v2/stat/1/,573,cinccino
4549,95,0,attack,https://pokeapi.co/api/v2/stat/2/,573,cinccino
4550,60,0,defense,https://pokeapi.co/api/v2/stat/3/,573,cinccino
4551,65,0,special-attack,https://pokeapi.co/api/v2/stat/4/,573,cinccino
4552,60,0,special-defense,https://pokeapi.co/api/v2/stat/5/,573,cinccino
4553,115,2,speed,https://pokeapi.co/api/v2/stat/6/,573,cinccino
4554,60,0,hp,https://pokeapi.co/api/v2/stat/1/,575,gothorita
4555,45,0,attack,https://pokeapi.co/api/v2/stat/2/,575,gothorita
4556,70,0,defense,https://pokeapi.co/api/v2/stat/3/,575,gothorita
4557,75,0,special-attack,https://pokeapi.co/api/v2/stat/4/,575,gothorita
4558,85,2,special-defense,https://pokeapi.co/api/v2/stat/5/,575,gothorita
4559,55,0,speed,https://pokeapi.co/api/v2/stat/6/,575,gothorita
4560,70,0,hp,https://pokeapi.co/api/v2/stat/1/,576,gothitelle
4561,55,0,attack,https://pokeapi.co/api/v2/stat/2/,576,gothitelle
4562,95,0,defense,https://pokeapi.co/api/v2/stat/3/,576,gothitelle
4563,95,0,special-attack,https://pokeapi.co/api/v2/stat/4/,576,gothitelle
4564,110,3,special-defense,https://pokeapi.co/api/v2/stat/5/,576,gothitelle
4565,65,0,speed,https://pokeapi.co/api/v2/stat/6/,576,gothitelle
4566,65,0,hp,https://pokeapi.co/api/v2/stat/1/,578,duosion
4567,40,0,attack,https://pokeapi.co/api/v2/stat/2/,578,duosion
4568,50,0,defense,https://pokeapi.co/api/v2/stat/3/,578,duosion
4569,125,2,special-attack,https://pokeapi.co/api/v2/stat/4/,578,duosion
4570,60,0,special-defense,https://pokeapi.co/api/v2/stat/5/,578,duosion
4571,30,0,speed,https://pokeapi.co/api/v2/stat/6/,578,duosion
4572,110,0,hp,https://pokeapi.co/api/v2/stat/1/,579,reuniclus
4573,65,0,attack,https://pokeapi.co/api/v2/stat/2/,579,reuniclus
4574,75,0,defense,https://pokeapi.co/api/v2/stat/3/,579,reuniclus
4575,125,3,special-attack,https://pokeapi.co/api/v2/stat/4/,579,reuniclus
4576,85,0,special-defense,https://pokeapi.co/api/v2/stat/5/,579,reuniclus
4577,30,0,speed,https://pokeapi.co/api/v2/stat/6/,579,reuniclus
4578,75,0,hp,https://pokeapi.co/api/v2/stat/1/,581,swanna
4579,87,0,attack,https://pokeapi.co/api/v2/stat/2/,581,swanna
4580,63,0,defense,https://pokeapi.co/api/v2/stat/3/,581,swanna
4581,87,0,special-attack,https://pokeapi.co/api/v2/stat/4/,581,swanna
4582,63,0,special-defense,https://pokeapi.co/api/v2/stat/5/,581,swanna
4583,98,2,speed,https://pokeapi.co/api/v2/stat/6/,581,swanna
4584,51,0,hp,https://pokeapi.co/api/v2/stat/1/,583,vanillish
4585,65,0,attack,https://pokeapi.co/api/v2/stat/2/,583,vanillish
4586,65,0,defense,https://pokeapi.co/api/v2/stat/3/,583,vanillish
4587,80,2,special-attack,https://pokeapi.co/api/v2/stat/4/,583,vanillish
4588,75,0,special-defense,https://pokeapi.co/api/v2/stat/5/,583,vanillish
4589,59,0,speed,https://pokeapi.co/api/v2/stat/6/,583,vanillish
4590,71,0,hp,https://pokeapi.co/api/v2/stat/1/,584,vanilluxe
4591,95,0,attack,https://pokeapi.co/api/v2/stat/2/,584,vanilluxe
4592,85,0,defense,https://pokeapi.co/api/v2/stat/3/,584,vanilluxe
4593,110,3,special-attack,https://pokeapi.co/api/v2/stat/4/,584,vanilluxe
4594,95,0,special-defense,https://pokeapi.co/api/v2/stat/5/,584,vanilluxe
4595,79,0,speed,https://pokeapi.co/api/v2/stat/6/,584,vanilluxe
4596,80,0,hp,https://pokeapi.co/api/v2/stat/1/,586,sawsbuck
4597,100,2,attack,https://pokeapi.co/api/v2/stat/2/,586,sawsbuck
4598,70,0,defense,https://pokeapi.co/api/v2/stat/3/,586,sawsbuck
4599,60,0,special-attack,https://pokeapi.co/api/v2/stat/4/,586,sawsbuck
4600,70,0,special-defense,https://pokeapi.co/api/v2/stat/5/,586,sawsbuck
4601,95,0,speed,https://pokeapi.co/api/v2/stat/6/,586,sawsbuck
4602,70,0,hp,https://pokeapi.co/api/v2/stat/1/,589,escavalier
4603,135,2,attack,https://pokeapi.co/api/v2/stat/2/,589,escavalier
4604,105,0,defense,https://pokeapi.co/api/v2/stat/3/,589,escavalier
4605,60,0,special-attack,https://pokeapi.co/api/v2/stat/4/,589,escavalier
4606,105,0,special-defense,https://pokeapi.co/api/v2/stat/5/,589,escavalier
4607,20,0,speed,https://pokeapi.co/api/v2/stat/6/,589,escavalier
4608,114,2,hp,https://pokeapi.co/api/v2/stat/1/,591,amoonguss
4609,85,0,attack,https://pokeapi.co/api/v2/stat/2/,591,amoonguss
4610,70,0,defense,https://pokeapi.co/api/v2/stat/3/,591,amoonguss
4611,85,0,special-attack,https://pokeapi.co/api/v2/stat/4/,591,amoonguss
4612,80,0,special-defense,https://pokeapi.co/api/v2/stat/5/,591,amoonguss
4613,30,0,speed,https://pokeapi.co/api/v2/stat/6/,591,amoonguss
4614,100,0,hp,https://pokeapi.co/api/v2/stat/1/,593,jellicent-male
4615,60,0,attack,https://pokeapi.co/api/v2/stat/2/,593,jellicent-male
4616,70,0,defense,https://pokeapi.co/api/v2/stat/3/,593,jellicent-male
4617,85,0,special-attack,https://pokeapi.co/api/v2/stat/4/,593,jellicent-male
4618,105,2,special-defense,https://pokeapi.co/api/v2/stat/5/,593,jellicent-male
4619,60,0,speed,https://pokeapi.co/api/v2/stat/6/,593,jellicent-male
4620,70,0,hp,https://pokeapi.co/api/v2/stat/1/,596,galvantula
4621,77,0,attack,https://pokeapi.co/api/v2/stat/2/,596,galvantula
4622,60,0,defense,https://pokeapi.co/api/v2/stat/3/,596,galvantula
4623,97,0,special-attack,https://pokeapi.co/api/v2/stat/4/,596,galvantula
4624,60,0,special-defense,https://pokeapi.co/api/v2/stat/5/,596,galvantula
4625,108,2,speed,https://pokeapi.co/api/v2/stat/6/,596,galvantula
4626,74,0,hp,https://pokeapi.co/api/v2/stat/1/,598,ferrothorn
4627,94,0,attack,https://pokeapi.co/api/v2/stat/2/,598,ferrothorn
4628,131,2,defense,https://pokeapi.co/api/v2/stat/3/,598,ferrothorn
4629,54,0,special-attack,https://pokeapi.co/api/v2/stat/4/,598,ferrothorn
4630,116,0,special-defense,https://pokeapi.co/api/v2/stat/5/,598,ferrothorn
4631,20,0,speed,https://pokeapi.co/api/v2/stat/6/,598,ferrothorn
4632,60,0,hp,https://pokeapi.co/api/v2/stat/1/,600,klang
4633,80,0,attack,https://pokeapi.co/api/v2/stat/2/,600,klang
4634,95,2,defense,https://pokeapi.co/api/v2/stat/3/,600,klang
4635,70,0,special-attack,https://pokeapi.co/api/v2/stat/4/,600,klang
4636,85,0,special-defense,https://pokeapi.co/api/v2/stat/5/,600,klang
4637,50,0,speed,https://pokeapi.co/api/v2/stat/6/,600,klang
4638,65,0,hp,https://pokeapi.co/api/v2/stat/1/,603,eelektrik
4639,85,2,attack,https://pokeapi.co/api/v2/stat/2/,603,eelektrik
4640,70,0,defense,https://pokeapi.co/api/v2/stat/3/,603,eelektrik
4641,75,0,special-attack,https://pokeapi.co/api/v2/stat/4/,603,eelektrik
4642,70,0,special-defense,https://pokeapi.co/api/v2/stat/5/,603,eelektrik
4643,40,0,speed,https://pokeapi.co/api/v2/stat/6/,603,eelektrik
4644,85,0,hp,https://pokeapi.co/api/v2/stat/1/,604,eelektross
4645,115,3,attack,https://pokeapi.co/api/v2/stat/2/,604,eelektross
4646,80,0,defense,https://pokeapi.co/api/v2/stat/3/,604,eelektross
4647,105,0,special-attack,https://pokeapi.co/api/v2/stat/4/,604,eelektross
4648,80,0,special-defense,https://pokeapi.co/api/v2/stat/5/,604,eelektross
4649,50,0,speed,https://pokeapi.co/api/v2/stat/6/,604,eelektross
4650,85,0,hp,https://pokeapi.co/api/v2/stat/1/,10290,eelektross-mega
4651,145,0,attack,https://pokeapi.co/api/v2/stat/2/,10290,eelektross-mega
4652,80,0,defense,https://pokeapi.co/api/v2/stat/3/,10290,eelektross-mega
4653,135,0,special-attack,https://pokeapi.co/api/v2/stat/4/,10290,eelektross-mega
4654,90,0,special-defense,https://pokeapi.co/api/v2/stat/5/,10290,eelektross-mega
4655,80,0,speed,https://pokeapi.co/api/v2/stat/6/,10290,eelektross-mega
4656,75,0,hp,https://pokeapi.co/api/v2/stat/1/,606,beheeyem
4657,75,0,attack,https://pokeapi.co/api/v2/stat/2/,606,beheeyem
4658,75,0,defense,https://pokeapi.co/api/v2/stat/3/,606,beheeyem
4659,125,2,special-attack,https://pokeapi.co/api/v2/stat/4/,606,beheeyem
4660,95,0,special-defense,https://pokeapi.co/api/v2/stat/5/,606,beheeyem
4661,40,0,speed,https://pokeapi.co/api/v2/stat/6/,606,beheeyem
4662,60,0,hp,https://pokeapi.co/api/v2/stat/1/,608,lampent
4663,40,0,attack,https://pokeapi.co/api/v2/stat/2/,608,lampent
4664,60,0,defense,https://pokeapi.co/api/v2/stat/3/,608,lampent
4665,95,2,special-attack,https://pokeapi.co/api/v2/stat/4/,608,lampent
4666,60,0,special-defense,https://pokeapi.co/api/v2/stat/5/,608,lampent
4667,55,0,speed,https://pokeapi.co/api/v2/stat/6/,608,lampent
4668,46,0,hp,https://pokeapi.co/api/v2/stat/1/,610,axew
4669,87,1,attack,https://pokeapi.co/api/v2/stat/2/,610,axew
4670,60,0,defense,https://pokeapi.co/api/v2/stat/3/,610,axew
4671,30,0,special-attack,https://pokeapi.co/api/v2/stat/4/,610,axew
4672,40,0,special-defense,https://pokeapi.co/api/v2/stat/5/,610,axew
4673,57,0,speed,https://pokeapi.co/api/v2/stat/6/,610,axew
4674,55,0,hp,https://pokeapi.co/api/v2/stat/1/,613,cubchoo
4675,70,1,attack,https://pokeapi.co/api/v2/stat/2/,613,cubchoo
4676,40,0,defense,https://pokeapi.co/api/v2/stat/3/,613,cubchoo
4677,60,0,special-attack,https://pokeapi.co/api/v2/stat/4/,613,cubchoo
4678,40,0,special-defense,https://pokeapi.co/api/v2/stat/5/,613,cubchoo
4679,40,0,speed,https://pokeapi.co/api/v2/stat/6/,613,cubchoo
4680,80,0,hp,https://pokeapi.co/api/v2/stat/1/,615,cryogonal
4681,50,0,attack,https://pokeapi.co/api/v2/stat/2/,615,cryogonal
4682,50,0,defense,https://pokeapi.co/api/v2/stat/3/,615,cryogonal
4683,95,0,special-attack,https://pokeapi.co/api/v2/stat/4/,615,cryogonal
4684,135,2,special-defense,https://pokeapi.co/api/v2/stat/5/,615,cryogonal
4685,105,0,speed,https://pokeapi.co/api/v2/stat/6/,615,cryogonal
4686,50,0,hp,https://pokeapi.co/api/v2/stat/1/,616,shelmet
4687,40,0,attack,https://pokeapi.co/api/v2/stat/2/,616,shelmet
4688,85,1,defense,https://pokeapi.co/api/v2/stat/3/,616,shelmet
4689,40,0,special-attack,https://pokeapi.co/api/v2/stat/4/,616,shelmet
4690,65,0,special-defense,https://pokeapi.co/api/v2/stat/5/,616,shelmet
4691,25,0,speed,https://pokeapi.co/api/v2/stat/6/,616,shelmet
4692,109,2,hp,https://pokeapi.co/api/v2/stat/1/,618,stunfisk
4693,66,0,attack,https://pokeapi.co/api/v2/stat/2/,618,stunfisk
4694,84,0,defense,https://pokeapi.co/api/v2/stat/3/,618,stunfisk
4695,81,0,special-attack,https://pokeapi.co/api/v2/stat/4/,618,stunfisk
4696,99,0,special-defense,https://pokeapi.co/api/v2/stat/5/,618,stunfisk
4697,32,0,speed,https://pokeapi.co/api/v2/stat/6/,618,stunfisk
4698,109,2,hp,https://pokeapi.co/api/v2/stat/1/,10180,stunfisk-galar
4699,81,0,attack,https://pokeapi.co/api/v2/stat/2/,10180,stunfisk-galar
4700,99,0,defense,https://pokeapi.co/api/v2/stat/3/,10180,stunfisk-galar
4701,66,0,special-attack,https://pokeapi.co/api/v2/stat/4/,10180,stunfisk-galar
4702,84,0,special-defense,https://pokeapi.co/api/v2/stat/5/,10180,stunfisk-galar
4703,32,0,speed,https://pokeapi.co/api/v2/stat/6/,10180,stunfisk-galar
4704,45,0,hp,https://pokeapi.co/api/v2/stat/1/,619,mienfoo
4705,85,1,attack,https://pokeapi.co/api/v2/stat/2/,619,mienfoo
4706,50,0,defense,https://pokeapi.co/api/v2/stat/3/,619,mienfoo
4707,55,0,special-attack,https://pokeapi.co/api/v2/stat/4/,619,mienfoo
4708,50,0,special-defense,https://pokeapi.co/api/v2/stat/5/,619,mienfoo
4709,65,0,speed,https://pokeapi.co/api/v2/stat/6/,619,mienfoo
4710,77,0,hp,https://pokeapi.co/api/v2/stat/1/,621,druddigon
4711,120,2,attack,https://pokeapi.co/api/v2/stat/2/,621,druddigon
4712,90,0,defense,https://pokeapi.co/api/v2/stat/3/,621,druddigon
4713,60,0,special-attack,https://pokeapi.co/api/v2/stat/4/,621,druddigon
4714,90,0,special-defense,https://pokeapi.co/api/v2/stat/5/,621,druddigon
4715,48,0,speed,https://pokeapi.co/api/v2/stat/6/,621,druddigon
4716,59,0,hp,https://pokeapi.co/api/v2/stat/1/,622,golett
4717,74,1,attack,https://pokeapi.co/api/v2/stat/2/,622,golett
4718,50,0,defense,https://pokeapi.co/api/v2/stat/3/,622,golett
4719,35,0,special-attack,https://pokeapi.co/api/v2/stat/4/,622,golett
4720,50,0,special-defense,https://pokeapi.co/api/v2/stat/5/,622,golett
4721,35,0,speed,https://pokeapi.co/api/v2/stat/6/,622,golett
4722,45,0,hp,https://pokeapi.co/api/v2/stat/1/,624,pawniard
4723,85,1,attack,https://pokeapi.co/api/v2/stat/2/,624,pawniard
4724,70,0,defense,https://pokeapi.co/api/v2/stat/3/,624,pawniard
4725,40,0,special-attack,https://pokeapi.co/api/v2/stat/4/,624,pawniard
4726,40,0,special-defense,https://pokeapi.co/api/v2/stat/5/,624,pawniard
4727,60,0,speed,https://pokeapi.co/api/v2/stat/6/,624,pawniard
4728,95,0,hp,https://pokeapi.co/api/v2/stat/1/,626,bouffalant
4729,110,2,attack,https://pokeapi.co/api/v2/stat/2/,626,bouffalant
4730,95,0,defense,https://pokeapi.co/api/v2/stat/3/,626,bouffalant
4731,40,0,special-attack,https://pokeapi.co/api/v2/stat/4/,626,bouffalant
4732,95,0,special-defense,https://pokeapi.co/api/v2/stat/5/,626,bouffalant
4733,55,0,speed,https://pokeapi.co/api/v2/stat/6/,626,bouffalant
4734,70,0,hp,https://pokeapi.co/api/v2/stat/1/,627,rufflet
4735,83,1,attack,https://pokeapi.co/api/v2/stat/2/,627,rufflet
4736,50,0,defense,https://pokeapi.co/api/v2/stat/3/,627,rufflet
4737,37,0,special-attack,https://pokeapi.co/api/v2/stat/4/,627,rufflet
4738,50,0,special-defense,https://pokeapi.co/api/v2/stat/5/,627,rufflet
4739,60,0,speed,https://pokeapi.co/api/v2/stat/6/,627,rufflet
4740,70,0,hp,https://pokeapi.co/api/v2/stat/1/,629,vullaby
4741,55,0,attack,https://pokeapi.co/api/v2/stat/2/,629,vullaby
4742,75,1,defense,https://pokeapi.co/api/v2/stat/3/,629,vullaby
4743,45,0,special-attack,https://pokeapi.co/api/v2/stat/4/,629,vullaby
4744,65,0,special-defense,https://pokeapi.co/api/v2/stat/5/,629,vullaby
4745,60,0,speed,https://pokeapi.co/api/v2/stat/6/,629,vullaby
4746,85,0,hp,https://pokeapi.co/api/v2/stat/1/,631,heatmor
4747,97,0,attack,https://pokeapi.co/api/v2/stat/2/,631,heatmor
4748,66,0,defense,https://pokeapi.co/api/v2/stat/3/,631,heatmor
4749,105,2,special-attack,https://pokeapi.co/api/v2/stat/4/,631,heatmor
4750,66,0,special-defense,https://pokeapi.co/api/v2/stat/5/,631,heatmor
4751,65,0,speed,https://pokeapi.co/api/v2/stat/6/,631,heatmor
4752,58,0,hp,https://pokeapi.co/api/v2/stat/1/,632,durant
4753,109,0,attack,https://pokeapi.co/api/v2/stat/2/,632,durant
4754,112,2,defense,https://pokeapi.co/api/v2/stat/3/,632,durant
4755,48,0,special-attack,https://pokeapi.co/api/v2/stat/4/,632,durant
4756,48,0,special-defense,https://pokeapi.co/api/v2/stat/5/,632,durant
4757,109,0,speed,https://pokeapi.co/api/v2/stat/6/,632,durant
4758,52,0,hp,https://pokeapi.co/api/v2/stat/1/,633,deino
4759,65,1,attack,https://pokeapi.co/api/v2/stat/2/,633,deino
4760,50,0,defense,https://pokeapi.co/api/v2/stat/3/,633,deino
4761,45,0,special-attack,https://pokeapi.co/api/v2/stat/4/,633,deino
4762,50,0,special-defense,https://pokeapi.co/api/v2/stat/5/,633,deino
4763,38,0,speed,https://pokeapi.co/api/v2/stat/6/,633,deino
4764,55,0,hp,https://pokeapi.co/api/v2/stat/1/,636,larvesta
4765,85,1,attack,https://pokeapi.co/api/v2/stat/2/,636,larvesta
4766,55,0,defense,https://pokeapi.co/api/v2/stat/3/,636,larvesta
4767,50,0,special-attack,https://pokeapi.co/api/v2/stat/4/,636,larvesta
4768,55,0,special-defense,https://pokeapi.co/api/v2/stat/5/,636,larvesta
4769,60,0,speed,https://pokeapi.co/api/v2/stat/6/,636,larvesta
4770,91,0,hp,https://pokeapi.co/api/v2/stat/1/,638,cobalion
4771,90,0,attack,https://pokeapi.co/api/v2/stat/2/,638,cobalion
4772,129,3,defense,https://pokeapi.co/api/v2/stat/3/,638,cobalion
4773,90,0,special-attack,https://pokeapi.co/api/v2/stat/4/,638,cobalion
4774,72,0,special-defense,https://pokeapi.co/api/v2/stat/5/,638,cobalion
4775,108,0,speed,https://pokeapi.co/api/v2/stat/6/,638,cobalion
4776,91,0,hp,https://pokeapi.co/api/v2/stat/1/,639,terrakion
4777,129,3,attack,https://pokeapi.co/api/v2/stat/2/,639,terrakion
4778,90,0,defense,https://pokeapi.co/api/v2/stat/3/,639,terrakion
4779,72,0,special-attack,https://pokeapi.co/api/v2/stat/4/,639,terrakion
4780,90,0,special-defense,https://pokeapi.co/api/v2/stat/5/,639,terrakion
4781,108,0,speed,https://pokeapi.co/api/v2/stat/6/,639,terrakion
4782,91,0,hp,https://pokeapi.co/api/v2/stat/1/,640,virizion
4783,90,0,attack,https://pokeapi.co/api/v2/stat/2/,640,virizion
4784,72,0,defense,https://pokeapi.co/api/v2/stat/3/,640,virizion
4785,90,0,special-attack,https://pokeapi.co/api/v2/stat/4/,640,virizion
4786,129,3,special-defense,https://pokeapi.co/api/v2/stat/5/,640,virizion
4787,108,0,speed,https://pokeapi.co/api/v2/stat/6/,640,virizion
4788,79,0,hp,https://pokeapi.co/api/v2/stat/1/,641,tornadus-incarnate
4789,115,3,attack,https://pokeapi.co/api/v2/stat/2/,641,tornadus-incarnate
4790,70,0,defense,https://pokeapi.co/api/v2/stat/3/,641,tornadus-incarnate
4791,125,0,special-attack,https://pokeapi.co/api/v2/stat/4/,641,tornadus-incarnate
4792,80,0,special-defense,https://pokeapi.co/api/v2/stat/5/,641,tornadus-incarnate
4793,111,0,speed,https://pokeapi.co/api/v2/stat/6/,641,tornadus-incarnate
4794,79,0,hp,https://pokeapi.co/api/v2/stat/1/,10019,tornadus-therian
4795,100,0,attack,https://pokeapi.co/api/v2/stat/2/,10019,tornadus-therian
4796,80,0,defense,https://pokeapi.co/api/v2/stat/3/,10019,tornadus-therian
4797,110,0,special-attack,https://pokeapi.co/api/v2/stat/4/,10019,tornadus-therian
4798,90,0,special-defense,https://pokeapi.co/api/v2/stat/5/,10019,tornadus-therian
4799,121,3,speed,https://pokeapi.co/api/v2/stat/6/,10019,tornadus-therian
4800,79,0,hp,https://pokeapi.co/api/v2/stat/1/,642,thundurus-incarnate
4801,115,3,attack,https://pokeapi.co/api/v2/stat/2/,642,thundurus-incarnate
4802,70,0,defense,https://pokeapi.co/api/v2/stat/3/,642,thundurus-incarnate
4803,125,0,special-attack,https://pokeapi.co/api/v2/stat/4/,642,thundurus-incarnate
4804,80,0,special-defense,https://pokeapi.co/api/v2/stat/5/,642,thundurus-incarnate
4805,111,0,speed,https://pokeapi.co/api/v2/stat/6/,642,thundurus-incarnate
4806,79,0,hp,https://pokeapi.co/api/v2/stat/1/,10020,thundurus-therian
4807,105,0,attack,https://pokeapi.co/api/v2/stat/2/,10020,thundurus-therian
4808,70,0,defense,https://pokeapi.co/api/v2/stat/3/,10020,thundurus-therian
4809,145,3,special-attack,https://pokeapi.co/api/v2/stat/4/,10020,thundurus-therian
4810,80,0,special-defense,https://pokeapi.co/api/v2/stat/5/,10020,thundurus-therian
4811,101,0,speed,https://pokeapi.co/api/v2/stat/6/,10020,thundurus-therian
4812,100,0,hp,https://pokeapi.co/api/v2/stat/1/,643,reshiram
4813,120,0,attack,https://pokeapi.co/api/v2/stat/2/,643,reshiram
4814,100,0,defense,https://pokeapi.co/api/v2/stat/3/,643,reshiram
4815,150,3,special-attack,https://pokeapi.co/api/v2/stat/4/,643,reshiram
4816,120,0,special-defense,https://pokeapi.co/api/v2/stat/5/,643,reshiram
4817,90,0,speed,https://pokeapi.co/api/v2/stat/6/,643,reshiram
4818,100,0,hp,https://pokeapi.co/api/v2/stat/1/,644,zekrom
4819,150,3,attack,https://pokeapi.co/api/v2/stat/2/,644,zekrom
4820,120,0,defense,https://pokeapi.co/api/v2/stat/3/,644,zekrom
4821,120,0,special-attack,https://pokeapi.co/api/v2/stat/4/,644,zekrom
4822,100,0,special-defense,https://pokeapi.co/api/v2/stat/5/,644,zekrom
4823,90,0,speed,https://pokeapi.co/api/v2/stat/6/,644,zekrom
4824,89,0,hp,https://pokeapi.co/api/v2/stat/1/,645,landorus-incarnate
4825,125,0,attack,https://pokeapi.co/api/v2/stat/2/,645,landorus-incarnate
4826,90,0,defense,https://pokeapi.co/api/v2/stat/3/,645,landorus-incarnate
4827,115,3,special-attack,https://pokeapi.co/api/v2/stat/4/,645,landorus-incarnate
4828,80,0,special-defense,https://pokeapi.co/api/v2/stat/5/,645,landorus-incarnate
4829,101,0,speed,https://pokeapi.co/api/v2/stat/6/,645,landorus-incarnate
4830,89,0,hp,https://pokeapi.co/api/v2/stat/1/,10021,landorus-therian
4831,145,3,attack,https://pokeapi.co/api/v2/stat/2/,10021,landorus-therian
4832,90,0,defense,https://pokeapi.co/api/v2/stat/3/,10021,landorus-therian
4833,105,0,special-attack,https://pokeapi.co/api/v2/stat/4/,10021,landorus-therian
4834,80,0,special-defense,https://pokeapi.co/api/v2/stat/5/,10021,landorus-therian
4835,91,0,speed,https://pokeapi.co/api/v2/stat/6/,10021,landorus-therian
4836,125,1,hp,https://pokeapi.co/api/v2/stat/1/,646,kyurem
4837,130,1,attack,https://pokeapi.co/api/v2/stat/2/,646,kyurem
4838,90,0,defense,https://pokeapi.co/api/v2/stat/3/,646,kyurem
4839,130,1,special-attack,https://pokeapi.co/api/v2/stat/4/,646,kyurem
4840,90,0,special-defense,https://pokeapi.co/api/v2/stat/5/,646,kyurem
4841,95,0,speed,https://pokeapi.co/api/v2/stat/6/,646,kyurem
4842,125,0,hp,https://pokeapi.co/api/v2/stat/1/,10022,kyurem-black
4843,170,3,attack,https://pokeapi.co/api/v2/stat/2/,10022,kyurem-black
4844,100,0,defense,https://pokeapi.co/api/v2/stat/3/,10022,kyurem-black
4845,120,0,special-attack,https://pokeapi.co/api/v2/stat/4/,10022,kyurem-black
4846,90,0,special-defense,https://pokeapi.co/api/v2/stat/5/,10022,kyurem-black
4847,95,0,speed,https://pokeapi.co/api/v2/stat/6/,10022,kyurem-black
4848,125,0,hp,https://pokeapi.co/api/v2/stat/1/,10023,kyurem-white
4849,120,0,attack,https://pokeapi.co/api/v2/stat/2/,10023,kyurem-white
4850,90,0,defense,https://pokeapi.co/api/v2/stat/3/,10023,kyurem-white
4851,170,3,special-attack,https://pokeapi.co/api/v2/stat/4/,10023,kyurem-white
4852,100,0,special-defense,https://pokeapi.co/api/v2/stat/5/,10023,kyurem-white
4853,95,0,speed,https://pokeapi.co/api/v2/stat/6/,10023,kyurem-white
4854,91,0,hp,https://pokeapi.co/api/v2/stat/1/,647,keldeo-ordinary
4855,72,0,attack,https://pokeapi.co/api/v2/stat/2/,647,keldeo-ordinary
4856,90,0,defense,https://pokeapi.co/api/v2/stat/3/,647,keldeo-ordinary
4857,129,3,special-attack,https://pokeapi.co/api/v2/stat/4/,647,keldeo-ordinary
4858,90,0,special-defense,https://pokeapi.co/api/v2/stat/5/,647,keldeo-ordinary
4859,108,0,speed,https://pokeapi.co/api/v2/stat/6/,647,keldeo-ordinary
4860,91,0,hp,https://pokeapi.co/api/v2/stat/1/,10024,keldeo-resolute
4861,72,0,attack,https://pokeapi.co/api/v2/stat/2/,10024,keldeo-resolute
4862,90,0,defense,https://pokeapi.co/api/v2/stat/3/,10024,keldeo-resolute
4863,129,3,special-attack,https://pokeapi.co/api/v2/stat/4/,10024,keldeo-resolute
4864,90,0,special-defense,https://pokeapi.co/api/v2/stat/5/,10024,keldeo-resolute
4865,108,0,speed,https://pokeapi.co/api/v2/stat/6/,10024,keldeo-resolute
4866,100,0,hp,https://pokeapi.co/api/v2/stat/1/,648,meloetta-aria
4867,77,0,attack,https://pokeapi.co/api/v2/stat/2/,648,meloetta-aria
4868,77,0,defense,https://pokeapi.co/api/v2/stat/3/,648,meloetta-aria
4869,128,1,special-attack,https://pokeapi.co/api/v2/stat/4/,648,meloetta-aria
4870,128,1,special-defense,https://pokeapi.co/api/v2/stat/5/,648,meloetta-aria
4871,90,1,speed,https://pokeapi.co/api/v2/stat/6/,648,meloetta-aria
4872,100,0,hp,https://pokeapi.co/api/v2/stat/1/,10018,meloetta-pirouette
4873,128,1,attack,https://pokeapi.co/api/v2/stat/2/,10018,meloetta-pirouette
4874,90,1,defense,https://pokeapi.co/api/v2/stat/3/,10018,meloetta-pirouette
4875,77,0,special-attack,https://pokeapi.co/api/v2/stat/4/,10018,meloetta-pirouette
4876,77,0,special-defense,https://pokeapi.co/api/v2/stat/5/,10018,meloetta-pirouette
4877,128,1,speed,https://pokeapi.co/api/v2/stat/6/,10018,meloetta-pirouette
4878,71,0,hp,https://pokeapi.co/api/v2/stat/1/,649,genesect
4879,120,1,attack,https://pokeapi.co/api/v2/stat/2/,649,genesect
4880,95,0,defense,https://pokeapi.co/api/v2/stat/3/,649,genesect
4881,120,1,special-attack,https://pokeapi.co/api/v2/stat/4/,649,genesect
4882,95,0,special-defense,https://pokeapi.co/api/v2/stat/5/,649,genesect
4883,99,1,speed,https://pokeapi.co/api/v2/stat/6/,649,genesect
4884,66,0,hp,https://pokeapi.co/api/v2/stat/1/,611,fraxure
4885,117,2,attack,https://pokeapi.co/api/v2/stat/2/,611,fraxure
4886,70,0,defense,https://pokeapi.co/api/v2/stat/3/,611,fraxure
4887,40,0,special-attack,https://pokeapi.co/api/v2/stat/4/,611,fraxure
4888,50,0,special-defense,https://pokeapi.co/api/v2/stat/5/,611,fraxure
4889,67,0,speed,https://pokeapi.co/api/v2/stat/6/,611,fraxure
4890,76,0,hp,https://pokeapi.co/api/v2/stat/1/,612,haxorus
4891,147,3,attack,https://pokeapi.co/api/v2/stat/2/,612,haxorus
4892,90,0,defense,https://pokeapi.co/api/v2/stat/3/,612,haxorus
4893,60,0,special-attack,https://pokeapi.co/api/v2/stat/4/,612,haxorus
4894,70,0,special-defense,https://pokeapi.co/api/v2/stat/5/,612,haxorus
4895,97,0,speed,https://pokeapi.co/api/v2/stat/6/,612,haxorus
4896,95,0,hp,https://pokeapi.co/api/v2/stat/1/,614,beartic
4897,130,2,attack,https://pokeapi.co/api/v2/stat/2/,614,beartic
4898,80,0,defense,https://pokeapi.co/api/v2/stat/3/,614,beartic
4899,70,0,special-attack,https://pokeapi.co/api/v2/stat/4/,614,beartic
4900,80,0,special-defense,https://pokeapi.co/api/v2/stat/5/,614,beartic
4901,50,0,speed,https://pokeapi.co/api/v2/stat/6/,614,beartic
4902,80,0,hp,https://pokeapi.co/api/v2/stat/1/,617,accelgor
4903,70,0,attack,https://pokeapi.co/api/v2/stat/2/,617,accelgor
4904,40,0,defense,https://pokeapi.co/api/v2/stat/3/,617,accelgor
4905,100,0,special-attack,https://pokeapi.co/api/v2/stat/4/,617,accelgor
4906,60,0,special-defense,https://pokeapi.co/api/v2/stat/5/,617,accelgor
4907,145,2,speed,https://pokeapi.co/api/v2/stat/6/,617,accelgor
4908,89,0,hp,https://pokeapi.co/api/v2/stat/1/,623,golurk
4909,124,2,attack,https://pokeapi.co/api/v2/stat/2/,623,golurk
4910,80,0,defense,https://pokeapi.co/api/v2/stat/3/,623,golurk
4911,55,0,special-attack,https://pokeapi.co/api/v2/stat/4/,623,golurk
4912,80,0,special-defense,https://pokeapi.co/api/v2/stat/5/,623,golurk
4913,55,0,speed,https://pokeapi.co/api/v2/stat/6/,623,golurk
4914,89,0,hp,https://pokeapi.co/api/v2/stat/1/,10313,golurk-mega
4915,159,0,attack,https://pokeapi.co/api/v2/stat/2/,10313,golurk-mega
4916,105,0,defense,https://pokeapi.co/api/v2/stat/3/,10313,golurk-mega
4917,70,0,special-attack,https://pokeapi.co/api/v2/stat/4/,10313,golurk-mega
4918,105,0,special-defense,https://pokeapi.co/api/v2/stat/5/,10313,golurk-mega
4919,55,0,speed,https://pokeapi.co/api/v2/stat/6/,10313,golurk-mega
4920,65,0,hp,https://pokeapi.co/api/v2/stat/1/,625,bisharp
4921,125,2,attack,https://pokeapi.co/api/v2/stat/2/,625,bisharp
4922,100,0,defense,https://pokeapi.co/api/v2/stat/3/,625,bisharp
4923,60,0,special-attack,https://pokeapi.co/api/v2/stat/4/,625,bisharp
4924,70,0,special-defense,https://pokeapi.co/api/v2/stat/5/,625,bisharp
4925,70,0,speed,https://pokeapi.co/api/v2/stat/6/,625,bisharp
4926,100,0,hp,https://pokeapi.co/api/v2/stat/1/,628,braviary
4927,123,2,attack,https://pokeapi.co/api/v2/stat/2/,628,braviary
4928,75,0,defense,https://pokeapi.co/api/v2/stat/3/,628,braviary
4929,57,0,special-attack,https://pokeapi.co/api/v2/stat/4/,628,braviary
4930,75,0,special-defense,https://pokeapi.co/api/v2/stat/5/,628,braviary
4931,80,0,speed,https://pokeapi.co/api/v2/stat/6/,628,braviary
4932,110,0,hp,https://pokeapi.co/api/v2/stat/1/,10240,braviary-hisui
4933,83,2,attack,https://pokeapi.co/api/v2/stat/2/,10240,braviary-hisui
4934,70,0,defense,https://pokeapi.co/api/v2/stat/3/,10240,braviary-hisui
4935,112,0,special-attack,https://pokeapi.co/api/v2/stat/4/,10240,braviary-hisui
4936,70,0,special-defense,https://pokeapi.co/api/v2/stat/5/,10240,braviary-hisui
4937,65,0,speed,https://pokeapi.co/api/v2/stat/6/,10240,braviary-hisui
4938,110,0,hp,https://pokeapi.co/api/v2/stat/1/,630,mandibuzz
4939,65,0,attack,https://pokeapi.co/api/v2/stat/2/,630,mandibuzz
4940,105,0,defense,https://pokeapi.co/api/v2/stat/3/,630,mandibuzz
4941,55,2,special-attack,https://pokeapi.co/api/v2/stat/4/,630,mandibuzz
4942,95,0,special-defense,https://pokeapi.co/api/v2/stat/5/,630,mandibuzz
4943,80,0,speed,https://pokeapi.co/api/v2/stat/6/,630,mandibuzz
4944,72,0,hp,https://pokeapi.co/api/v2/stat/1/,634,zweilous
4945,85,2,attack,https://pokeapi.co/api/v2/stat/2/,634,zweilous
4946,70,0,defense,https://pokeapi.co/api/v2/stat/3/,634,zweilous
4947,65,0,special-attack,https://pokeapi.co/api/v2/stat/4/,634,zweilous
4948,70,0,special-defense,https://pokeapi.co/api/v2/stat/5/,634,zweilous
4949,58,0,speed,https://pokeapi.co/api/v2/stat/6/,634,zweilous
4950,92,0,hp,https://pokeapi.co/api/v2/stat/1/,635,hydreigon
4951,105,0,attack,https://pokeapi.co/api/v2/stat/2/,635,hydreigon
4952,90,0,defense,https://pokeapi.co/api/v2/stat/3/,635,hydreigon
4953,125,3,special-attack,https://pokeapi.co/api/v2/stat/4/,635,hydreigon
4954,90,0,special-defense,https://pokeapi.co/api/v2/stat/5/,635,hydreigon
4955,98,0,speed,https://pokeapi.co/api/v2/stat/6/,635,hydreigon
4956,85,0,hp,https://pokeapi.co/api/v2/stat/1/,637,volcarona
4957,60,0,attack,https://pokeapi.co/api/v2/stat/2/,637,volcarona
4958,65,0,defense,https://pokeapi.co/api/v2/stat/3/,637,volcarona
4959,135,3,special-attack,https://pokeapi.co/api/v2/stat/4/,637,volcarona
4960,105,0,special-defense,https://pokeapi.co/api/v2/stat/5/,637,volcarona
4961,100,0,speed,https://pokeapi.co/api/v2/stat/6/,637,volcarona
4962,65,0,hp,https://pokeapi.co/api/v2/stat/1/,507,herdier
4963,80,2,attack,https://pokeapi.co/api/v2/stat/2/,507,herdier
4964,65,0,defense,https://pokeapi.co/api/v2/stat/3/,507,herdier
4965,35,0,special-attack,https://pokeapi.co/api/v2/stat/4/,507,herdier
4966,65,0,special-defense,https://pokeapi.co/api/v2/stat/5/,507,herdier
4967,60,0,speed,https://pokeapi.co/api/v2/stat/6/,507,herdier
4968,85,0,hp,https://pokeapi.co/api/v2/stat/1/,533,gurdurr
4969,105,2,attack,https://pokeapi.co/api/v2/stat/2/,533,gurdurr
4970,85,0,defense,https://pokeapi.co/api/v2/stat/3/,533,gurdurr
4971,40,0,special-attack,https://pokeapi.co/api/v2/stat/4/,533,gurdurr
4972,50,0,special-defense,https://pokeapi.co/api/v2/stat/5/,533,gurdurr
4973,40,0,speed,https://pokeapi.co/api/v2/stat/6/,533,gurdurr
4974,58,0,hp,https://pokeapi.co/api/v2/stat/1/,563,cofagrigus
4975,50,0,attack,https://pokeapi.co/api/v2/stat/2/,563,cofagrigus
4976,145,2,defense,https://pokeapi.co/api/v2/stat/3/,563,cofagrigus
4977,95,0,special-attack,https://pokeapi.co/api/v2/stat/4/,563,cofagrigus
4978,105,0,special-defense,https://pokeapi.co/api/v2/stat/5/,563,cofagrigus
4979,30,0,speed,https://pokeapi.co/api/v2/stat/6/,563,cofagrigus
4980,60,0,hp,https://pokeapi.co/api/v2/stat/1/,601,klinklang
4981,100,0,attack,https://pokeapi.co/api/v2/stat/2/,601,klinklang
4982,115,3,defense,https://pokeapi.co/api/v2/stat/3/,601,klinklang
4983,70,0,special-attack,https://pokeapi.co/api/v2/stat/4/,601,klinklang
4984,85,0,special-defense,https://pokeapi.co/api/v2/stat/5/,601,klinklang
4985,90,0,speed,https://pokeapi.co/api/v2/stat/6/,601,klinklang
4986,60,0,hp,https://pokeapi.co/api/v2/stat/1/,609,chandelure
4987,55,0,attack,https://pokeapi.co/api/v2/stat/2/,609,chandelure
4988,90,0,defense,https://pokeapi.co/api/v2/stat/3/,609,chandelure
4989,145,3,special-attack,https://pokeapi.co/api/v2/stat/4/,609,chandelure
4990,90,0,special-defense,https://pokeapi.co/api/v2/stat/5/,609,chandelure
4991,80,0,speed,https://pokeapi.co/api/v2/stat/6/,609,chandelure
4992,60,0,hp,https://pokeapi.co/api/v2/stat/1/,10291,chandelure-mega
4993,75,0,attack,https://pokeapi.co/api/v2/stat/2/,10291,chandelure-mega
4994,110,0,defense,https://pokeapi.co/api/v2/stat/3/,10291,chandelure-mega
4995,175,0,special-attack,https://pokeapi.co/api/v2/stat/4/,10291,chandelure-mega
4996,110,0,special-defense,https://pokeapi.co/api/v2/stat/5/,10291,chandelure-mega
4997,90,0,speed,https://pokeapi.co/api/v2/stat/6/,10291,chandelure-mega
4998,65,0,hp,https://pokeapi.co/api/v2/stat/1/,620,mienshao
4999,125,2,attack,https://pokeapi.co/api/v2/stat/2/,620,mienshao
5000,60,0,defense,https://pokeapi.co/api/v2/stat/3/,620,mienshao
5001,95,0,special-attack,https://pokeapi.co/api/v2/stat/4/,620,mienshao
5002,60,0,special-defense,https://pokeapi.co/api/v2/stat/5/,620,mienshao
5003,105,0,speed,https://pokeapi.co/api/v2/stat/6/,620,mienshao
5004,56,0,hp,https://pokeapi.co/api/v2/stat/1/,650,chespin
5005,61,0,attack,https://pokeapi.co/api/v2/stat/2/,650,chespin
5006,65,1,defense,https://pokeapi.co/api/v2/stat/3/,650,chespin
5007,48,0,special-attack,https://pokeapi.co/api/v2/stat/4/,650,chespin
5008,45,0,special-defense,https://pokeapi.co/api/v2/stat/5/,650,chespin
5009,38,0,speed,https://pokeapi.co/api/v2/stat/6/,650,chespin
5010,40,0,hp,https://pokeapi.co/api/v2/stat/1/,653,fennekin
5011,45,0,attack,https://pokeapi.co/api/v2/stat/2/,653,fennekin
5012,40,0,defense,https://pokeapi.co/api/v2/stat/3/,653,fennekin
5013,62,1,special-attack,https://pokeapi.co/api/v2/stat/4/,653,fennekin
5014,60,0,special-defense,https://pokeapi.co/api/v2/stat/5/,653,fennekin
5015,60,0,speed,https://pokeapi.co/api/v2/stat/6/,653,fennekin
5016,41,0,hp,https://pokeapi.co/api/v2/stat/1/,656,froakie
5017,56,0,attack,https://pokeapi.co/api/v2/stat/2/,656,froakie
5018,40,0,defense,https://pokeapi.co/api/v2/stat/3/,656,froakie
5019,62,0,special-attack,https://pokeapi.co/api/v2/stat/4/,656,froakie
5020,44,0,special-defense,https://pokeapi.co/api/v2/stat/5/,656,froakie
5021,71,1,speed,https://pokeapi.co/api/v2/stat/6/,656,froakie
5022,38,0,hp,https://pokeapi.co/api/v2/stat/1/,659,bunnelby
5023,36,0,attack,https://pokeapi.co/api/v2/stat/2/,659,bunnelby
5024,38,0,defense,https://pokeapi.co/api/v2/stat/3/,659,bunnelby
5025,32,0,special-attack,https://pokeapi.co/api/v2/stat/4/,659,bunnelby
5026,36,0,special-defense,https://pokeapi.co/api/v2/stat/5/,659,bunnelby
5027,57,1,speed,https://pokeapi.co/api/v2/stat/6/,659,bunnelby
5028,45,0,hp,https://pokeapi.co/api/v2/stat/1/,661,fletchling
5029,50,0,attack,https://pokeapi.co/api/v2/stat/2/,661,fletchling
5030,43,0,defense,https://pokeapi.co/api/v2/stat/3/,661,fletchling
5031,40,0,special-attack,https://pokeapi.co/api/v2/stat/4/,661,fletchling
5032,38,0,special-defense,https://pokeapi.co/api/v2/stat/5/,661,fletchling
5033,62,1,speed,https://pokeapi.co/api/v2/stat/6/,661,fletchling
5034,38,0,hp,https://pokeapi.co/api/v2/stat/1/,664,scatterbug
5035,35,0,attack,https://pokeapi.co/api/v2/stat/2/,664,scatterbug
5036,40,1,defense,https://pokeapi.co/api/v2/stat/3/,664,scatterbug
5037,27,0,special-attack,https://pokeapi.co/api/v2/stat/4/,664,scatterbug
5038,25,0,special-defense,https://pokeapi.co/api/v2/stat/5/,664,scatterbug
5039,35,0,speed,https://pokeapi.co/api/v2/stat/6/,664,scatterbug
5040,62,0,hp,https://pokeapi.co/api/v2/stat/1/,667,litleo
5041,50,0,attack,https://pokeapi.co/api/v2/stat/2/,667,litleo
5042,58,0,defense,https://pokeapi.co/api/v2/stat/3/,667,litleo
5043,73,1,special-attack,https://pokeapi.co/api/v2/stat/4/,667,litleo
5044,54,0,special-defense,https://pokeapi.co/api/v2/stat/5/,667,litleo
5045,72,0,speed,https://pokeapi.co/api/v2/stat/6/,667,litleo
5046,44,0,hp,https://pokeapi.co/api/v2/stat/1/,669,flabebe
5047,38,0,attack,https://pokeapi.co/api/v2/stat/2/,669,flabebe
5048,39,0,defense,https://pokeapi.co/api/v2/stat/3/,669,flabebe
5049,61,0,special-attack,https://pokeapi.co/api/v2/stat/4/,669,flabebe
5050,79,1,special-defense,https://pokeapi.co/api/v2/stat/5/,669,flabebe
5051,42,0,speed,https://pokeapi.co/api/v2/stat/6/,669,flabebe
5052,66,1,hp,https://pokeapi.co/api/v2/stat/1/,672,skiddo
5053,65,0,attack,https://pokeapi.co/api/v2/stat/2/,672,skiddo
5054,48,0,defense,https://pokeapi.co/api/v2/stat/3/,672,skiddo
5055,62,0,special-attack,https://pokeapi.co/api/v2/stat/4/,672,skiddo
5056,57,0,special-defense,https://pokeapi.co/api/v2/stat/5/,672,skiddo
5057,52,0,speed,https://pokeapi.co/api/v2/stat/6/,672,skiddo
5058,67,0,hp,https://pokeapi.co/api/v2/stat/1/,674,pancham
5059,82,1,attack,https://pokeapi.co/api/v2/stat/2/,674,pancham
5060,62,0,defense,https://pokeapi.co/api/v2/stat/3/,674,pancham
5061,46,0,special-attack,https://pokeapi.co/api/v2/stat/4/,674,pancham
5062,48,0,special-defense,https://pokeapi.co/api/v2/stat/5/,674,pancham
5063,43,0,speed,https://pokeapi.co/api/v2/stat/6/,674,pancham
5064,75,0,hp,https://pokeapi.co/api/v2/stat/1/,676,furfrou
5065,80,0,attack,https://pokeapi.co/api/v2/stat/2/,676,furfrou
5066,60,0,defense,https://pokeapi.co/api/v2/stat/3/,676,furfrou
5067,65,0,special-attack,https://pokeapi.co/api/v2/stat/4/,676,furfrou
5068,90,0,special-defense,https://pokeapi.co/api/v2/stat/5/,676,furfrou
5069,102,1,speed,https://pokeapi.co/api/v2/stat/6/,676,furfrou
5070,62,0,hp,https://pokeapi.co/api/v2/stat/1/,677,espurr
5071,48,0,attack,https://pokeapi.co/api/v2/stat/2/,677,espurr
5072,54,0,defense,https://pokeapi.co/api/v2/stat/3/,677,espurr
5073,63,0,special-attack,https://pokeapi.co/api/v2/stat/4/,677,espurr
5074,60,0,special-defense,https://pokeapi.co/api/v2/stat/5/,677,espurr
5075,68,1,speed,https://pokeapi.co/api/v2/stat/6/,677,espurr
5076,45,0,hp,https://pokeapi.co/api/v2/stat/1/,679,honedge
5077,80,0,attack,https://pokeapi.co/api/v2/stat/2/,679,honedge
5078,100,1,defense,https://pokeapi.co/api/v2/stat/3/,679,honedge
5079,35,0,special-attack,https://pokeapi.co/api/v2/stat/4/,679,honedge
5080,37,0,special-defense,https://pokeapi.co/api/v2/stat/5/,679,honedge
5081,28,0,speed,https://pokeapi.co/api/v2/stat/6/,679,honedge
5082,78,1,hp,https://pokeapi.co/api/v2/stat/1/,682,spritzee
5083,52,0,attack,https://pokeapi.co/api/v2/stat/2/,682,spritzee
5084,60,0,defense,https://pokeapi.co/api/v2/stat/3/,682,spritzee
5085,63,0,special-attack,https://pokeapi.co/api/v2/stat/4/,682,spritzee
5086,65,0,special-defense,https://pokeapi.co/api/v2/stat/5/,682,spritzee
5087,23,0,speed,https://pokeapi.co/api/v2/stat/6/,682,spritzee
5088,62,0,hp,https://pokeapi.co/api/v2/stat/1/,684,swirlix
5089,48,0,attack,https://pokeapi.co/api/v2/stat/2/,684,swirlix
5090,66,1,defense,https://pokeapi.co/api/v2/stat/3/,684,swirlix
5091,59,0,special-attack,https://pokeapi.co/api/v2/stat/4/,684,swirlix
5092,57,0,special-defense,https://pokeapi.co/api/v2/stat/5/,684,swirlix
5093,49,0,speed,https://pokeapi.co/api/v2/stat/6/,684,swirlix
5094,53,0,hp,https://pokeapi.co/api/v2/stat/1/,686,inkay
5095,54,1,attack,https://pokeapi.co/api/v2/stat/2/,686,inkay
5096,53,0,defense,https://pokeapi.co/api/v2/stat/3/,686,inkay
5097,37,0,special-attack,https://pokeapi.co/api/v2/stat/4/,686,inkay
5098,46,0,special-defense,https://pokeapi.co/api/v2/stat/5/,686,inkay
5099,45,0,speed,https://pokeapi.co/api/v2/stat/6/,686,inkay
5100,61,0,hp,https://pokeapi.co/api/v2/stat/1/,651,quilladin
5101,78,0,attack,https://pokeapi.co/api/v2/stat/2/,651,quilladin
5102,95,2,defense,https://pokeapi.co/api/v2/stat/3/,651,quilladin
5103,56,0,special-attack,https://pokeapi.co/api/v2/stat/4/,651,quilladin
5104,58,0,special-defense,https://pokeapi.co/api/v2/stat/5/,651,quilladin
5105,57,0,speed,https://pokeapi.co/api/v2/stat/6/,651,quilladin
5106,88,0,hp,https://pokeapi.co/api/v2/stat/1/,652,chesnaught
5107,107,0,attack,https://pokeapi.co/api/v2/stat/2/,652,chesnaught
5108,122,3,defense,https://pokeapi.co/api/v2/stat/3/,652,chesnaught
5109,74,0,special-attack,https://pokeapi.co/api/v2/stat/4/,652,chesnaught
5110,75,0,special-defense,https://pokeapi.co/api/v2/stat/5/,652,chesnaught
5111,64,0,speed,https://pokeapi.co/api/v2/stat/6/,652,chesnaught
5112,88,0,hp,https://pokeapi.co/api/v2/stat/1/,10292,chesnaught-mega
5113,137,0,attack,https://pokeapi.co/api/v2/stat/2/,10292,chesnaught-mega
5114,172,0,defense,https://pokeapi.co/api/v2/stat/3/,10292,chesnaught-mega
5115,74,0,special-attack,https://pokeapi.co/api/v2/stat/4/,10292,chesnaught-mega
5116,115,0,special-defense,https://pokeapi.co/api/v2/stat/5/,10292,chesnaught-mega
5117,44,0,speed,https://pokeapi.co/api/v2/stat/6/,10292,chesnaught-mega
5118,59,0,hp,https://pokeapi.co/api/v2/stat/1/,654,braixen
5119,59,0,attack,https://pokeapi.co/api/v2/stat/2/,654,braixen
5120,58,0,defense,https://pokeapi.co/api/v2/stat/3/,654,braixen
5121,90,2,special-attack,https://pokeapi.co/api/v2/stat/4/,654,braixen
5122,70,0,special-defense,https://pokeapi.co/api/v2/stat/5/,654,braixen
5123,73,0,speed,https://pokeapi.co/api/v2/stat/6/,654,braixen
5124,75,0,hp,https://pokeapi.co/api/v2/stat/1/,655,delphox
5125,69,0,attack,https://pokeapi.co/api/v2/stat/2/,655,delphox
5126,72,0,defense,https://pokeapi.co/api/v2/stat/3/,655,delphox
5127,114,3,special-attack,https://pokeapi.co/api/v2/stat/4/,655,delphox
5128,100,0,special-defense,https://pokeapi.co/api/v2/stat/5/,655,delphox
5129,104,0,speed,https://pokeapi.co/api/v2/stat/6/,655,delphox
5130,75,0,hp,https://pokeapi.co/api/v2/stat/1/,10293,delphox-mega
5131,69,0,attack,https://pokeapi.co/api/v2/stat/2/,10293,delphox-mega
5132,72,0,defense,https://pokeapi.co/api/v2/stat/3/,10293,delphox-mega
5133,159,0,special-attack,https://pokeapi.co/api/v2/stat/4/,10293,delphox-mega
5134,125,0,special-defense,https://pokeapi.co/api/v2/stat/5/,10293,delphox-mega
5135,134,0,speed,https://pokeapi.co/api/v2/stat/6/,10293,delphox-mega
5136,54,0,hp,https://pokeapi.co/api/v2/stat/1/,657,frogadier
5137,63,0,attack,https://pokeapi.co/api/v2/stat/2/,657,frogadier
5138,52,0,defense,https://pokeapi.co/api/v2/stat/3/,657,frogadier
5139,83,0,special-attack,https://pokeapi.co/api/v2/stat/4/,657,frogadier
5140,56,0,special-defense,https://pokeapi.co/api/v2/stat/5/,657,frogadier
5141,97,2,speed,https://pokeapi.co/api/v2/stat/6/,657,frogadier
5142,72,0,hp,https://pokeapi.co/api/v2/stat/1/,658,greninja
5143,95,0,attack,https://pokeapi.co/api/v2/stat/2/,658,greninja
5144,67,0,defense,https://pokeapi.co/api/v2/stat/3/,658,greninja
5145,103,0,special-attack,https://pokeapi.co/api/v2/stat/4/,658,greninja
5146,71,0,special-defense,https://pokeapi.co/api/v2/stat/5/,658,greninja
5147,122,3,speed,https://pokeapi.co/api/v2/stat/6/,658,greninja
5148,72,0,hp,https://pokeapi.co/api/v2/stat/1/,10116,greninja-battle-bond
5149,95,0,attack,https://pokeapi.co/api/v2/stat/2/,10116,greninja-battle-bond
5150,67,0,defense,https://pokeapi.co/api/v2/stat/3/,10116,greninja-battle-bond
5151,103,0,special-attack,https://pokeapi.co/api/v2/stat/4/,10116,greninja-battle-bond
5152,71,0,special-defense,https://pokeapi.co/api/v2/stat/5/,10116,greninja-battle-bond
5153,122,3,speed,https://pokeapi.co/api/v2/stat/6/,10116,greninja-battle-bond
5154,72,0,hp,https://pokeapi.co/api/v2/stat/1/,10117,greninja-ash
5155,145,0,attack,https://pokeapi.co/api/v2/stat/2/,10117,greninja-ash
5156,67,0,defense,https://pokeapi.co/api/v2/stat/3/,10117,greninja-ash
5157,153,0,special-attack,https://pokeapi.co/api/v2/stat/4/,10117,greninja-ash
5158,71,0,special-defense,https://pokeapi.co/api/v2/stat/5/,10117,greninja-ash
5159,132,3,speed,https://pokeapi.co/api/v2/stat/6/,10117,greninja-ash
5160,72,0,hp,https://pokeapi.co/api/v2/stat/1/,10294,greninja-mega
5161,125,0,attack,https://pokeapi.co/api/v2/stat/2/,10294,greninja-mega
5162,77,0,defense,https://pokeapi.co/api/v2/stat/3/,10294,greninja-mega
5163,133,0,special-attack,https://pokeapi.co/api/v2/stat/4/,10294,greninja-mega
5164,81,0,special-defense,https://pokeapi.co/api/v2/stat/5/,10294,greninja-mega
5165,142,0,speed,https://pokeapi.co/api/v2/stat/6/,10294,greninja-mega
5166,85,2,hp,https://pokeapi.co/api/v2/stat/1/,660,diggersby
5167,56,0,attack,https://pokeapi.co/api/v2/stat/2/,660,diggersby
5168,77,0,defense,https://pokeapi.co/api/v2/stat/3/,660,diggersby
5169,50,0,special-attack,https://pokeapi.co/api/v2/stat/4/,660,diggersby
5170,77,0,special-defense,https://pokeapi.co/api/v2/stat/5/,660,diggersby
5171,78,0,speed,https://pokeapi.co/api/v2/stat/6/,660,diggersby
5172,62,0,hp,https://pokeapi.co/api/v2/stat/1/,662,fletchinder
5173,73,0,attack,https://pokeapi.co/api/v2/stat/2/,662,fletchinder
5174,55,0,defense,https://pokeapi.co/api/v2/stat/3/,662,fletchinder
5175,56,0,special-attack,https://pokeapi.co/api/v2/stat/4/,662,fletchinder
5176,52,0,special-defense,https://pokeapi.co/api/v2/stat/5/,662,fletchinder
5177,84,2,speed,https://pokeapi.co/api/v2/stat/6/,662,fletchinder
5178,78,0,hp,https://pokeapi.co/api/v2/stat/1/,663,talonflame
5179,81,0,attack,https://pokeapi.co/api/v2/stat/2/,663,talonflame
5180,71,0,defense,https://pokeapi.co/api/v2/stat/3/,663,talonflame
5181,74,0,special-attack,https://pokeapi.co/api/v2/stat/4/,663,talonflame
5182,69,0,special-defense,https://pokeapi.co/api/v2/stat/5/,663,talonflame
5183,126,3,speed,https://pokeapi.co/api/v2/stat/6/,663,talonflame
5184,45,0,hp,https://pokeapi.co/api/v2/stat/1/,665,spewpa
5185,22,0,attack,https://pokeapi.co/api/v2/stat/2/,665,spewpa
5186,60,2,defense,https://pokeapi.co/api/v2/stat/3/,665,spewpa
5187,27,0,special-attack,https://pokeapi.co/api/v2/stat/4/,665,spewpa
5188,30,0,special-defense,https://pokeapi.co/api/v2/stat/5/,665,spewpa
5189,29,0,speed,https://pokeapi.co/api/v2/stat/6/,665,spewpa
5190,86,0,hp,https://pokeapi.co/api/v2/stat/1/,668,pyroar-male
5191,68,0,attack,https://pokeapi.co/api/v2/stat/2/,668,pyroar-male
5192,72,0,defense,https://pokeapi.co/api/v2/stat/3/,668,pyroar-male
5193,109,2,special-attack,https://pokeapi.co/api/v2/stat/4/,668,pyroar-male
5194,66,0,special-defense,https://pokeapi.co/api/v2/stat/5/,668,pyroar-male
5195,106,0,speed,https://pokeapi.co/api/v2/stat/6/,668,pyroar-male
5196,86,0,hp,https://pokeapi.co/api/v2/stat/1/,10295,pyroar-mega
5197,88,0,attack,https://pokeapi.co/api/v2/stat/2/,10295,pyroar-mega
5198,92,0,defense,https://pokeapi.co/api/v2/stat/3/,10295,pyroar-mega
5199,129,0,special-attack,https://pokeapi.co/api/v2/stat/4/,10295,pyroar-mega
5200,86,0,special-defense,https://pokeapi.co/api/v2/stat/5/,10295,pyroar-mega
5201,126,0,speed,https://pokeapi.co/api/v2/stat/6/,10295,pyroar-mega
5202,54,0,hp,https://pokeapi.co/api/v2/stat/1/,670,floette
5203,45,0,attack,https://pokeapi.co/api/v2/stat/2/,670,floette
5204,47,0,defense,https://pokeapi.co/api/v2/stat/3/,670,floette
5205,75,0,special-attack,https://pokeapi.co/api/v2/stat/4/,670,floette
5206,98,2,special-defense,https://pokeapi.co/api/v2/stat/5/,670,floette
5207,52,0,speed,https://pokeapi.co/api/v2/stat/6/,670,floette
5208,74,0,hp,https://pokeapi.co/api/v2/stat/1/,10061,floette-eternal
5209,65,0,attack,https://pokeapi.co/api/v2/stat/2/,10061,floette-eternal
5210,67,0,defense,https://pokeapi.co/api/v2/stat/3/,10061,floette-eternal
5211,125,0,special-attack,https://pokeapi.co/api/v2/stat/4/,10061,floette-eternal
5212,128,2,special-defense,https://pokeapi.co/api/v2/stat/5/,10061,floette-eternal
5213,92,0,speed,https://pokeapi.co/api/v2/stat/6/,10061,floette-eternal
5214,74,0,hp,https://pokeapi.co/api/v2/stat/1/,10296,floette-mega
5215,85,0,attack,https://pokeapi.co/api/v2/stat/2/,10296,floette-mega
5216,87,0,defense,https://pokeapi.co/api/v2/stat/3/,10296,floette-mega
5217,155,0,special-attack,https://pokeapi.co/api/v2/stat/4/,10296,floette-mega
5218,148,0,special-defense,https://pokeapi.co/api/v2/stat/5/,10296,floette-mega
5219,102,0,speed,https://pokeapi.co/api/v2/stat/6/,10296,floette-mega
5220,78,0,hp,https://pokeapi.co/api/v2/stat/1/,671,florges
5221,65,0,attack,https://pokeapi.co/api/v2/stat/2/,671,florges
5222,68,0,defense,https://pokeapi.co/api/v2/stat/3/,671,florges
5223,112,0,special-attack,https://pokeapi.co/api/v2/stat/4/,671,florges
5224,154,3,special-defense,https://pokeapi.co/api/v2/stat/5/,671,florges
5225,75,0,speed,https://pokeapi.co/api/v2/stat/6/,671,florges
5226,123,2,hp,https://pokeapi.co/api/v2/stat/1/,673,gogoat
5227,100,0,attack,https://pokeapi.co/api/v2/stat/2/,673,gogoat
5228,62,0,defense,https://pokeapi.co/api/v2/stat/3/,673,gogoat
5229,97,0,special-attack,https://pokeapi.co/api/v2/stat/4/,673,gogoat
5230,81,0,special-defense,https://pokeapi.co/api/v2/stat/5/,673,gogoat
5231,68,0,speed,https://pokeapi.co/api/v2/stat/6/,673,gogoat
5232,95,0,hp,https://pokeapi.co/api/v2/stat/1/,675,pangoro
5233,124,2,attack,https://pokeapi.co/api/v2/stat/2/,675,pangoro
5234,78,0,defense,https://pokeapi.co/api/v2/stat/3/,675,pangoro
5235,69,0,special-attack,https://pokeapi.co/api/v2/stat/4/,675,pangoro
5236,71,0,special-defense,https://pokeapi.co/api/v2/stat/5/,675,pangoro
5237,58,0,speed,https://pokeapi.co/api/v2/stat/6/,675,pangoro
5238,74,0,hp,https://pokeapi.co/api/v2/stat/1/,678,meowstic-male
5239,48,0,attack,https://pokeapi.co/api/v2/stat/2/,678,meowstic-male
5240,76,0,defense,https://pokeapi.co/api/v2/stat/3/,678,meowstic-male
5241,83,0,special-attack,https://pokeapi.co/api/v2/stat/4/,678,meowstic-male
5242,81,0,special-defense,https://pokeapi.co/api/v2/stat/5/,678,meowstic-male
5243,104,2,speed,https://pokeapi.co/api/v2/stat/6/,678,meowstic-male
5244,74,0,hp,https://pokeapi.co/api/v2/stat/1/,10025,meowstic-female
5245,48,0,attack,https://pokeapi.co/api/v2/stat/2/,10025,meowstic-female
5246,76,0,defense,https://pokeapi.co/api/v2/stat/3/,10025,meowstic-female
5247,83,0,special-attack,https://pokeapi.co/api/v2/stat/4/,10025,meowstic-female
5248,81,0,special-defense,https://pokeapi.co/api/v2/stat/5/,10025,meowstic-female
5249,104,2,speed,https://pokeapi.co/api/v2/stat/6/,10025,meowstic-female
5250,74,0,hp,https://pokeapi.co/api/v2/stat/1/,10314,meowstic-male-mega
5251,48,0,attack,https://pokeapi.co/api/v2/stat/2/,10314,meowstic-male-mega
5252,76,0,defense,https://pokeapi.co/api/v2/stat/3/,10314,meowstic-male-mega
5253,143,0,special-attack,https://pokeapi.co/api/v2/stat/4/,10314,meowstic-male-mega
5254,101,0,special-defense,https://pokeapi.co/api/v2/stat/5/,10314,meowstic-male-mega
5255,124,0,speed,https://pokeapi.co/api/v2/stat/6/,10314,meowstic-male-mega
5256,74,0,hp,https://pokeapi.co/api/v2/stat/1/,10326,meowstic-female-mega
5257,48,0,attack,https://pokeapi.co/api/v2/stat/2/,10326,meowstic-female-mega
5258,76,0,defense,https://pokeapi.co/api/v2/stat/3/,10326,meowstic-female-mega
5259,143,0,special-attack,https://pokeapi.co/api/v2/stat/4/,10326,meowstic-female-mega
5260,101,0,special-defense,https://pokeapi.co/api/v2/stat/5/,10326,meowstic-female-mega
5261,124,0,speed,https://pokeapi.co/api/v2/stat/6/,10326,meowstic-female-mega
5262,59,0,hp,https://pokeapi.co/api/v2/stat/1/,680,doublade
5263,110,0,attack,https://pokeapi.co/api/v2/stat/2/,680,doublade
5264,150,2,defense,https://pokeapi.co/api/v2/stat/3/,680,doublade
5265,45,0,special-attack,https://pokeapi.co/api/v2/stat/4/,680,doublade
5266,49,0,special-defense,https://pokeapi.co/api/v2/stat/5/,680,doublade
5267,35,0,speed,https://pokeapi.co/api/v2/stat/6/,680,doublade
5268,60,0,hp,https://pokeapi.co/api/v2/stat/1/,681,aegislash-shield
5269,50,0,attack,https://pokeapi.co/api/v2/stat/2/,681,aegislash-shield
5270,140,2,defense,https://pokeapi.co/api/v2/stat/3/,681,aegislash-shield
5271,50,0,special-attack,https://pokeapi.co/api/v2/stat/4/,681,aegislash-shield
5272,140,1,special-defense,https://pokeapi.co/api/v2/stat/5/,681,aegislash-shield
5273,60,0,speed,https://pokeapi.co/api/v2/stat/6/,681,aegislash-shield
5274,60,0,hp,https://pokeapi.co/api/v2/stat/1/,10026,aegislash-blade
5275,140,2,attack,https://pokeapi.co/api/v2/stat/2/,10026,aegislash-blade
5276,50,0,defense,https://pokeapi.co/api/v2/stat/3/,10026,aegislash-blade
5277,140,1,special-attack,https://pokeapi.co/api/v2/stat/4/,10026,aegislash-blade
5278,50,0,special-defense,https://pokeapi.co/api/v2/stat/5/,10026,aegislash-blade
5279,60,0,speed,https://pokeapi.co/api/v2/stat/6/,10026,aegislash-blade
5280,101,2,hp,https://pokeapi.co/api/v2/stat/1/,683,aromatisse
5281,72,0,attack,https://pokeapi.co/api/v2/stat/2/,683,aromatisse
5282,72,0,defense,https://pokeapi.co/api/v2/stat/3/,683,aromatisse
5283,99,0,special-attack,https://pokeapi.co/api/v2/stat/4/,683,aromatisse
5284,89,0,special-defense,https://pokeapi.co/api/v2/stat/5/,683,aromatisse
5285,29,0,speed,https://pokeapi.co/api/v2/stat/6/,683,aromatisse
5286,82,0,hp,https://pokeapi.co/api/v2/stat/1/,685,slurpuff
5287,80,0,attack,https://pokeapi.co/api/v2/stat/2/,685,slurpuff
5288,86,2,defense,https://pokeapi.co/api/v2/stat/3/,685,slurpuff
5289,85,0,special-attack,https://pokeapi.co/api/v2/stat/4/,685,slurpuff
5290,75,0,special-defense,https://pokeapi.co/api/v2/stat/5/,685,slurpuff
5291,72,0,speed,https://pokeapi.co/api/v2/stat/6/,685,slurpuff
5292,42,0,hp,https://pokeapi.co/api/v2/stat/1/,688,binacle
5293,52,1,attack,https://pokeapi.co/api/v2/stat/2/,688,binacle
5294,67,0,defense,https://pokeapi.co/api/v2/stat/3/,688,binacle
5295,39,0,special-attack,https://pokeapi.co/api/v2/stat/4/,688,binacle
5296,56,0,special-defense,https://pokeapi.co/api/v2/stat/5/,688,binacle
5297,50,0,speed,https://pokeapi.co/api/v2/stat/6/,688,binacle
5298,50,0,hp,https://pokeapi.co/api/v2/stat/1/,690,skrelp
5299,60,0,attack,https://pokeapi.co/api/v2/stat/2/,690,skrelp
5300,60,0,defense,https://pokeapi.co/api/v2/stat/3/,690,skrelp
5301,60,0,special-attack,https://pokeapi.co/api/v2/stat/4/,690,skrelp
5302,60,1,special-defense,https://pokeapi.co/api/v2/stat/5/,690,skrelp
5303,30,0,speed,https://pokeapi.co/api/v2/stat/6/,690,skrelp
5304,50,0,hp,https://pokeapi.co/api/v2/stat/1/,692,clauncher
5305,53,0,attack,https://pokeapi.co/api/v2/stat/2/,692,clauncher
5306,62,0,defense,https://pokeapi.co/api/v2/stat/3/,692,clauncher
5307,58,1,special-attack,https://pokeapi.co/api/v2/stat/4/,692,clauncher
5308,63,0,special-defense,https://pokeapi.co/api/v2/stat/5/,692,clauncher
5309,44,0,speed,https://pokeapi.co/api/v2/stat/6/,692,clauncher
5310,44,0,hp,https://pokeapi.co/api/v2/stat/1/,694,helioptile
5311,38,0,attack,https://pokeapi.co/api/v2/stat/2/,694,helioptile
5312,33,0,defense,https://pokeapi.co/api/v2/stat/3/,694,helioptile
5313,61,0,special-attack,https://pokeapi.co/api/v2/stat/4/,694,helioptile
5314,43,0,special-defense,https://pokeapi.co/api/v2/stat/5/,694,helioptile
5315,70,1,speed,https://pokeapi.co/api/v2/stat/6/,694,helioptile
5316,58,0,hp,https://pokeapi.co/api/v2/stat/1/,696,tyrunt
5317,89,1,attack,https://pokeapi.co/api/v2/stat/2/,696,tyrunt
5318,77,0,defense,https://pokeapi.co/api/v2/stat/3/,696,tyrunt
5319,45,0,special-attack,https://pokeapi.co/api/v2/stat/4/,696,tyrunt
5320,45,0,special-defense,https://pokeapi.co/api/v2/stat/5/,696,tyrunt
5321,48,0,speed,https://pokeapi.co/api/v2/stat/6/,696,tyrunt
5322,77,1,hp,https://pokeapi.co/api/v2/stat/1/,698,amaura
5323,59,0,attack,https://pokeapi.co/api/v2/stat/2/,698,amaura
5324,50,0,defense,https://pokeapi.co/api/v2/stat/3/,698,amaura
5325,67,0,special-attack,https://pokeapi.co/api/v2/stat/4/,698,amaura
5326,63,0,special-defense,https://pokeapi.co/api/v2/stat/5/,698,amaura
5327,46,0,speed,https://pokeapi.co/api/v2/stat/6/,698,amaura
5328,78,0,hp,https://pokeapi.co/api/v2/stat/1/,701,hawlucha
5329,92,2,attack,https://pokeapi.co/api/v2/stat/2/,701,hawlucha
5330,75,0,defense,https://pokeapi.co/api/v2/stat/3/,701,hawlucha
5331,74,0,special-attack,https://pokeapi.co/api/v2/stat/4/,701,hawlucha
5332,63,0,special-defense,https://pokeapi.co/api/v2/stat/5/,701,hawlucha
5333,118,0,speed,https://pokeapi.co/api/v2/stat/6/,701,hawlucha
5334,78,0,hp,https://pokeapi.co/api/v2/stat/1/,10300,hawlucha-mega
5335,137,0,attack,https://pokeapi.co/api/v2/stat/2/,10300,hawlucha-mega
5336,100,0,defense,https://pokeapi.co/api/v2/stat/3/,10300,hawlucha-mega
5337,74,0,special-attack,https://pokeapi.co/api/v2/stat/4/,10300,hawlucha-mega
5338,93,0,special-defense,https://pokeapi.co/api/v2/stat/5/,10300,hawlucha-mega
5339,118,0,speed,https://pokeapi.co/api/v2/stat/6/,10300,hawlucha-mega
5340,67,0,hp,https://pokeapi.co/api/v2/stat/1/,702,dedenne
5341,58,0,attack,https://pokeapi.co/api/v2/stat/2/,702,dedenne
5342,57,0,defense,https://pokeapi.co/api/v2/stat/3/,702,dedenne
5343,81,0,special-attack,https://pokeapi.co/api/v2/stat/4/,702,dedenne
5344,67,0,special-defense,https://pokeapi.co/api/v2/stat/5/,702,dedenne
5345,101,2,speed,https://pokeapi.co/api/v2/stat/6/,702,dedenne
5346,50,0,hp,https://pokeapi.co/api/v2/stat/1/,703,carbink
5347,50,0,attack,https://pokeapi.co/api/v2/stat/2/,703,carbink
5348,150,1,defense,https://pokeapi.co/api/v2/stat/3/,703,carbink
5349,50,0,special-attack,https://pokeapi.co/api/v2/stat/4/,703,carbink
5350,150,1,special-defense,https://pokeapi.co/api/v2/stat/5/,703,carbink
5351,50,0,speed,https://pokeapi.co/api/v2/stat/6/,703,carbink
5352,45,0,hp,https://pokeapi.co/api/v2/stat/1/,704,goomy
5353,50,0,attack,https://pokeapi.co/api/v2/stat/2/,704,goomy
5354,35,0,defense,https://pokeapi.co/api/v2/stat/3/,704,goomy
5355,55,0,special-attack,https://pokeapi.co/api/v2/stat/4/,704,goomy
5356,75,1,special-defense,https://pokeapi.co/api/v2/stat/5/,704,goomy
5357,40,0,speed,https://pokeapi.co/api/v2/stat/6/,704,goomy
5358,57,0,hp,https://pokeapi.co/api/v2/stat/1/,707,klefki
5359,80,0,attack,https://pokeapi.co/api/v2/stat/2/,707,klefki
5360,91,1,defense,https://pokeapi.co/api/v2/stat/3/,707,klefki
5361,80,0,special-attack,https://pokeapi.co/api/v2/stat/4/,707,klefki
5362,87,0,special-defense,https://pokeapi.co/api/v2/stat/5/,707,klefki
5363,75,0,speed,https://pokeapi.co/api/v2/stat/6/,707,klefki
5364,43,0,hp,https://pokeapi.co/api/v2/stat/1/,708,phantump
5365,70,1,attack,https://pokeapi.co/api/v2/stat/2/,708,phantump
5366,48,0,defense,https://pokeapi.co/api/v2/stat/3/,708,phantump
5367,50,0,special-attack,https://pokeapi.co/api/v2/stat/4/,708,phantump
5368,60,0,special-defense,https://pokeapi.co/api/v2/stat/5/,708,phantump
5369,38,0,speed,https://pokeapi.co/api/v2/stat/6/,708,phantump
5370,49,0,hp,https://pokeapi.co/api/v2/stat/1/,710,pumpkaboo-average
5371,66,0,attack,https://pokeapi.co/api/v2/stat/2/,710,pumpkaboo-average
5372,70,1,defense,https://pokeapi.co/api/v2/stat/3/,710,pumpkaboo-average
5373,44,0,special-attack,https://pokeapi.co/api/v2/stat/4/,710,pumpkaboo-average
5374,55,0,special-defense,https://pokeapi.co/api/v2/stat/5/,710,pumpkaboo-average
5375,51,0,speed,https://pokeapi.co/api/v2/stat/6/,710,pumpkaboo-average
5376,44,0,hp,https://pokeapi.co/api/v2/stat/1/,10027,pumpkaboo-small
5377,66,0,attack,https://pokeapi.co/api/v2/stat/2/,10027,pumpkaboo-small
5378,70,1,defense,https://pokeapi.co/api/v2/stat/3/,10027,pumpkaboo-small
5379,44,0,special-attack,https://pokeapi.co/api/v2/stat/4/,10027,pumpkaboo-small
5380,55,0,special-defense,https://pokeapi.co/api/v2/stat/5/,10027,pumpkaboo-small
5381,56,0,speed,https://pokeapi.co/api/v2/stat/6/,10027,pumpkaboo-small
5382,54,0,hp,https://pokeapi.co/api/v2/stat/1/,10028,pumpkaboo-large
5383,66,0,attack,https://pokeapi.co/api/v2/stat/2/,10028,pumpkaboo-large
5384,70,1,defense,https://pokeapi.co/api/v2/stat/3/,10028,pumpkaboo-large
5385,44,0,special-attack,https://pokeapi.co/api/v2/stat/4/,10028,pumpkaboo-large
5386,55,0,special-defense,https://pokeapi.co/api/v2/stat/5/,10028,pumpkaboo-large
5387,46,0,speed,https://pokeapi.co/api/v2/stat/6/,10028,pumpkaboo-large
5388,59,0,hp,https://pokeapi.co/api/v2/stat/1/,10029,pumpkaboo-super
5389,66,0,attack,https://pokeapi.co/api/v2/stat/2/,10029,pumpkaboo-super
5390,70,1,defense,https://pokeapi.co/api/v2/stat/3/,10029,pumpkaboo-super
5391,44,0,special-attack,https://pokeapi.co/api/v2/stat/4/,10029,pumpkaboo-super
5392,55,0,special-defense,https://pokeapi.co/api/v2/stat/5/,10029,pumpkaboo-super
5393,41,0,speed,https://pokeapi.co/api/v2/stat/6/,10029,pumpkaboo-super
5394,55,0,hp,https://pokeapi.co/api/v2/stat/1/,712,bergmite
5395,69,0,attack,https://pokeapi.co/api/v2/stat/2/,712,bergmite
5396,85,1,defense,https://pokeapi.co/api/v2/stat/3/,712,bergmite
5397,32,0,special-attack,https://pokeapi.co/api/v2/stat/4/,712,bergmite
5398,35,0,special-defense,https://pokeapi.co/api/v2/stat/5/,712,bergmite
5399,28,0,speed,https://pokeapi.co/api/v2/stat/6/,712,bergmite
5400,40,0,hp,https://pokeapi.co/api/v2/stat/1/,714,noibat
5401,30,0,attack,https://pokeapi.co/api/v2/stat/2/,714,noibat
5402,35,0,defense,https://pokeapi.co/api/v2/stat/3/,714,noibat
5403,45,0,special-attack,https://pokeapi.co/api/v2/stat/4/,714,noibat
5404,40,0,special-defense,https://pokeapi.co/api/v2/stat/5/,714,noibat
5405,55,1,speed,https://pokeapi.co/api/v2/stat/6/,714,noibat
5406,126,3,hp,https://pokeapi.co/api/v2/stat/1/,716,xerneas
5407,131,0,attack,https://pokeapi.co/api/v2/stat/2/,716,xerneas
5408,95,0,defense,https://pokeapi.co/api/v2/stat/3/,716,xerneas
5409,131,0,special-attack,https://pokeapi.co/api/v2/stat/4/,716,xerneas
5410,98,0,special-defense,https://pokeapi.co/api/v2/stat/5/,716,xerneas
5411,99,0,speed,https://pokeapi.co/api/v2/stat/6/,716,xerneas
5412,126,3,hp,https://pokeapi.co/api/v2/stat/1/,717,yveltal
5413,131,0,attack,https://pokeapi.co/api/v2/stat/2/,717,yveltal
5414,95,0,defense,https://pokeapi.co/api/v2/stat/3/,717,yveltal
5415,131,0,special-attack,https://pokeapi.co/api/v2/stat/4/,717,yveltal
5416,98,0,special-defense,https://pokeapi.co/api/v2/stat/5/,717,yveltal
5417,99,0,speed,https://pokeapi.co/api/v2/stat/6/,717,yveltal
5418,108,3,hp,https://pokeapi.co/api/v2/stat/1/,718,zygarde-50
5419,100,0,attack,https://pokeapi.co/api/v2/stat/2/,718,zygarde-50
5420,121,0,defense,https://pokeapi.co/api/v2/stat/3/,718,zygarde-50
5421,81,0,special-attack,https://pokeapi.co/api/v2/stat/4/,718,zygarde-50
5422,95,0,special-defense,https://pokeapi.co/api/v2/stat/5/,718,zygarde-50
5423,95,0,speed,https://pokeapi.co/api/v2/stat/6/,718,zygarde-50
5424,54,3,hp,https://pokeapi.co/api/v2/stat/1/,10118,zygarde-10-power-construct
5425,100,0,attack,https://pokeapi.co/api/v2/stat/2/,10118,zygarde-10-power-construct
5426,71,0,defense,https://pokeapi.co/api/v2/stat/3/,10118,zygarde-10-power-construct
5427,61,0,special-attack,https://pokeapi.co/api/v2/stat/4/,10118,zygarde-10-power-construct
5428,85,0,special-defense,https://pokeapi.co/api/v2/stat/5/,10118,zygarde-10-power-construct
5429,115,0,speed,https://pokeapi.co/api/v2/stat/6/,10118,zygarde-10-power-construct
5430,108,3,hp,https://pokeapi.co/api/v2/stat/1/,10119,zygarde-50-power-construct
5431,100,0,attack,https://pokeapi.co/api/v2/stat/2/,10119,zygarde-50-power-construct
5432,121,0,defense,https://pokeapi.co/api/v2/stat/3/,10119,zygarde-50-power-construct
5433,81,0,special-attack,https://pokeapi.co/api/v2/stat/4/,10119,zygarde-50-power-construct
5434,95,0,special-defense,https://pokeapi.co/api/v2/stat/5/,10119,zygarde-50-power-construct
5435,95,0,speed,https://pokeapi.co/api/v2/stat/6/,10119,zygarde-50-power-construct
5436,216,3,hp,https://pokeapi.co/api/v2/stat/1/,10120,zygarde-complete
5437,100,0,attack,https://pokeapi.co/api/v2/stat/2/,10120,zygarde-complete
5438,121,0,defense,https://pokeapi.co/api/v2/stat/3/,10120,zygarde-complete
5439,91,0,special-attack,https://pokeapi.co/api/v2/stat/4/,10120,zygarde-complete
5440,95,0,special-defense,https://pokeapi.co/api/v2/stat/5/,10120,zygarde-complete
5441,85,0,speed,https://pokeapi.co/api/v2/stat/6/,10120,zygarde-complete
5442,54,3,hp,https://pokeapi.co/api/v2/stat/1/,10181,zygarde-10
5443,100,0,attack,https://pokeapi.co/api/v2/stat/2/,10181,zygarde-10
5444,71,0,defense,https://pokeapi.co/api/v2/stat/3/,10181,zygarde-10
5445,61,0,special-attack,https://pokeapi.co/api/v2/stat/4/,10181,zygarde-10
5446,85,0,special-defense,https://pokeapi.co/api/v2/stat/5/,10181,zygarde-10
5447,115,0,speed,https://pokeapi.co/api/v2/stat/6/,10181,zygarde-10
5448,216,0,hp,https://pokeapi.co/api/v2/stat/1/,10301,zygarde-mega
5449,70,0,attack,https://pokeapi.co/api/v2/stat/2/,10301,zygarde-mega
5450,91,0,defense,https://pokeapi.co/api/v2/stat/3/,10301,zygarde-mega
5451,216,0,special-attack,https://pokeapi.co/api/v2/stat/4/,10301,zygarde-mega
5452,85,0,special-defense,https://pokeapi.co/api/v2/stat/5/,10301,zygarde-mega
5453,100,0,speed,https://pokeapi.co/api/v2/stat/6/,10301,zygarde-mega
5454,50,0,hp,https://pokeapi.co/api/v2/stat/1/,719,diancie
5455,100,0,attack,https://pokeapi.co/api/v2/stat/2/,719,diancie
5456,150,1,defense,https://pokeapi.co/api/v2/stat/3/,719,diancie
5457,100,0,special-attack,https://pokeapi.co/api/v2/stat/4/,719,diancie
5458,150,2,special-defense,https://pokeapi.co/api/v2/stat/5/,719,diancie
5459,50,0,speed,https://pokeapi.co/api/v2/stat/6/,719,diancie
5460,50,0,hp,https://pokeapi.co/api/v2/stat/1/,10075,diancie-mega
5461,160,0,attack,https://pokeapi.co/api/v2/stat/2/,10075,diancie-mega
5462,110,1,defense,https://pokeapi.co/api/v2/stat/3/,10075,diancie-mega
5463,160,0,special-attack,https://pokeapi.co/api/v2/stat/4/,10075,diancie-mega
5464,110,2,special-defense,https://pokeapi.co/api/v2/stat/5/,10075,diancie-mega
5465,110,0,speed,https://pokeapi.co/api/v2/stat/6/,10075,diancie-mega
5466,80,0,hp,https://pokeapi.co/api/v2/stat/1/,720,hoopa
5467,110,0,attack,https://pokeapi.co/api/v2/stat/2/,720,hoopa
5468,60,0,defense,https://pokeapi.co/api/v2/stat/3/,720,hoopa
5469,150,3,special-attack,https://pokeapi.co/api/v2/stat/4/,720,hoopa
5470,130,0,special-defense,https://pokeapi.co/api/v2/stat/5/,720,hoopa
5471,70,0,speed,https://pokeapi.co/api/v2/stat/6/,720,hoopa
5472,80,0,hp,https://pokeapi.co/api/v2/stat/1/,10086,hoopa-unbound
5473,160,0,attack,https://pokeapi.co/api/v2/stat/2/,10086,hoopa-unbound
5474,60,0,defense,https://pokeapi.co/api/v2/stat/3/,10086,hoopa-unbound
5475,170,3,special-attack,https://pokeapi.co/api/v2/stat/4/,10086,hoopa-unbound
5476,130,0,special-defense,https://pokeapi.co/api/v2/stat/5/,10086,hoopa-unbound
5477,80,0,speed,https://pokeapi.co/api/v2/stat/6/,10086,hoopa-unbound
5478,80,0,hp,https://pokeapi.co/api/v2/stat/1/,721,volcanion
5479,110,0,attack,https://pokeapi.co/api/v2/stat/2/,721,volcanion
5480,120,0,defense,https://pokeapi.co/api/v2/stat/3/,721,volcanion
5481,130,3,special-attack,https://pokeapi.co/api/v2/stat/4/,721,volcanion
5482,90,0,special-defense,https://pokeapi.co/api/v2/stat/5/,721,volcanion
5483,70,0,speed,https://pokeapi.co/api/v2/stat/6/,721,volcanion
5484,72,0,hp,https://pokeapi.co/api/v2/stat/1/,689,barbaracle
5485,105,2,attack,https://pokeapi.co/api/v2/stat/2/,689,barbaracle
5486,115,0,defense,https://pokeapi.co/api/v2/stat/3/,689,barbaracle
5487,54,0,special-attack,https://pokeapi.co/api/v2/stat/4/,689,barbaracle
5488,86,0,special-defense,https://pokeapi.co/api/v2/stat/5/,689,barbaracle
5489,68,0,speed,https://pokeapi.co/api/v2/stat/6/,689,barbaracle
5490,72,0,hp,https://pokeapi.co/api/v2/stat/1/,10298,barbaracle-mega
5491,140,0,attack,https://pokeapi.co/api/v2/stat/2/,10298,barbaracle-mega
5492,130,0,defense,https://pokeapi.co/api/v2/stat/3/,10298,barbaracle-mega
5493,64,0,special-attack,https://pokeapi.co/api/v2/stat/4/,10298,barbaracle-mega
5494,106,0,special-defense,https://pokeapi.co/api/v2/stat/5/,10298,barbaracle-mega
5495,88,0,speed,https://pokeapi.co/api/v2/stat/6/,10298,barbaracle-mega
5496,65,0,hp,https://pokeapi.co/api/v2/stat/1/,691,dragalge
5497,75,0,attack,https://pokeapi.co/api/v2/stat/2/,691,dragalge
5498,90,0,defense,https://pokeapi.co/api/v2/stat/3/,691,dragalge
5499,97,0,special-attack,https://pokeapi.co/api/v2/stat/4/,691,dragalge
5500,123,2,special-defense,https://pokeapi.co/api/v2/stat/5/,691,dragalge
5501,44,0,speed,https://pokeapi.co/api/v2/stat/6/,691,dragalge
5502,65,0,hp,https://pokeapi.co/api/v2/stat/1/,10299,dragalge-mega
5503,85,0,attack,https://pokeapi.co/api/v2/stat/2/,10299,dragalge-mega
5504,105,0,defense,https://pokeapi.co/api/v2/stat/3/,10299,dragalge-mega
5505,132,0,special-attack,https://pokeapi.co/api/v2/stat/4/,10299,dragalge-mega
5506,163,0,special-defense,https://pokeapi.co/api/v2/stat/5/,10299,dragalge-mega
5507,44,0,speed,https://pokeapi.co/api/v2/stat/6/,10299,dragalge-mega
5508,71,0,hp,https://pokeapi.co/api/v2/stat/1/,693,clawitzer
5509,73,0,attack,https://pokeapi.co/api/v2/stat/2/,693,clawitzer
5510,88,0,defense,https://pokeapi.co/api/v2/stat/3/,693,clawitzer
5511,120,2,special-attack,https://pokeapi.co/api/v2/stat/4/,693,clawitzer
5512,89,0,special-defense,https://pokeapi.co/api/v2/stat/5/,693,clawitzer
5513,59,0,speed,https://pokeapi.co/api/v2/stat/6/,693,clawitzer
5514,62,0,hp,https://pokeapi.co/api/v2/stat/1/,695,heliolisk
5515,55,0,attack,https://pokeapi.co/api/v2/stat/2/,695,heliolisk
5516,52,0,defense,https://pokeapi.co/api/v2/stat/3/,695,heliolisk
5517,109,1,special-attack,https://pokeapi.co/api/v2/stat/4/,695,heliolisk
5518,94,0,special-defense,https://pokeapi.co/api/v2/stat/5/,695,heliolisk
5519,109,1,speed,https://pokeapi.co/api/v2/stat/6/,695,heliolisk
5520,123,2,hp,https://pokeapi.co/api/v2/stat/1/,699,aurorus
5521,77,0,attack,https://pokeapi.co/api/v2/stat/2/,699,aurorus
5522,72,0,defense,https://pokeapi.co/api/v2/stat/3/,699,aurorus
5523,99,0,special-attack,https://pokeapi.co/api/v2/stat/4/,699,aurorus
5524,92,0,special-defense,https://pokeapi.co/api/v2/stat/5/,699,aurorus
5525,58,0,speed,https://pokeapi.co/api/v2/stat/6/,699,aurorus
5526,95,0,hp,https://pokeapi.co/api/v2/stat/1/,700,sylveon
5527,65,0,attack,https://pokeapi.co/api/v2/stat/2/,700,sylveon
5528,65,0,defense,https://pokeapi.co/api/v2/stat/3/,700,sylveon
5529,110,0,special-attack,https://pokeapi.co/api/v2/stat/4/,700,sylveon
5530,130,2,special-defense,https://pokeapi.co/api/v2/stat/5/,700,sylveon
5531,60,0,speed,https://pokeapi.co/api/v2/stat/6/,700,sylveon
5532,68,0,hp,https://pokeapi.co/api/v2/stat/1/,705,sliggoo
5533,75,0,attack,https://pokeapi.co/api/v2/stat/2/,705,sliggoo
5534,53,0,defense,https://pokeapi.co/api/v2/stat/3/,705,sliggoo
5535,83,0,special-attack,https://pokeapi.co/api/v2/stat/4/,705,sliggoo
5536,113,2,special-defense,https://pokeapi.co/api/v2/stat/5/,705,sliggoo
5537,60,0,speed,https://pokeapi.co/api/v2/stat/6/,705,sliggoo
5538,58,0,hp,https://pokeapi.co/api/v2/stat/1/,10241,sliggoo-hisui
5539,75,0,attack,https://pokeapi.co/api/v2/stat/2/,10241,sliggoo-hisui
5540,83,0,defense,https://pokeapi.co/api/v2/stat/3/,10241,sliggoo-hisui
5541,83,0,special-attack,https://pokeapi.co/api/v2/stat/4/,10241,sliggoo-hisui
5542,113,2,special-defense,https://pokeapi.co/api/v2/stat/5/,10241,sliggoo-hisui
5543,40,0,speed,https://pokeapi.co/api/v2/stat/6/,10241,sliggoo-hisui
5544,90,0,hp,https://pokeapi.co/api/v2/stat/1/,706,goodra
5545,100,0,attack,https://pokeapi.co/api/v2/stat/2/,706,goodra
5546,70,0,defense,https://pokeapi.co/api/v2/stat/3/,706,goodra
5547,110,0,special-attack,https://pokeapi.co/api/v2/stat/4/,706,goodra
5548,150,3,special-defense,https://pokeapi.co/api/v2/stat/5/,706,goodra
5549,80,0,speed,https://pokeapi.co/api/v2/stat/6/,706,goodra
5550,80,0,hp,https://pokeapi.co/api/v2/stat/1/,10242,goodra-hisui
5551,100,0,attack,https://pokeapi.co/api/v2/stat/2/,10242,goodra-hisui
5552,100,0,defense,https://pokeapi.co/api/v2/stat/3/,10242,goodra-hisui
5553,110,0,special-attack,https://pokeapi.co/api/v2/stat/4/,10242,goodra-hisui
5554,150,3,special-defense,https://pokeapi.co/api/v2/stat/5/,10242,goodra-hisui
5555,60,0,speed,https://pokeapi.co/api/v2/stat/6/,10242,goodra-hisui
5556,85,0,hp,https://pokeapi.co/api/v2/stat/1/,709,trevenant
5557,110,2,attack,https://pokeapi.co/api/v2/stat/2/,709,trevenant
5558,76,0,defense,https://pokeapi.co/api/v2/stat/3/,709,trevenant
5559,65,0,special-attack,https://pokeapi.co/api/v2/stat/4/,709,trevenant
5560,82,0,special-defense,https://pokeapi.co/api/v2/stat/5/,709,trevenant
5561,56,0,speed,https://pokeapi.co/api/v2/stat/6/,709,trevenant
5562,65,0,hp,https://pokeapi.co/api/v2/stat/1/,711,gourgeist-average
5563,90,0,attack,https://pokeapi.co/api/v2/stat/2/,711,gourgeist-average
5564,122,2,defense,https://pokeapi.co/api/v2/stat/3/,711,gourgeist-average
5565,58,0,special-attack,https://pokeapi.co/api/v2/stat/4/,711,gourgeist-average
5566,75,0,special-defense,https://pokeapi.co/api/v2/stat/5/,711,gourgeist-average
5567,84,0,speed,https://pokeapi.co/api/v2/stat/6/,711,gourgeist-average
5568,55,0,hp,https://pokeapi.co/api/v2/stat/1/,10030,gourgeist-small
5569,85,0,attack,https://pokeapi.co/api/v2/stat/2/,10030,gourgeist-small
5570,122,2,defense,https://pokeapi.co/api/v2/stat/3/,10030,gourgeist-small
5571,58,0,special-attack,https://pokeapi.co/api/v2/stat/4/,10030,gourgeist-small
5572,75,0,special-defense,https://pokeapi.co/api/v2/stat/5/,10030,gourgeist-small
5573,99,0,speed,https://pokeapi.co/api/v2/stat/6/,10030,gourgeist-small
5574,75,0,hp,https://pokeapi.co/api/v2/stat/1/,10031,gourgeist-large
5575,95,0,attack,https://pokeapi.co/api/v2/stat/2/,10031,gourgeist-large
5576,122,2,defense,https://pokeapi.co/api/v2/stat/3/,10031,gourgeist-large
5577,58,0,special-attack,https://pokeapi.co/api/v2/stat/4/,10031,gourgeist-large
5578,75,0,special-defense,https://pokeapi.co/api/v2/stat/5/,10031,gourgeist-large
5579,69,0,speed,https://pokeapi.co/api/v2/stat/6/,10031,gourgeist-large
5580,85,0,hp,https://pokeapi.co/api/v2/stat/1/,10032,gourgeist-super
5581,100,0,attack,https://pokeapi.co/api/v2/stat/2/,10032,gourgeist-super
5582,122,2,defense,https://pokeapi.co/api/v2/stat/3/,10032,gourgeist-super
5583,58,0,special-attack,https://pokeapi.co/api/v2/stat/4/,10032,gourgeist-super
5584,75,0,special-defense,https://pokeapi.co/api/v2/stat/5/,10032,gourgeist-super
5585,54,0,speed,https://pokeapi.co/api/v2/stat/6/,10032,gourgeist-super
5586,95,0,hp,https://pokeapi.co/api/v2/stat/1/,713,avalugg
5587,117,0,attack,https://pokeapi.co/api/v2/stat/2/,713,avalugg
5588,184,2,defense,https://pokeapi.co/api/v2/stat/3/,713,avalugg
5589,44,0,special-attack,https://pokeapi.co/api/v2/stat/4/,713,avalugg
5590,46,0,special-defense,https://pokeapi.co/api/v2/stat/5/,713,avalugg
5591,28,0,speed,https://pokeapi.co/api/v2/stat/6/,713,avalugg
5592,95,0,hp,https://pokeapi.co/api/v2/stat/1/,10243,avalugg-hisui
5593,127,0,attack,https://pokeapi.co/api/v2/stat/2/,10243,avalugg-hisui
5594,184,2,defense,https://pokeapi.co/api/v2/stat/3/,10243,avalugg-hisui
5595,34,0,special-attack,https://pokeapi.co/api/v2/stat/4/,10243,avalugg-hisui
5596,36,0,special-defense,https://pokeapi.co/api/v2/stat/5/,10243,avalugg-hisui
5597,38,0,speed,https://pokeapi.co/api/v2/stat/6/,10243,avalugg-hisui
5598,85,0,hp,https://pokeapi.co/api/v2/stat/1/,715,noivern
5599,70,0,attack,https://pokeapi.co/api/v2/stat/2/,715,noivern
5600,80,0,defense,https://pokeapi.co/api/v2/stat/3/,715,noivern
5601,97,0,special-attack,https://pokeapi.co/api/v2/stat/4/,715,noivern
5602,80,0,special-defense,https://pokeapi.co/api/v2/stat/5/,715,noivern
5603,123,2,speed,https://pokeapi.co/api/v2/stat/6/,715,noivern
5604,80,1,hp,https://pokeapi.co/api/v2/stat/1/,666,vivillon
5605,52,0,attack,https://pokeapi.co/api/v2/stat/2/,666,vivillon
5606,50,0,defense,https://pokeapi.co/api/v2/stat/3/,666,vivillon
5607,90,1,special-attack,https://pokeapi.co/api/v2/stat/4/,666,vivillon
5608,50,0,special-defense,https://pokeapi.co/api/v2/stat/5/,666,vivillon
5609,89,1,speed,https://pokeapi.co/api/v2/stat/6/,666,vivillon
5610,86,0,hp,https://pokeapi.co/api/v2/stat/1/,687,malamar
5611,92,2,attack,https://pokeapi.co/api/v2/stat/2/,687,malamar
5612,88,0,defense,https://pokeapi.co/api/v2/stat/3/,687,malamar
5613,68,0,special-attack,https://pokeapi.co/api/v2/stat/4/,687,malamar
5614,75,0,special-defense,https://pokeapi.co/api/v2/stat/5/,687,malamar
5615,73,0,speed,https://pokeapi.co/api/v2/stat/6/,687,malamar
5616,86,0,hp,https://pokeapi.co/api/v2/stat/1/,10297,malamar-mega
5617,102,0,attack,https://pokeapi.co/api/v2/stat/2/,10297,malamar-mega
5618,88,0,defense,https://pokeapi.co/api/v2/stat/3/,10297,malamar-mega
5619,98,0,special-attack,https://pokeapi.co/api/v2/stat/4/,10297,malamar-mega
5620,120,0,special-defense,https://pokeapi.co/api/v2/stat/5/,10297,malamar-mega
5621,88,0,speed,https://pokeapi.co/api/v2/stat/6/,10297,malamar-mega
5622,82,0,hp,https://pokeapi.co/api/v2/stat/1/,697,tyrantrum
5623,121,2,attack,https://pokeapi.co/api/v2/stat/2/,697,tyrantrum
5624,119,0,defense,https://pokeapi.co/api/v2/stat/3/,697,tyrantrum
5625,69,0,special-attack,https://pokeapi.co/api/v2/stat/4/,697,tyrantrum
5626,59,0,special-defense,https://pokeapi.co/api/v2/stat/5/,697,tyrantrum
5627,71,0,speed,https://pokeapi.co/api/v2/stat/6/,697,tyrantrum
5628,68,1,hp,https://pokeapi.co/api/v2/stat/1/,722,rowlet
5629,55,0,attack,https://pokeapi.co/api/v2/stat/2/,722,rowlet
5630,55,0,defense,https://pokeapi.co/api/v2/stat/3/,722,rowlet
5631,50,0,special-attack,https://pokeapi.co/api/v2/stat/4/,722,rowlet
5632,50,0,special-defense,https://pokeapi.co/api/v2/stat/5/,722,rowlet
5633,42,0,speed,https://pokeapi.co/api/v2/stat/6/,722,rowlet
5634,45,0,hp,https://pokeapi.co/api/v2/stat/1/,725,litten
5635,65,0,attack,https://pokeapi.co/api/v2/stat/2/,725,litten
5636,40,0,defense,https://pokeapi.co/api/v2/stat/3/,725,litten
5637,60,0,special-attack,https://pokeapi.co/api/v2/stat/4/,725,litten
5638,40,0,special-defense,https://pokeapi.co/api/v2/stat/5/,725,litten
5639,70,1,speed,https://pokeapi.co/api/v2/stat/6/,725,litten
5640,50,0,hp,https://pokeapi.co/api/v2/stat/1/,728,popplio
5641,54,0,attack,https://pokeapi.co/api/v2/stat/2/,728,popplio
5642,54,0,defense,https://pokeapi.co/api/v2/stat/3/,728,popplio
5643,66,1,special-attack,https://pokeapi.co/api/v2/stat/4/,728,popplio
5644,56,0,special-defense,https://pokeapi.co/api/v2/stat/5/,728,popplio
5645,40,0,speed,https://pokeapi.co/api/v2/stat/6/,728,popplio
5646,35,0,hp,https://pokeapi.co/api/v2/stat/1/,731,pikipek
5647,75,1,attack,https://pokeapi.co/api/v2/stat/2/,731,pikipek
5648,30,0,defense,https://pokeapi.co/api/v2/stat/3/,731,pikipek
5649,30,0,special-attack,https://pokeapi.co/api/v2/stat/4/,731,pikipek
5650,30,0,special-defense,https://pokeapi.co/api/v2/stat/5/,731,pikipek
5651,65,0,speed,https://pokeapi.co/api/v2/stat/6/,731,pikipek
5652,48,0,hp,https://pokeapi.co/api/v2/stat/1/,734,yungoos
5653,70,1,attack,https://pokeapi.co/api/v2/stat/2/,734,yungoos
5654,30,0,defense,https://pokeapi.co/api/v2/stat/3/,734,yungoos
5655,30,0,special-attack,https://pokeapi.co/api/v2/stat/4/,734,yungoos
5656,30,0,special-defense,https://pokeapi.co/api/v2/stat/5/,734,yungoos
5657,45,0,speed,https://pokeapi.co/api/v2/stat/6/,734,yungoos
5658,47,0,hp,https://pokeapi.co/api/v2/stat/1/,736,grubbin
5659,62,1,attack,https://pokeapi.co/api/v2/stat/2/,736,grubbin
5660,45,0,defense,https://pokeapi.co/api/v2/stat/3/,736,grubbin
5661,55,0,special-attack,https://pokeapi.co/api/v2/stat/4/,736,grubbin
5662,45,0,special-defense,https://pokeapi.co/api/v2/stat/5/,736,grubbin
5663,46,0,speed,https://pokeapi.co/api/v2/stat/6/,736,grubbin
5664,47,0,hp,https://pokeapi.co/api/v2/stat/1/,739,crabrawler
5665,82,1,attack,https://pokeapi.co/api/v2/stat/2/,739,crabrawler
5666,57,0,defense,https://pokeapi.co/api/v2/stat/3/,739,crabrawler
5667,42,0,special-attack,https://pokeapi.co/api/v2/stat/4/,739,crabrawler
5668,47,0,special-defense,https://pokeapi.co/api/v2/stat/5/,739,crabrawler
5669,63,0,speed,https://pokeapi.co/api/v2/stat/6/,739,crabrawler
5670,75,0,hp,https://pokeapi.co/api/v2/stat/1/,741,oricorio-baile
5671,70,0,attack,https://pokeapi.co/api/v2/stat/2/,741,oricorio-baile
5672,70,0,defense,https://pokeapi.co/api/v2/stat/3/,741,oricorio-baile
5673,98,2,special-attack,https://pokeapi.co/api/v2/stat/4/,741,oricorio-baile
5674,70,0,special-defense,https://pokeapi.co/api/v2/stat/5/,741,oricorio-baile
5675,93,0,speed,https://pokeapi.co/api/v2/stat/6/,741,oricorio-baile
5676,75,0,hp,https://pokeapi.co/api/v2/stat/1/,10123,oricorio-pom-pom
5677,70,0,attack,https://pokeapi.co/api/v2/stat/2/,10123,oricorio-pom-pom
5678,70,0,defense,https://pokeapi.co/api/v2/stat/3/,10123,oricorio-pom-pom
5679,98,2,special-attack,https://pokeapi.co/api/v2/stat/4/,10123,oricorio-pom-pom
5680,70,0,special-defense,https://pokeapi.co/api/v2/stat/5/,10123,oricorio-pom-pom
5681,93,0,speed,https://pokeapi.co/api/v2/stat/6/,10123,oricorio-pom-pom
5682,75,0,hp,https://pokeapi.co/api/v2/stat/1/,10124,oricorio-pau
5683,70,0,attack,https://pokeapi.co/api/v2/stat/2/,10124,oricorio-pau
5684,70,0,defense,https://pokeapi.co/api/v2/stat/3/,10124,oricorio-pau
5685,98,2,special-attack,https://pokeapi.co/api/v2/stat/4/,10124,oricorio-pau
5686,70,0,special-defense,https://pokeapi.co/api/v2/stat/5/,10124,oricorio-pau
5687,93,0,speed,https://pokeapi.co/api/v2/stat/6/,10124,oricorio-pau
5688,75,0,hp,https://pokeapi.co/api/v2/stat/1/,10125,oricorio-sensu
5689,70,0,attack,https://pokeapi.co/api/v2/stat/2/,10125,oricorio-sensu
5690,70,0,defense,https://pokeapi.co/api/v2/stat/3/,10125,oricorio-sensu
5691,98,2,special-attack,https://pokeapi.co/api/v2/stat/4/,10125,oricorio-sensu
5692,70,0,special-defense,https://pokeapi.co/api/v2/stat/5/,10125,oricorio-sensu
5693,93,0,speed,https://pokeapi.co/api/v2/stat/6/,10125,oricorio-sensu
5694,40,0,hp,https://pokeapi.co/api/v2/stat/1/,742,cutiefly
5695,45,0,attack,https://pokeapi.co/api/v2/stat/2/,742,cutiefly
5696,40,0,defense,https://pokeapi.co/api/v2/stat/3/,742,cutiefly
5697,55,0,special-attack,https://pokeapi.co/api/v2/stat/4/,742,cutiefly
5698,40,0,special-defense,https://pokeapi.co/api/v2/stat/5/,742,cutiefly
5699,84,1,speed,https://pokeapi.co/api/v2/stat/6/,742,cutiefly
5700,45,0,hp,https://pokeapi.co/api/v2/stat/1/,744,rockruff
5701,65,1,attack,https://pokeapi.co/api/v2/stat/2/,744,rockruff
5702,40,0,defense,https://pokeapi.co/api/v2/stat/3/,744,rockruff
5703,30,0,special-attack,https://pokeapi.co/api/v2/stat/4/,744,rockruff
5704,40,0,special-defense,https://pokeapi.co/api/v2/stat/5/,744,rockruff
5705,60,0,speed,https://pokeapi.co/api/v2/stat/6/,744,rockruff
5706,45,0,hp,https://pokeapi.co/api/v2/stat/1/,10151,rockruff-own-tempo
5707,65,1,attack,https://pokeapi.co/api/v2/stat/2/,10151,rockruff-own-tempo
5708,40,0,defense,https://pokeapi.co/api/v2/stat/3/,10151,rockruff-own-tempo
5709,30,0,special-attack,https://pokeapi.co/api/v2/stat/4/,10151,rockruff-own-tempo
5710,40,0,special-defense,https://pokeapi.co/api/v2/stat/5/,10151,rockruff-own-tempo
5711,60,0,speed,https://pokeapi.co/api/v2/stat/6/,10151,rockruff-own-tempo
5712,45,1,hp,https://pokeapi.co/api/v2/stat/1/,746,wishiwashi-solo
5713,20,0,attack,https://pokeapi.co/api/v2/stat/2/,746,wishiwashi-solo
5714,20,0,defense,https://pokeapi.co/api/v2/stat/3/,746,wishiwashi-solo
5715,25,0,special-attack,https://pokeapi.co/api/v2/stat/4/,746,wishiwashi-solo
5716,25,0,special-defense,https://pokeapi.co/api/v2/stat/5/,746,wishiwashi-solo
5717,40,0,speed,https://pokeapi.co/api/v2/stat/6/,746,wishiwashi-solo
5718,45,1,hp,https://pokeapi.co/api/v2/stat/1/,10127,wishiwashi-school
5719,140,0,attack,https://pokeapi.co/api/v2/stat/2/,10127,wishiwashi-school
5720,130,0,defense,https://pokeapi.co/api/v2/stat/3/,10127,wishiwashi-school
5721,140,0,special-attack,https://pokeapi.co/api/v2/stat/4/,10127,wishiwashi-school
5722,135,0,special-defense,https://pokeapi.co/api/v2/stat/5/,10127,wishiwashi-school
5723,30,0,speed,https://pokeapi.co/api/v2/stat/6/,10127,wishiwashi-school
5724,50,0,hp,https://pokeapi.co/api/v2/stat/1/,747,mareanie
5725,53,0,attack,https://pokeapi.co/api/v2/stat/2/,747,mareanie
5726,62,1,defense,https://pokeapi.co/api/v2/stat/3/,747,mareanie
5727,43,0,special-attack,https://pokeapi.co/api/v2/stat/4/,747,mareanie
5728,52,0,special-defense,https://pokeapi.co/api/v2/stat/5/,747,mareanie
5729,45,0,speed,https://pokeapi.co/api/v2/stat/6/,747,mareanie
5730,70,0,hp,https://pokeapi.co/api/v2/stat/1/,749,mudbray
5731,100,1,attack,https://pokeapi.co/api/v2/stat/2/,749,mudbray
5732,70,0,defense,https://pokeapi.co/api/v2/stat/3/,749,mudbray
5733,45,0,special-attack,https://pokeapi.co/api/v2/stat/4/,749,mudbray
5734,55,0,special-defense,https://pokeapi.co/api/v2/stat/5/,749,mudbray
5735,45,0,speed,https://pokeapi.co/api/v2/stat/6/,749,mudbray
5736,38,0,hp,https://pokeapi.co/api/v2/stat/1/,751,dewpider
5737,40,0,attack,https://pokeapi.co/api/v2/stat/2/,751,dewpider
5738,52,0,defense,https://pokeapi.co/api/v2/stat/3/,751,dewpider
5739,40,0,special-attack,https://pokeapi.co/api/v2/stat/4/,751,dewpider
5740,72,1,special-defense,https://pokeapi.co/api/v2/stat/5/,751,dewpider
5741,27,0,speed,https://pokeapi.co/api/v2/stat/6/,751,dewpider
5742,40,0,hp,https://pokeapi.co/api/v2/stat/1/,753,fomantis
5743,55,1,attack,https://pokeapi.co/api/v2/stat/2/,753,fomantis
5744,35,0,defense,https://pokeapi.co/api/v2/stat/3/,753,fomantis
5745,50,0,special-attack,https://pokeapi.co/api/v2/stat/4/,753,fomantis
5746,35,0,special-defense,https://pokeapi.co/api/v2/stat/5/,753,fomantis
5747,35,0,speed,https://pokeapi.co/api/v2/stat/6/,753,fomantis
5748,40,0,hp,https://pokeapi.co/api/v2/stat/1/,755,morelull
5749,35,0,attack,https://pokeapi.co/api/v2/stat/2/,755,morelull
5750,55,0,defense,https://pokeapi.co/api/v2/stat/3/,755,morelull
5751,65,0,special-attack,https://pokeapi.co/api/v2/stat/4/,755,morelull
5752,75,1,special-defense,https://pokeapi.co/api/v2/stat/5/,755,morelull
5753,15,0,speed,https://pokeapi.co/api/v2/stat/6/,755,morelull
5754,48,0,hp,https://pokeapi.co/api/v2/stat/1/,757,salandit
5755,44,0,attack,https://pokeapi.co/api/v2/stat/2/,757,salandit
5756,40,0,defense,https://pokeapi.co/api/v2/stat/3/,757,salandit
5757,71,0,special-attack,https://pokeapi.co/api/v2/stat/4/,757,salandit
5758,40,0,special-defense,https://pokeapi.co/api/v2/stat/5/,757,salandit
5759,77,1,speed,https://pokeapi.co/api/v2/stat/6/,757,salandit
5760,70,0,hp,https://pokeapi.co/api/v2/stat/1/,759,stufful
5761,75,1,attack,https://pokeapi.co/api/v2/stat/2/,759,stufful
5762,50,0,defense,https://pokeapi.co/api/v2/stat/3/,759,stufful
5763,45,0,special-attack,https://pokeapi.co/api/v2/stat/4/,759,stufful
5764,50,0,special-defense,https://pokeapi.co/api/v2/stat/5/,759,stufful
5765,50,0,speed,https://pokeapi.co/api/v2/stat/6/,759,stufful
5766,42,1,hp,https://pokeapi.co/api/v2/stat/1/,761,bounsweet
5767,30,0,attack,https://pokeapi.co/api/v2/stat/2/,761,bounsweet
5768,38,0,defense,https://pokeapi.co/api/v2/stat/3/,761,bounsweet
5769,30,0,special-attack,https://pokeapi.co/api/v2/stat/4/,761,bounsweet
5770,38,0,special-defense,https://pokeapi.co/api/v2/stat/5/,761,bounsweet
5771,32,0,speed,https://pokeapi.co/api/v2/stat/6/,761,bounsweet
5772,51,0,hp,https://pokeapi.co/api/v2/stat/1/,764,comfey
5773,52,0,attack,https://pokeapi.co/api/v2/stat/2/,764,comfey
5774,90,0,defense,https://pokeapi.co/api/v2/stat/3/,764,comfey
5775,82,0,special-attack,https://pokeapi.co/api/v2/stat/4/,764,comfey
5776,110,2,special-defense,https://pokeapi.co/api/v2/stat/5/,764,comfey
5777,100,0,speed,https://pokeapi.co/api/v2/stat/6/,764,comfey
5778,78,2,hp,https://pokeapi.co/api/v2/stat/1/,723,dartrix
5779,75,0,attack,https://pokeapi.co/api/v2/stat/2/,723,dartrix
5780,75,0,defense,https://pokeapi.co/api/v2/stat/3/,723,dartrix
5781,70,0,special-attack,https://pokeapi.co/api/v2/stat/4/,723,dartrix
5782,70,0,special-defense,https://pokeapi.co/api/v2/stat/5/,723,dartrix
5783,52,0,speed,https://pokeapi.co/api/v2/stat/6/,723,dartrix
5784,78,0,hp,https://pokeapi.co/api/v2/stat/1/,724,decidueye
5785,107,3,attack,https://pokeapi.co/api/v2/stat/2/,724,decidueye
5786,75,0,defense,https://pokeapi.co/api/v2/stat/3/,724,decidueye
5787,100,0,special-attack,https://pokeapi.co/api/v2/stat/4/,724,decidueye
5788,100,0,special-defense,https://pokeapi.co/api/v2/stat/5/,724,decidueye
5789,70,0,speed,https://pokeapi.co/api/v2/stat/6/,724,decidueye
5790,88,0,hp,https://pokeapi.co/api/v2/stat/1/,10244,decidueye-hisui
5791,112,3,attack,https://pokeapi.co/api/v2/stat/2/,10244,decidueye-hisui
5792,80,0,defense,https://pokeapi.co/api/v2/stat/3/,10244,decidueye-hisui
5793,95,0,special-attack,https://pokeapi.co/api/v2/stat/4/,10244,decidueye-hisui
5794,95,0,special-defense,https://pokeapi.co/api/v2/stat/5/,10244,decidueye-hisui
5795,60,0,speed,https://pokeapi.co/api/v2/stat/6/,10244,decidueye-hisui
5796,65,0,hp,https://pokeapi.co/api/v2/stat/1/,726,torracat
5797,85,0,attack,https://pokeapi.co/api/v2/stat/2/,726,torracat
5798,50,0,defense,https://pokeapi.co/api/v2/stat/3/,726,torracat
5799,80,0,special-attack,https://pokeapi.co/api/v2/stat/4/,726,torracat
5800,50,0,special-defense,https://pokeapi.co/api/v2/stat/5/,726,torracat
5801,90,2,speed,https://pokeapi.co/api/v2/stat/6/,726,torracat
5802,95,0,hp,https://pokeapi.co/api/v2/stat/1/,727,incineroar
5803,115,3,attack,https://pokeapi.co/api/v2/stat/2/,727,incineroar
5804,90,0,defense,https://pokeapi.co/api/v2/stat/3/,727,incineroar
5805,80,0,special-attack,https://pokeapi.co/api/v2/stat/4/,727,incineroar
5806,90,0,special-defense,https://pokeapi.co/api/v2/stat/5/,727,incineroar
5807,60,0,speed,https://pokeapi.co/api/v2/stat/6/,727,incineroar
5808,80,0,hp,https://pokeapi.co/api/v2/stat/1/,730,primarina
5809,74,0,attack,https://pokeapi.co/api/v2/stat/2/,730,primarina
5810,74,0,defense,https://pokeapi.co/api/v2/stat/3/,730,primarina
5811,126,3,special-attack,https://pokeapi.co/api/v2/stat/4/,730,primarina
5812,116,0,special-defense,https://pokeapi.co/api/v2/stat/5/,730,primarina
5813,60,0,speed,https://pokeapi.co/api/v2/stat/6/,730,primarina
5814,55,0,hp,https://pokeapi.co/api/v2/stat/1/,732,trumbeak
5815,85,2,attack,https://pokeapi.co/api/v2/stat/2/,732,trumbeak
5816,50,0,defense,https://pokeapi.co/api/v2/stat/3/,732,trumbeak
5817,40,0,special-attack,https://pokeapi.co/api/v2/stat/4/,732,trumbeak
5818,50,0,special-defense,https://pokeapi.co/api/v2/stat/5/,732,trumbeak
5819,75,0,speed,https://pokeapi.co/api/v2/stat/6/,732,trumbeak
5820,80,0,hp,https://pokeapi.co/api/v2/stat/1/,733,toucannon
5821,120,3,attack,https://pokeapi.co/api/v2/stat/2/,733,toucannon
5822,75,0,defense,https://pokeapi.co/api/v2/stat/3/,733,toucannon
5823,75,0,special-attack,https://pokeapi.co/api/v2/stat/4/,733,toucannon
5824,75,0,special-defense,https://pokeapi.co/api/v2/stat/5/,733,toucannon
5825,60,0,speed,https://pokeapi.co/api/v2/stat/6/,733,toucannon
5826,88,0,hp,https://pokeapi.co/api/v2/stat/1/,735,gumshoos
5827,110,2,attack,https://pokeapi.co/api/v2/stat/2/,735,gumshoos
5828,60,0,defense,https://pokeapi.co/api/v2/stat/3/,735,gumshoos
5829,55,0,special-attack,https://pokeapi.co/api/v2/stat/4/,735,gumshoos
5830,60,0,special-defense,https://pokeapi.co/api/v2/stat/5/,735,gumshoos
5831,45,0,speed,https://pokeapi.co/api/v2/stat/6/,735,gumshoos
5832,88,0,hp,https://pokeapi.co/api/v2/stat/1/,10121,gumshoos-totem
5833,110,2,attack,https://pokeapi.co/api/v2/stat/2/,10121,gumshoos-totem
5834,60,0,defense,https://pokeapi.co/api/v2/stat/3/,10121,gumshoos-totem
5835,55,0,special-attack,https://pokeapi.co/api/v2/stat/4/,10121,gumshoos-totem
5836,60,0,special-defense,https://pokeapi.co/api/v2/stat/5/,10121,gumshoos-totem
5837,45,0,speed,https://pokeapi.co/api/v2/stat/6/,10121,gumshoos-totem
5838,57,0,hp,https://pokeapi.co/api/v2/stat/1/,737,charjabug
5839,82,0,attack,https://pokeapi.co/api/v2/stat/2/,737,charjabug
5840,95,2,defense,https://pokeapi.co/api/v2/stat/3/,737,charjabug
5841,55,0,special-attack,https://pokeapi.co/api/v2/stat/4/,737,charjabug
5842,75,0,special-defense,https://pokeapi.co/api/v2/stat/5/,737,charjabug
5843,36,0,speed,https://pokeapi.co/api/v2/stat/6/,737,charjabug
5844,77,0,hp,https://pokeapi.co/api/v2/stat/1/,738,vikavolt
5845,70,0,attack,https://pokeapi.co/api/v2/stat/2/,738,vikavolt
5846,90,0,defense,https://pokeapi.co/api/v2/stat/3/,738,vikavolt
5847,145,3,special-attack,https://pokeapi.co/api/v2/stat/4/,738,vikavolt
5848,75,0,special-defense,https://pokeapi.co/api/v2/stat/5/,738,vikavolt
5849,43,0,speed,https://pokeapi.co/api/v2/stat/6/,738,vikavolt
5850,77,0,hp,https://pokeapi.co/api/v2/stat/1/,10122,vikavolt-totem
5851,70,0,attack,https://pokeapi.co/api/v2/stat/2/,10122,vikavolt-totem
5852,90,0,defense,https://pokeapi.co/api/v2/stat/3/,10122,vikavolt-totem
5853,145,3,special-attack,https://pokeapi.co/api/v2/stat/4/,10122,vikavolt-totem
5854,75,0,special-defense,https://pokeapi.co/api/v2/stat/5/,10122,vikavolt-totem
5855,43,0,speed,https://pokeapi.co/api/v2/stat/6/,10122,vikavolt-totem
5856,97,0,hp,https://pokeapi.co/api/v2/stat/1/,740,crabominable
5857,132,2,attack,https://pokeapi.co/api/v2/stat/2/,740,crabominable
5858,77,0,defense,https://pokeapi.co/api/v2/stat/3/,740,crabominable
5859,62,0,special-attack,https://pokeapi.co/api/v2/stat/4/,740,crabominable
5860,67,0,special-defense,https://pokeapi.co/api/v2/stat/5/,740,crabominable
5861,43,0,speed,https://pokeapi.co/api/v2/stat/6/,740,crabominable
5862,97,0,hp,https://pokeapi.co/api/v2/stat/1/,10315,crabominable-mega
5863,157,0,attack,https://pokeapi.co/api/v2/stat/2/,10315,crabominable-mega
5864,122,0,defense,https://pokeapi.co/api/v2/stat/3/,10315,crabominable-mega
5865,62,0,special-attack,https://pokeapi.co/api/v2/stat/4/,10315,crabominable-mega
5866,107,0,special-defense,https://pokeapi.co/api/v2/stat/5/,10315,crabominable-mega
5867,33,0,speed,https://pokeapi.co/api/v2/stat/6/,10315,crabominable-mega
5868,60,0,hp,https://pokeapi.co/api/v2/stat/1/,743,ribombee
5869,55,0,attack,https://pokeapi.co/api/v2/stat/2/,743,ribombee
5870,60,0,defense,https://pokeapi.co/api/v2/stat/3/,743,ribombee
5871,95,0,special-attack,https://pokeapi.co/api/v2/stat/4/,743,ribombee
5872,70,0,special-defense,https://pokeapi.co/api/v2/stat/5/,743,ribombee
5873,124,2,speed,https://pokeapi.co/api/v2/stat/6/,743,ribombee
5874,60,0,hp,https://pokeapi.co/api/v2/stat/1/,10150,ribombee-totem
5875,55,0,attack,https://pokeapi.co/api/v2/stat/2/,10150,ribombee-totem
5876,60,0,defense,https://pokeapi.co/api/v2/stat/3/,10150,ribombee-totem
5877,95,0,special-attack,https://pokeapi.co/api/v2/stat/4/,10150,ribombee-totem
5878,70,0,special-defense,https://pokeapi.co/api/v2/stat/5/,10150,ribombee-totem
5879,124,2,speed,https://pokeapi.co/api/v2/stat/6/,10150,ribombee-totem
5880,75,0,hp,https://pokeapi.co/api/v2/stat/1/,745,lycanroc-midday
5881,115,2,attack,https://pokeapi.co/api/v2/stat/2/,745,lycanroc-midday
5882,65,0,defense,https://pokeapi.co/api/v2/stat/3/,745,lycanroc-midday
5883,55,0,special-attack,https://pokeapi.co/api/v2/stat/4/,745,lycanroc-midday
5884,65,0,special-defense,https://pokeapi.co/api/v2/stat/5/,745,lycanroc-midday
5885,112,0,speed,https://pokeapi.co/api/v2/stat/6/,745,lycanroc-midday
5886,85,0,hp,https://pokeapi.co/api/v2/stat/1/,10126,lycanroc-midnight
5887,115,2,attack,https://pokeapi.co/api/v2/stat/2/,10126,lycanroc-midnight
5888,75,0,defense,https://pokeapi.co/api/v2/stat/3/,10126,lycanroc-midnight
5889,55,0,special-attack,https://pokeapi.co/api/v2/stat/4/,10126,lycanroc-midnight
5890,75,0,special-defense,https://pokeapi.co/api/v2/stat/5/,10126,lycanroc-midnight
5891,82,0,speed,https://pokeapi.co/api/v2/stat/6/,10126,lycanroc-midnight
5892,75,0,hp,https://pokeapi.co/api/v2/stat/1/,10152,lycanroc-dusk
5893,117,2,attack,https://pokeapi.co/api/v2/stat/2/,10152,lycanroc-dusk
5894,65,0,defense,https://pokeapi.co/api/v2/stat/3/,10152,lycanroc-dusk
5895,55,0,special-attack,https://pokeapi.co/api/v2/stat/4/,10152,lycanroc-dusk
5896,65,0,special-defense,https://pokeapi.co/api/v2/stat/5/,10152,lycanroc-dusk
5897,110,0,speed,https://pokeapi.co/api/v2/stat/6/,10152,lycanroc-dusk
5898,50,0,hp,https://pokeapi.co/api/v2/stat/1/,748,toxapex
5899,63,0,attack,https://pokeapi.co/api/v2/stat/2/,748,toxapex
5900,152,2,defense,https://pokeapi.co/api/v2/stat/3/,748,toxapex
5901,53,0,special-attack,https://pokeapi.co/api/v2/stat/4/,748,toxapex
5902,142,0,special-defense,https://pokeapi.co/api/v2/stat/5/,748,toxapex
5903,35,0,speed,https://pokeapi.co/api/v2/stat/6/,748,toxapex
5904,100,0,hp,https://pokeapi.co/api/v2/stat/1/,750,mudsdale
5905,125,2,attack,https://pokeapi.co/api/v2/stat/2/,750,mudsdale
5906,100,0,defense,https://pokeapi.co/api/v2/stat/3/,750,mudsdale
5907,55,0,special-attack,https://pokeapi.co/api/v2/stat/4/,750,mudsdale
5908,85,0,special-defense,https://pokeapi.co/api/v2/stat/5/,750,mudsdale
5909,35,0,speed,https://pokeapi.co/api/v2/stat/6/,750,mudsdale
5910,68,0,hp,https://pokeapi.co/api/v2/stat/1/,752,araquanid
5911,70,0,attack,https://pokeapi.co/api/v2/stat/2/,752,araquanid
5912,92,0,defense,https://pokeapi.co/api/v2/stat/3/,752,araquanid
5913,50,0,special-attack,https://pokeapi.co/api/v2/stat/4/,752,araquanid
5914,132,2,special-defense,https://pokeapi.co/api/v2/stat/5/,752,araquanid
5915,42,0,speed,https://pokeapi.co/api/v2/stat/6/,752,araquanid
5916,68,0,hp,https://pokeapi.co/api/v2/stat/1/,10153,araquanid-totem
5917,70,0,attack,https://pokeapi.co/api/v2/stat/2/,10153,araquanid-totem
5918,92,0,defense,https://pokeapi.co/api/v2/stat/3/,10153,araquanid-totem
5919,50,0,special-attack,https://pokeapi.co/api/v2/stat/4/,10153,araquanid-totem
5920,132,2,special-defense,https://pokeapi.co/api/v2/stat/5/,10153,araquanid-totem
5921,42,0,speed,https://pokeapi.co/api/v2/stat/6/,10153,araquanid-totem
5922,70,0,hp,https://pokeapi.co/api/v2/stat/1/,754,lurantis
5923,105,2,attack,https://pokeapi.co/api/v2/stat/2/,754,lurantis
5924,90,0,defense,https://pokeapi.co/api/v2/stat/3/,754,lurantis
5925,80,0,special-attack,https://pokeapi.co/api/v2/stat/4/,754,lurantis
5926,90,0,special-defense,https://pokeapi.co/api/v2/stat/5/,754,lurantis
5927,45,0,speed,https://pokeapi.co/api/v2/stat/6/,754,lurantis
5928,70,0,hp,https://pokeapi.co/api/v2/stat/1/,10128,lurantis-totem
5929,105,2,attack,https://pokeapi.co/api/v2/stat/2/,10128,lurantis-totem
5930,90,0,defense,https://pokeapi.co/api/v2/stat/3/,10128,lurantis-totem
5931,80,0,special-attack,https://pokeapi.co/api/v2/stat/4/,10128,lurantis-totem
5932,90,0,special-defense,https://pokeapi.co/api/v2/stat/5/,10128,lurantis-totem
5933,45,0,speed,https://pokeapi.co/api/v2/stat/6/,10128,lurantis-totem
5934,60,0,hp,https://pokeapi.co/api/v2/stat/1/,756,shiinotic
5935,45,0,attack,https://pokeapi.co/api/v2/stat/2/,756,shiinotic
5936,80,0,defense,https://pokeapi.co/api/v2/stat/3/,756,shiinotic
5937,90,0,special-attack,https://pokeapi.co/api/v2/stat/4/,756,shiinotic
5938,100,2,special-defense,https://pokeapi.co/api/v2/stat/5/,756,shiinotic
5939,30,0,speed,https://pokeapi.co/api/v2/stat/6/,756,shiinotic
5940,68,0,hp,https://pokeapi.co/api/v2/stat/1/,758,salazzle
5941,64,0,attack,https://pokeapi.co/api/v2/stat/2/,758,salazzle
5942,60,0,defense,https://pokeapi.co/api/v2/stat/3/,758,salazzle
5943,111,0,special-attack,https://pokeapi.co/api/v2/stat/4/,758,salazzle
5944,60,0,special-defense,https://pokeapi.co/api/v2/stat/5/,758,salazzle
5945,117,2,speed,https://pokeapi.co/api/v2/stat/6/,758,salazzle
5946,68,0,hp,https://pokeapi.co/api/v2/stat/1/,10129,salazzle-totem
5947,64,0,attack,https://pokeapi.co/api/v2/stat/2/,10129,salazzle-totem
5948,60,0,defense,https://pokeapi.co/api/v2/stat/3/,10129,salazzle-totem
5949,111,0,special-attack,https://pokeapi.co/api/v2/stat/4/,10129,salazzle-totem
5950,60,0,special-defense,https://pokeapi.co/api/v2/stat/5/,10129,salazzle-totem
5951,117,2,speed,https://pokeapi.co/api/v2/stat/6/,10129,salazzle-totem
5952,120,0,hp,https://pokeapi.co/api/v2/stat/1/,760,bewear
5953,125,2,attack,https://pokeapi.co/api/v2/stat/2/,760,bewear
5954,80,0,defense,https://pokeapi.co/api/v2/stat/3/,760,bewear
5955,55,0,special-attack,https://pokeapi.co/api/v2/stat/4/,760,bewear
5956,60,0,special-defense,https://pokeapi.co/api/v2/stat/5/,760,bewear
5957,60,0,speed,https://pokeapi.co/api/v2/stat/6/,760,bewear
5958,52,0,hp,https://pokeapi.co/api/v2/stat/1/,762,steenee
5959,40,0,attack,https://pokeapi.co/api/v2/stat/2/,762,steenee
5960,48,0,defense,https://pokeapi.co/api/v2/stat/3/,762,steenee
5961,40,0,special-attack,https://pokeapi.co/api/v2/stat/4/,762,steenee
5962,48,0,special-defense,https://pokeapi.co/api/v2/stat/5/,762,steenee
5963,62,2,speed,https://pokeapi.co/api/v2/stat/6/,762,steenee
5964,90,0,hp,https://pokeapi.co/api/v2/stat/1/,765,oranguru
5965,60,0,attack,https://pokeapi.co/api/v2/stat/2/,765,oranguru
5966,80,0,defense,https://pokeapi.co/api/v2/stat/3/,765,oranguru
5967,90,0,special-attack,https://pokeapi.co/api/v2/stat/4/,765,oranguru
5968,110,2,special-defense,https://pokeapi.co/api/v2/stat/5/,765,oranguru
5969,60,0,speed,https://pokeapi.co/api/v2/stat/6/,765,oranguru
5970,100,0,hp,https://pokeapi.co/api/v2/stat/1/,766,passimian
5971,120,2,attack,https://pokeapi.co/api/v2/stat/2/,766,passimian
5972,90,0,defense,https://pokeapi.co/api/v2/stat/3/,766,passimian
5973,40,0,special-attack,https://pokeapi.co/api/v2/stat/4/,766,passimian
5974,60,0,special-defense,https://pokeapi.co/api/v2/stat/5/,766,passimian
5975,80,0,speed,https://pokeapi.co/api/v2/stat/6/,766,passimian
5976,25,0,hp,https://pokeapi.co/api/v2/stat/1/,767,wimpod
5977,35,0,attack,https://pokeapi.co/api/v2/stat/2/,767,wimpod
5978,40,0,defense,https://pokeapi.co/api/v2/stat/3/,767,wimpod
5979,20,0,special-attack,https://pokeapi.co/api/v2/stat/4/,767,wimpod
5980,30,0,special-defense,https://pokeapi.co/api/v2/stat/5/,767,wimpod
5981,80,1,speed,https://pokeapi.co/api/v2/stat/6/,767,wimpod
5982,55,0,hp,https://pokeapi.co/api/v2/stat/1/,769,sandygast
5983,55,0,attack,https://pokeapi.co/api/v2/stat/2/,769,sandygast
5984,80,1,defense,https://pokeapi.co/api/v2/stat/3/,769,sandygast
5985,70,0,special-attack,https://pokeapi.co/api/v2/stat/4/,769,sandygast
5986,45,0,special-defense,https://pokeapi.co/api/v2/stat/5/,769,sandygast
5987,15,0,speed,https://pokeapi.co/api/v2/stat/6/,769,sandygast
5988,55,0,hp,https://pokeapi.co/api/v2/stat/1/,771,pyukumuku
5989,60,0,attack,https://pokeapi.co/api/v2/stat/2/,771,pyukumuku
5990,130,0,defense,https://pokeapi.co/api/v2/stat/3/,771,pyukumuku
5991,30,0,special-attack,https://pokeapi.co/api/v2/stat/4/,771,pyukumuku
5992,130,2,special-defense,https://pokeapi.co/api/v2/stat/5/,771,pyukumuku
5993,5,0,speed,https://pokeapi.co/api/v2/stat/6/,771,pyukumuku
5994,95,2,hp,https://pokeapi.co/api/v2/stat/1/,772,type-null
5995,95,0,attack,https://pokeapi.co/api/v2/stat/2/,772,type-null
5996,95,0,defense,https://pokeapi.co/api/v2/stat/3/,772,type-null
5997,95,0,special-attack,https://pokeapi.co/api/v2/stat/4/,772,type-null
5998,95,0,special-defense,https://pokeapi.co/api/v2/stat/5/,772,type-null
5999,59,0,speed,https://pokeapi.co/api/v2/stat/6/,772,type-null
6000,60,0,hp,https://pokeapi.co/api/v2/stat/1/,774,minior-red-meteor
6001,60,0,attack,https://pokeapi.co/api/v2/stat/2/,774,minior-red-meteor
6002,100,1,defense,https://pokeapi.co/api/v2/stat/3/,774,minior-red-meteor
6003,60,0,special-attack,https://pokeapi.co/api/v2/stat/4/,774,minior-red-meteor
6004,100,1,special-defense,https://pokeapi.co/api/v2/stat/5/,774,minior-red-meteor
6005,60,0,speed,https://pokeapi.co/api/v2/stat/6/,774,minior-red-meteor
6006,60,0,hp,https://pokeapi.co/api/v2/stat/1/,10130,minior-orange-meteor
6007,60,0,attack,https://pokeapi.co/api/v2/stat/2/,10130,minior-orange-meteor
6008,100,1,defense,https://pokeapi.co/api/v2/stat/3/,10130,minior-orange-meteor
6009,60,0,special-attack,https://pokeapi.co/api/v2/stat/4/,10130,minior-orange-meteor
6010,100,1,special-defense,https://pokeapi.co/api/v2/stat/5/,10130,minior-orange-meteor
6011,60,0,speed,https://pokeapi.co/api/v2/stat/6/,10130,minior-orange-meteor
6012,60,0,hp,https://pokeapi.co/api/v2/stat/1/,10131,minior-yellow-meteor
6013,60,0,attack,https://pokeapi.co/api/v2/stat/2/,10131,minior-yellow-meteor
6014,100,1,defense,https://pokeapi.co/api/v2/stat/3/,10131,minior-yellow-meteor
6015,60,0,special-attack,https://pokeapi.co/api/v2/stat/4/,10131,minior-yellow-meteor
6016,100,1,special-defense,https://pokeapi.co/api/v2/stat/5/,10131,minior-yellow-meteor
6017,60,0,speed,https://pokeapi.co/api/v2/stat/6/,10131,minior-yellow-meteor
6018,60,0,hp,https://pokeapi.co/api/v2/stat/1/,10132,minior-green-meteor
6019,60,0,attack,https://pokeapi.co/api/v2/stat/2/,10132,minior-green-meteor
6020,100,1,defense,https://pokeapi.co/api/v2/stat/3/,10132,minior-green-meteor
6021,60,0,special-attack,https://pokeapi.co/api/v2/stat/4/,10132,minior-green-meteor
6022,100,1,special-defense,https://pokeapi.co/api/v2/stat/5/,10132,minior-green-meteor
6023,60,0,speed,https://pokeapi.co/api/v2/stat/6/,10132,minior-green-meteor
6024,60,0,hp,https://pokeapi.co/api/v2/stat/1/,10133,minior-blue-meteor
6025,60,0,attack,https://pokeapi.co/api/v2/stat/2/,10133,minior-blue-meteor
6026,100,1,defense,https://pokeapi.co/api/v2/stat/3/,10133,minior-blue-meteor
6027,60,0,special-attack,https://pokeapi.co/api/v2/stat/4/,10133,minior-blue-meteor
6028,100,1,special-defense,https://pokeapi.co/api/v2/stat/5/,10133,minior-blue-meteor
6029,60,0,speed,https://pokeapi.co/api/v2/stat/6/,10133,minior-blue-meteor
6030,60,0,hp,https://pokeapi.co/api/v2/stat/1/,10134,minior-indigo-meteor
6031,60,0,attack,https://pokeapi.co/api/v2/stat/2/,10134,minior-indigo-meteor
6032,100,1,defense,https://pokeapi.co/api/v2/stat/3/,10134,minior-indigo-meteor
6033,60,0,special-attack,https://pokeapi.co/api/v2/stat/4/,10134,minior-indigo-meteor
6034,100,1,special-defense,https://pokeapi.co/api/v2/stat/5/,10134,minior-indigo-meteor
6035,60,0,speed,https://pokeapi.co/api/v2/stat/6/,10134,minior-indigo-meteor
6036,60,0,hp,https://pokeapi.co/api/v2/stat/1/,10135,minior-violet-meteor
6037,60,0,attack,https://pokeapi.co/api/v2/stat/2/,10135,minior-violet-meteor
6038,100,1,defense,https://pokeapi.co/api/v2/stat/3/,10135,minior-violet-meteor
6039,60,0,special-attack,https://pokeapi.co/api/v2/stat/4/,10135,minior-violet-meteor
6040,100,1,special-defense,https://pokeapi.co/api/v2/stat/5/,10135,minior-violet-meteor
6041,60,0,speed,https://pokeapi.co/api/v2/stat/6/,10135,minior-violet-meteor
6042,60,0,hp,https://pokeapi.co/api/v2/stat/1/,10136,minior-red
6043,100,1,attack,https://pokeapi.co/api/v2/stat/2/,10136,minior-red
6044,60,0,defense,https://pokeapi.co/api/v2/stat/3/,10136,minior-red
6045,100,1,special-attack,https://pokeapi.co/api/v2/stat/4/,10136,minior-red
6046,60,0,special-defense,https://pokeapi.co/api/v2/stat/5/,10136,minior-red
6047,120,0,speed,https://pokeapi.co/api/v2/stat/6/,10136,minior-red
6048,60,0,hp,https://pokeapi.co/api/v2/stat/1/,10137,minior-orange
6049,100,1,attack,https://pokeapi.co/api/v2/stat/2/,10137,minior-orange
6050,60,0,defense,https://pokeapi.co/api/v2/stat/3/,10137,minior-orange
6051,100,1,special-attack,https://pokeapi.co/api/v2/stat/4/,10137,minior-orange
6052,60,0,special-defense,https://pokeapi.co/api/v2/stat/5/,10137,minior-orange
6053,120,0,speed,https://pokeapi.co/api/v2/stat/6/,10137,minior-orange
6054,60,0,hp,https://pokeapi.co/api/v2/stat/1/,10138,minior-yellow
6055,100,1,attack,https://pokeapi.co/api/v2/stat/2/,10138,minior-yellow
6056,60,0,defense,https://pokeapi.co/api/v2/stat/3/,10138,minior-yellow
6057,100,1,special-attack,https://pokeapi.co/api/v2/stat/4/,10138,minior-yellow
6058,60,0,special-defense,https://pokeapi.co/api/v2/stat/5/,10138,minior-yellow
6059,120,0,speed,https://pokeapi.co/api/v2/stat/6/,10138,minior-yellow
6060,60,0,hp,https://pokeapi.co/api/v2/stat/1/,10139,minior-green
6061,100,1,attack,https://pokeapi.co/api/v2/stat/2/,10139,minior-green
6062,60,0,defense,https://pokeapi.co/api/v2/stat/3/,10139,minior-green
6063,100,1,special-attack,https://pokeapi.co/api/v2/stat/4/,10139,minior-green
6064,60,0,special-defense,https://pokeapi.co/api/v2/stat/5/,10139,minior-green
6065,120,0,speed,https://pokeapi.co/api/v2/stat/6/,10139,minior-green
6066,60,0,hp,https://pokeapi.co/api/v2/stat/1/,10140,minior-blue
6067,100,1,attack,https://pokeapi.co/api/v2/stat/2/,10140,minior-blue
6068,60,0,defense,https://pokeapi.co/api/v2/stat/3/,10140,minior-blue
6069,100,1,special-attack,https://pokeapi.co/api/v2/stat/4/,10140,minior-blue
6070,60,0,special-defense,https://pokeapi.co/api/v2/stat/5/,10140,minior-blue
6071,120,0,speed,https://pokeapi.co/api/v2/stat/6/,10140,minior-blue
6072,60,0,hp,https://pokeapi.co/api/v2/stat/1/,10141,minior-indigo
6073,100,1,attack,https://pokeapi.co/api/v2/stat/2/,10141,minior-indigo
6074,60,0,defense,https://pokeapi.co/api/v2/stat/3/,10141,minior-indigo
6075,100,1,special-attack,https://pokeapi.co/api/v2/stat/4/,10141,minior-indigo
6076,60,0,special-defense,https://pokeapi.co/api/v2/stat/5/,10141,minior-indigo
6077,120,0,speed,https://pokeapi.co/api/v2/stat/6/,10141,minior-indigo
6078,60,0,hp,https://pokeapi.co/api/v2/stat/1/,10142,minior-violet
6079,100,1,attack,https://pokeapi.co/api/v2/stat/2/,10142,minior-violet
6080,60,0,defense,https://pokeapi.co/api/v2/stat/3/,10142,minior-violet
6081,100,1,special-attack,https://pokeapi.co/api/v2/stat/4/,10142,minior-violet
6082,60,0,special-defense,https://pokeapi.co/api/v2/stat/5/,10142,minior-violet
6083,120,0,speed,https://pokeapi.co/api/v2/stat/6/,10142,minior-violet
6084,65,0,hp,https://pokeapi.co/api/v2/stat/1/,775,komala
6085,115,2,attack,https://pokeapi.co/api/v2/stat/2/,775,komala
6086,65,0,defense,https://pokeapi.co/api/v2/stat/3/,775,komala
6087,75,0,special-attack,https://pokeapi.co/api/v2/stat/4/,775,komala
6088,95,0,special-defense,https://pokeapi.co/api/v2/stat/5/,775,komala
6089,65,0,speed,https://pokeapi.co/api/v2/stat/6/,775,komala
6090,60,0,hp,https://pokeapi.co/api/v2/stat/1/,776,turtonator
6091,78,0,attack,https://pokeapi.co/api/v2/stat/2/,776,turtonator
6092,135,2,defense,https://pokeapi.co/api/v2/stat/3/,776,turtonator
6093,91,0,special-attack,https://pokeapi.co/api/v2/stat/4/,776,turtonator
6094,85,0,special-defense,https://pokeapi.co/api/v2/stat/5/,776,turtonator
6095,36,0,speed,https://pokeapi.co/api/v2/stat/6/,776,turtonator
6096,65,0,hp,https://pokeapi.co/api/v2/stat/1/,777,togedemaru
6097,98,2,attack,https://pokeapi.co/api/v2/stat/2/,777,togedemaru
6098,63,0,defense,https://pokeapi.co/api/v2/stat/3/,777,togedemaru
6099,40,0,special-attack,https://pokeapi.co/api/v2/stat/4/,777,togedemaru
6100,73,0,special-defense,https://pokeapi.co/api/v2/stat/5/,777,togedemaru
6101,96,0,speed,https://pokeapi.co/api/v2/stat/6/,777,togedemaru
6102,65,0,hp,https://pokeapi.co/api/v2/stat/1/,10154,togedemaru-totem
6103,98,2,attack,https://pokeapi.co/api/v2/stat/2/,10154,togedemaru-totem
6104,63,0,defense,https://pokeapi.co/api/v2/stat/3/,10154,togedemaru-totem
6105,40,0,special-attack,https://pokeapi.co/api/v2/stat/4/,10154,togedemaru-totem
6106,73,0,special-defense,https://pokeapi.co/api/v2/stat/5/,10154,togedemaru-totem
6107,96,0,speed,https://pokeapi.co/api/v2/stat/6/,10154,togedemaru-totem
6108,55,0,hp,https://pokeapi.co/api/v2/stat/1/,778,mimikyu-disguised
6109,90,0,attack,https://pokeapi.co/api/v2/stat/2/,778,mimikyu-disguised
6110,80,0,defense,https://pokeapi.co/api/v2/stat/3/,778,mimikyu-disguised
6111,50,0,special-attack,https://pokeapi.co/api/v2/stat/4/,778,mimikyu-disguised
6112,105,2,special-defense,https://pokeapi.co/api/v2/stat/5/,778,mimikyu-disguised
6113,96,0,speed,https://pokeapi.co/api/v2/stat/6/,778,mimikyu-disguised
6114,55,0,hp,https://pokeapi.co/api/v2/stat/1/,10143,mimikyu-busted
6115,90,0,attack,https://pokeapi.co/api/v2/stat/2/,10143,mimikyu-busted
6116,80,0,defense,https://pokeapi.co/api/v2/stat/3/,10143,mimikyu-busted
6117,50,0,special-attack,https://pokeapi.co/api/v2/stat/4/,10143,mimikyu-busted
6118,105,2,special-defense,https://pokeapi.co/api/v2/stat/5/,10143,mimikyu-busted
6119,96,0,speed,https://pokeapi.co/api/v2/stat/6/,10143,mimikyu-busted
6120,55,0,hp,https://pokeapi.co/api/v2/stat/1/,10144,mimikyu-totem-disguised
6121,90,0,attack,https://pokeapi.co/api/v2/stat/2/,10144,mimikyu-totem-disguised
6122,80,0,defense,https://pokeapi.co/api/v2/stat/3/,10144,mimikyu-totem-disguised
6123,50,0,special-attack,https://pokeapi.co/api/v2/stat/4/,10144,mimikyu-totem-disguised
6124,105,2,special-defense,https://pokeapi.co/api/v2/stat/5/,10144,mimikyu-totem-disguised
6125,96,0,speed,https://pokeapi.co/api/v2/stat/6/,10144,mimikyu-totem-disguised
6126,55,0,hp,https://pokeapi.co/api/v2/stat/1/,10145,mimikyu-totem-busted
6127,90,0,attack,https://pokeapi.co/api/v2/stat/2/,10145,mimikyu-totem-busted
6128,80,0,defense,https://pokeapi.co/api/v2/stat/3/,10145,mimikyu-totem-busted
6129,50,0,special-attack,https://pokeapi.co/api/v2/stat/4/,10145,mimikyu-totem-busted
6130,105,2,special-defense,https://pokeapi.co/api/v2/stat/5/,10145,mimikyu-totem-busted
6131,96,0,speed,https://pokeapi.co/api/v2/stat/6/,10145,mimikyu-totem-busted
6132,68,0,hp,https://pokeapi.co/api/v2/stat/1/,779,bruxish
6133,105,2,attack,https://pokeapi.co/api/v2/stat/2/,779,bruxish
6134,70,0,defense,https://pokeapi.co/api/v2/stat/3/,779,bruxish
6135,70,0,special-attack,https://pokeapi.co/api/v2/stat/4/,779,bruxish
6136,70,0,special-defense,https://pokeapi.co/api/v2/stat/5/,779,bruxish
6137,92,0,speed,https://pokeapi.co/api/v2/stat/6/,779,bruxish
6138,78,0,hp,https://pokeapi.co/api/v2/stat/1/,780,drampa
6139,60,0,attack,https://pokeapi.co/api/v2/stat/2/,780,drampa
6140,85,0,defense,https://pokeapi.co/api/v2/stat/3/,780,drampa
6141,135,2,special-attack,https://pokeapi.co/api/v2/stat/4/,780,drampa
6142,91,0,special-defense,https://pokeapi.co/api/v2/stat/5/,780,drampa
6143,36,0,speed,https://pokeapi.co/api/v2/stat/6/,780,drampa
6144,78,0,hp,https://pokeapi.co/api/v2/stat/1/,10302,drampa-mega
6145,85,0,attack,https://pokeapi.co/api/v2/stat/2/,10302,drampa-mega
6146,110,0,defense,https://pokeapi.co/api/v2/stat/3/,10302,drampa-mega
6147,160,0,special-attack,https://pokeapi.co/api/v2/stat/4/,10302,drampa-mega
6148,116,0,special-defense,https://pokeapi.co/api/v2/stat/5/,10302,drampa-mega
6149,36,0,speed,https://pokeapi.co/api/v2/stat/6/,10302,drampa-mega
6150,70,0,hp,https://pokeapi.co/api/v2/stat/1/,781,dhelmise
6151,131,2,attack,https://pokeapi.co/api/v2/stat/2/,781,dhelmise
6152,100,0,defense,https://pokeapi.co/api/v2/stat/3/,781,dhelmise
6153,86,0,special-attack,https://pokeapi.co/api/v2/stat/4/,781,dhelmise
6154,90,0,special-defense,https://pokeapi.co/api/v2/stat/5/,781,dhelmise
6155,40,0,speed,https://pokeapi.co/api/v2/stat/6/,781,dhelmise
6156,45,0,hp,https://pokeapi.co/api/v2/stat/1/,782,jangmo-o
6157,55,0,attack,https://pokeapi.co/api/v2/stat/2/,782,jangmo-o
6158,65,1,defense,https://pokeapi.co/api/v2/stat/3/,782,jangmo-o
6159,45,0,special-attack,https://pokeapi.co/api/v2/stat/4/,782,jangmo-o
6160,45,0,special-defense,https://pokeapi.co/api/v2/stat/5/,782,jangmo-o
6161,45,0,speed,https://pokeapi.co/api/v2/stat/6/,782,jangmo-o
6162,70,0,hp,https://pokeapi.co/api/v2/stat/1/,785,tapu-koko
6163,115,0,attack,https://pokeapi.co/api/v2/stat/2/,785,tapu-koko
6164,85,0,defense,https://pokeapi.co/api/v2/stat/3/,785,tapu-koko
6165,95,0,special-attack,https://pokeapi.co/api/v2/stat/4/,785,tapu-koko
6166,75,0,special-defense,https://pokeapi.co/api/v2/stat/5/,785,tapu-koko
6167,130,3,speed,https://pokeapi.co/api/v2/stat/6/,785,tapu-koko
6168,70,0,hp,https://pokeapi.co/api/v2/stat/1/,786,tapu-lele
6169,85,0,attack,https://pokeapi.co/api/v2/stat/2/,786,tapu-lele
6170,75,0,defense,https://pokeapi.co/api/v2/stat/3/,786,tapu-lele
6171,130,3,special-attack,https://pokeapi.co/api/v2/stat/4/,786,tapu-lele
6172,115,0,special-defense,https://pokeapi.co/api/v2/stat/5/,786,tapu-lele
6173,95,0,speed,https://pokeapi.co/api/v2/stat/6/,786,tapu-lele
6174,70,0,hp,https://pokeapi.co/api/v2/stat/1/,787,tapu-bulu
6175,130,3,attack,https://pokeapi.co/api/v2/stat/2/,787,tapu-bulu
6176,115,0,defense,https://pokeapi.co/api/v2/stat/3/,787,tapu-bulu
6177,85,0,special-attack,https://pokeapi.co/api/v2/stat/4/,787,tapu-bulu
6178,95,0,special-defense,https://pokeapi.co/api/v2/stat/5/,787,tapu-bulu
6179,75,0,speed,https://pokeapi.co/api/v2/stat/6/,787,tapu-bulu
6180,70,0,hp,https://pokeapi.co/api/v2/stat/1/,788,tapu-fini
6181,75,0,attack,https://pokeapi.co/api/v2/stat/2/,788,tapu-fini
6182,115,0,defense,https://pokeapi.co/api/v2/stat/3/,788,tapu-fini
6183,95,0,special-attack,https://pokeapi.co/api/v2/stat/4/,788,tapu-fini
6184,130,3,special-defense,https://pokeapi.co/api/v2/stat/5/,788,tapu-fini
6185,85,0,speed,https://pokeapi.co/api/v2/stat/6/,788,tapu-fini
6186,43,1,hp,https://pokeapi.co/api/v2/stat/1/,789,cosmog
6187,29,0,attack,https://pokeapi.co/api/v2/stat/2/,789,cosmog
6188,31,0,defense,https://pokeapi.co/api/v2/stat/3/,789,cosmog
6189,29,0,special-attack,https://pokeapi.co/api/v2/stat/4/,789,cosmog
6190,31,0,special-defense,https://pokeapi.co/api/v2/stat/5/,789,cosmog
6191,37,0,speed,https://pokeapi.co/api/v2/stat/6/,789,cosmog
6192,109,0,hp,https://pokeapi.co/api/v2/stat/1/,793,nihilego
6193,53,0,attack,https://pokeapi.co/api/v2/stat/2/,793,nihilego
6194,47,0,defense,https://pokeapi.co/api/v2/stat/3/,793,nihilego
6195,127,0,special-attack,https://pokeapi.co/api/v2/stat/4/,793,nihilego
6196,131,3,special-defense,https://pokeapi.co/api/v2/stat/5/,793,nihilego
6197,103,0,speed,https://pokeapi.co/api/v2/stat/6/,793,nihilego
6198,107,0,hp,https://pokeapi.co/api/v2/stat/1/,794,buzzwole
6199,139,1,attack,https://pokeapi.co/api/v2/stat/2/,794,buzzwole
6200,139,2,defense,https://pokeapi.co/api/v2/stat/3/,794,buzzwole
6201,53,0,special-attack,https://pokeapi.co/api/v2/stat/4/,794,buzzwole
6202,53,0,special-defense,https://pokeapi.co/api/v2/stat/5/,794,buzzwole
6203,79,0,speed,https://pokeapi.co/api/v2/stat/6/,794,buzzwole
6204,71,0,hp,https://pokeapi.co/api/v2/stat/1/,795,pheromosa
6205,137,0,attack,https://pokeapi.co/api/v2/stat/2/,795,pheromosa
6206,37,0,defense,https://pokeapi.co/api/v2/stat/3/,795,pheromosa
6207,137,0,special-attack,https://pokeapi.co/api/v2/stat/4/,795,pheromosa
6208,37,0,special-defense,https://pokeapi.co/api/v2/stat/5/,795,pheromosa
6209,151,3,speed,https://pokeapi.co/api/v2/stat/6/,795,pheromosa
6210,83,0,hp,https://pokeapi.co/api/v2/stat/1/,796,xurkitree
6211,89,0,attack,https://pokeapi.co/api/v2/stat/2/,796,xurkitree
6212,71,0,defense,https://pokeapi.co/api/v2/stat/3/,796,xurkitree
6213,173,3,special-attack,https://pokeapi.co/api/v2/stat/4/,796,xurkitree
6214,71,0,special-defense,https://pokeapi.co/api/v2/stat/5/,796,xurkitree
6215,83,0,speed,https://pokeapi.co/api/v2/stat/6/,796,xurkitree
6216,97,0,hp,https://pokeapi.co/api/v2/stat/1/,797,celesteela
6217,101,1,attack,https://pokeapi.co/api/v2/stat/2/,797,celesteela
6218,103,1,defense,https://pokeapi.co/api/v2/stat/3/,797,celesteela
6219,107,1,special-attack,https://pokeapi.co/api/v2/stat/4/,797,celesteela
6220,101,0,special-defense,https://pokeapi.co/api/v2/stat/5/,797,celesteela
6221,61,0,speed,https://pokeapi.co/api/v2/stat/6/,797,celesteela
6222,59,0,hp,https://pokeapi.co/api/v2/stat/1/,798,kartana
6223,181,3,attack,https://pokeapi.co/api/v2/stat/2/,798,kartana
6224,131,0,defense,https://pokeapi.co/api/v2/stat/3/,798,kartana
6225,59,0,special-attack,https://pokeapi.co/api/v2/stat/4/,798,kartana
6226,31,0,special-defense,https://pokeapi.co/api/v2/stat/5/,798,kartana
6227,109,0,speed,https://pokeapi.co/api/v2/stat/6/,798,kartana
6228,223,3,hp,https://pokeapi.co/api/v2/stat/1/,799,guzzlord
6229,101,0,attack,https://pokeapi.co/api/v2/stat/2/,799,guzzlord
6230,53,0,defense,https://pokeapi.co/api/v2/stat/3/,799,guzzlord
6231,97,0,special-attack,https://pokeapi.co/api/v2/stat/4/,799,guzzlord
6232,53,0,special-defense,https://pokeapi.co/api/v2/stat/5/,799,guzzlord
6233,43,0,speed,https://pokeapi.co/api/v2/stat/6/,799,guzzlord
6234,97,0,hp,https://pokeapi.co/api/v2/stat/1/,800,necrozma
6235,107,1,attack,https://pokeapi.co/api/v2/stat/2/,800,necrozma
6236,101,0,defense,https://pokeapi.co/api/v2/stat/3/,800,necrozma
6237,127,2,special-attack,https://pokeapi.co/api/v2/stat/4/,800,necrozma
6238,89,0,special-defense,https://pokeapi.co/api/v2/stat/5/,800,necrozma
6239,79,0,speed,https://pokeapi.co/api/v2/stat/6/,800,necrozma
6240,97,0,hp,https://pokeapi.co/api/v2/stat/1/,10155,necrozma-dusk
6241,157,3,attack,https://pokeapi.co/api/v2/stat/2/,10155,necrozma-dusk
6242,127,0,defense,https://pokeapi.co/api/v2/stat/3/,10155,necrozma-dusk
6243,113,0,special-attack,https://pokeapi.co/api/v2/stat/4/,10155,necrozma-dusk
6244,109,0,special-defense,https://pokeapi.co/api/v2/stat/5/,10155,necrozma-dusk
6245,77,0,speed,https://pokeapi.co/api/v2/stat/6/,10155,necrozma-dusk
6246,97,0,hp,https://pokeapi.co/api/v2/stat/1/,10156,necrozma-dawn
6247,113,0,attack,https://pokeapi.co/api/v2/stat/2/,10156,necrozma-dawn
6248,109,0,defense,https://pokeapi.co/api/v2/stat/3/,10156,necrozma-dawn
6249,157,3,special-attack,https://pokeapi.co/api/v2/stat/4/,10156,necrozma-dawn
6250,127,0,special-defense,https://pokeapi.co/api/v2/stat/5/,10156,necrozma-dawn
6251,77,0,speed,https://pokeapi.co/api/v2/stat/6/,10156,necrozma-dawn
6252,97,0,hp,https://pokeapi.co/api/v2/stat/1/,10157,necrozma-ultra
6253,167,1,attack,https://pokeapi.co/api/v2/stat/2/,10157,necrozma-ultra
6254,97,0,defense,https://pokeapi.co/api/v2/stat/3/,10157,necrozma-ultra
6255,167,1,special-attack,https://pokeapi.co/api/v2/stat/4/,10157,necrozma-ultra
6256,97,0,special-defense,https://pokeapi.co/api/v2/stat/5/,10157,necrozma-ultra
6257,129,1,speed,https://pokeapi.co/api/v2/stat/6/,10157,necrozma-ultra
6258,80,0,hp,https://pokeapi.co/api/v2/stat/1/,801,magearna
6259,95,0,attack,https://pokeapi.co/api/v2/stat/2/,801,magearna
6260,115,0,defense,https://pokeapi.co/api/v2/stat/3/,801,magearna
6261,130,3,special-attack,https://pokeapi.co/api/v2/stat/4/,801,magearna
6262,115,0,special-defense,https://pokeapi.co/api/v2/stat/5/,801,magearna
6263,65,0,speed,https://pokeapi.co/api/v2/stat/6/,801,magearna
6264,80,0,hp,https://pokeapi.co/api/v2/stat/1/,10147,magearna-original
6265,95,0,attack,https://pokeapi.co/api/v2/stat/2/,10147,magearna-original
6266,115,0,defense,https://pokeapi.co/api/v2/stat/3/,10147,magearna-original
6267,130,3,special-attack,https://pokeapi.co/api/v2/stat/4/,10147,magearna-original
6268,115,0,special-defense,https://pokeapi.co/api/v2/stat/5/,10147,magearna-original
6269,65,0,speed,https://pokeapi.co/api/v2/stat/6/,10147,magearna-original
6270,80,0,hp,https://pokeapi.co/api/v2/stat/1/,10317,magearna-mega
6271,125,0,attack,https://pokeapi.co/api/v2/stat/2/,10317,magearna-mega
6272,115,0,defense,https://pokeapi.co/api/v2/stat/3/,10317,magearna-mega
6273,170,0,special-attack,https://pokeapi.co/api/v2/stat/4/,10317,magearna-mega
6274,115,0,special-defense,https://pokeapi.co/api/v2/stat/5/,10317,magearna-mega
6275,95,0,speed,https://pokeapi.co/api/v2/stat/6/,10317,magearna-mega
6276,80,0,hp,https://pokeapi.co/api/v2/stat/1/,10318,magearna-original-mega
6277,125,0,attack,https://pokeapi.co/api/v2/stat/2/,10318,magearna-original-mega
6278,115,0,defense,https://pokeapi.co/api/v2/stat/3/,10318,magearna-original-mega
6279,170,0,special-attack,https://pokeapi.co/api/v2/stat/4/,10318,magearna-original-mega
6280,115,0,special-defense,https://pokeapi.co/api/v2/stat/5/,10318,magearna-original-mega
6281,95,0,speed,https://pokeapi.co/api/v2/stat/6/,10318,magearna-original-mega
6282,90,0,hp,https://pokeapi.co/api/v2/stat/1/,802,marshadow
6283,125,2,attack,https://pokeapi.co/api/v2/stat/2/,802,marshadow
6284,80,0,defense,https://pokeapi.co/api/v2/stat/3/,802,marshadow
6285,90,0,special-attack,https://pokeapi.co/api/v2/stat/4/,802,marshadow
6286,90,0,special-defense,https://pokeapi.co/api/v2/stat/5/,802,marshadow
6287,125,1,speed,https://pokeapi.co/api/v2/stat/6/,802,marshadow
6288,67,0,hp,https://pokeapi.co/api/v2/stat/1/,803,poipole
6289,73,0,attack,https://pokeapi.co/api/v2/stat/2/,803,poipole
6290,67,0,defense,https://pokeapi.co/api/v2/stat/3/,803,poipole
6291,73,0,special-attack,https://pokeapi.co/api/v2/stat/4/,803,poipole
6292,67,0,special-defense,https://pokeapi.co/api/v2/stat/5/,803,poipole
6293,73,1,speed,https://pokeapi.co/api/v2/stat/6/,803,poipole
6294,61,0,hp,https://pokeapi.co/api/v2/stat/1/,805,stakataka
6295,131,0,attack,https://pokeapi.co/api/v2/stat/2/,805,stakataka
6296,211,3,defense,https://pokeapi.co/api/v2/stat/3/,805,stakataka
6297,53,0,special-attack,https://pokeapi.co/api/v2/stat/4/,805,stakataka
6298,101,0,special-defense,https://pokeapi.co/api/v2/stat/5/,805,stakataka
6299,13,0,speed,https://pokeapi.co/api/v2/stat/6/,805,stakataka
6300,53,0,hp,https://pokeapi.co/api/v2/stat/1/,806,blacephalon
6301,127,0,attack,https://pokeapi.co/api/v2/stat/2/,806,blacephalon
6302,53,0,defense,https://pokeapi.co/api/v2/stat/3/,806,blacephalon
6303,151,3,special-attack,https://pokeapi.co/api/v2/stat/4/,806,blacephalon
6304,79,0,special-defense,https://pokeapi.co/api/v2/stat/5/,806,blacephalon
6305,107,0,speed,https://pokeapi.co/api/v2/stat/6/,806,blacephalon
6306,88,0,hp,https://pokeapi.co/api/v2/stat/1/,807,zeraora
6307,112,0,attack,https://pokeapi.co/api/v2/stat/2/,807,zeraora
6308,75,0,defense,https://pokeapi.co/api/v2/stat/3/,807,zeraora
6309,102,0,special-attack,https://pokeapi.co/api/v2/stat/4/,807,zeraora
6310,80,0,special-defense,https://pokeapi.co/api/v2/stat/5/,807,zeraora
6311,143,3,speed,https://pokeapi.co/api/v2/stat/6/,807,zeraora
6312,88,0,hp,https://pokeapi.co/api/v2/stat/1/,10319,zeraora-mega
6313,157,0,attack,https://pokeapi.co/api/v2/stat/2/,10319,zeraora-mega
6314,75,0,defense,https://pokeapi.co/api/v2/stat/3/,10319,zeraora-mega
6315,147,0,special-attack,https://pokeapi.co/api/v2/stat/4/,10319,zeraora-mega
6316,80,0,special-defense,https://pokeapi.co/api/v2/stat/5/,10319,zeraora-mega
6317,153,0,speed,https://pokeapi.co/api/v2/stat/6/,10319,zeraora-mega
6318,46,0,hp,https://pokeapi.co/api/v2/stat/1/,808,meltan
6319,65,1,attack,https://pokeapi.co/api/v2/stat/2/,808,meltan
6320,65,0,defense,https://pokeapi.co/api/v2/stat/3/,808,meltan
6321,55,0,special-attack,https://pokeapi.co/api/v2/stat/4/,808,meltan
6322,35,0,special-defense,https://pokeapi.co/api/v2/stat/5/,808,meltan
6323,34,0,speed,https://pokeapi.co/api/v2/stat/6/,808,meltan
6324,95,3,hp,https://pokeapi.co/api/v2/stat/1/,773,silvally
6325,95,0,attack,https://pokeapi.co/api/v2/stat/2/,773,silvally
6326,95,0,defense,https://pokeapi.co/api/v2/stat/3/,773,silvally
6327,95,0,special-attack,https://pokeapi.co/api/v2/stat/4/,773,silvally
6328,95,0,special-defense,https://pokeapi.co/api/v2/stat/5/,773,silvally
6329,95,0,speed,https://pokeapi.co/api/v2/stat/6/,773,silvally
6330,55,0,hp,https://pokeapi.co/api/v2/stat/1/,783,hakamo-o
6331,75,0,attack,https://pokeapi.co/api/v2/stat/2/,783,hakamo-o
6332,90,2,defense,https://pokeapi.co/api/v2/stat/3/,783,hakamo-o
6333,65,0,special-attack,https://pokeapi.co/api/v2/stat/4/,783,hakamo-o
6334,70,0,special-defense,https://pokeapi.co/api/v2/stat/5/,783,hakamo-o
6335,65,0,speed,https://pokeapi.co/api/v2/stat/6/,783,hakamo-o
6336,75,0,hp,https://pokeapi.co/api/v2/stat/1/,784,kommo-o
6337,110,0,attack,https://pokeapi.co/api/v2/stat/2/,784,kommo-o
6338,125,3,defense,https://pokeapi.co/api/v2/stat/3/,784,kommo-o
6339,100,0,special-attack,https://pokeapi.co/api/v2/stat/4/,784,kommo-o
6340,105,0,special-defense,https://pokeapi.co/api/v2/stat/5/,784,kommo-o
6341,85,0,speed,https://pokeapi.co/api/v2/stat/6/,784,kommo-o
6342,75,0,hp,https://pokeapi.co/api/v2/stat/1/,10146,kommo-o-totem
6343,110,0,attack,https://pokeapi.co/api/v2/stat/2/,10146,kommo-o-totem
6344,125,3,defense,https://pokeapi.co/api/v2/stat/3/,10146,kommo-o-totem
6345,100,0,special-attack,https://pokeapi.co/api/v2/stat/4/,10146,kommo-o-totem
6346,105,0,special-defense,https://pokeapi.co/api/v2/stat/5/,10146,kommo-o-totem
6347,85,0,speed,https://pokeapi.co/api/v2/stat/6/,10146,kommo-o-totem
6348,43,0,hp,https://pokeapi.co/api/v2/stat/1/,790,cosmoem
6349,29,0,attack,https://pokeapi.co/api/v2/stat/2/,790,cosmoem
6350,131,1,defense,https://pokeapi.co/api/v2/stat/3/,790,cosmoem
6351,29,0,special-attack,https://pokeapi.co/api/v2/stat/4/,790,cosmoem
6352,131,1,special-defense,https://pokeapi.co/api/v2/stat/5/,790,cosmoem
6353,37,0,speed,https://pokeapi.co/api/v2/stat/6/,790,cosmoem
6354,137,0,hp,https://pokeapi.co/api/v2/stat/1/,791,solgaleo
6355,137,3,attack,https://pokeapi.co/api/v2/stat/2/,791,solgaleo
6356,107,0,defense,https://pokeapi.co/api/v2/stat/3/,791,solgaleo
6357,113,0,special-attack,https://pokeapi.co/api/v2/stat/4/,791,solgaleo
6358,89,0,special-defense,https://pokeapi.co/api/v2/stat/5/,791,solgaleo
6359,97,0,speed,https://pokeapi.co/api/v2/stat/6/,791,solgaleo
6360,137,0,hp,https://pokeapi.co/api/v2/stat/1/,792,lunala
6361,113,0,attack,https://pokeapi.co/api/v2/stat/2/,792,lunala
6362,89,0,defense,https://pokeapi.co/api/v2/stat/3/,792,lunala
6363,137,3,special-attack,https://pokeapi.co/api/v2/stat/4/,792,lunala
6364,107,0,special-defense,https://pokeapi.co/api/v2/stat/5/,792,lunala
6365,97,0,speed,https://pokeapi.co/api/v2/stat/6/,792,lunala
6366,73,0,hp,https://pokeapi.co/api/v2/stat/1/,804,naganadel
6367,73,0,attack,https://pokeapi.co/api/v2/stat/2/,804,naganadel
6368,73,0,defense,https://pokeapi.co/api/v2/stat/3/,804,naganadel
6369,127,3,special-attack,https://pokeapi.co/api/v2/stat/4/,804,naganadel
6370,73,0,special-defense,https://pokeapi.co/api/v2/stat/5/,804,naganadel
6371,121,0,speed,https://pokeapi.co/api/v2/stat/6/,804,naganadel
6372,135,0,hp,https://pokeapi.co/api/v2/stat/1/,809,melmetal
6373,143,3,attack,https://pokeapi.co/api/v2/stat/2/,809,melmetal
6374,143,0,defense,https://pokeapi.co/api/v2/stat/3/,809,melmetal
6375,80,0,special-attack,https://pokeapi.co/api/v2/stat/4/,809,melmetal
6376,65,0,special-defense,https://pokeapi.co/api/v2/stat/5/,809,melmetal
6377,34,0,speed,https://pokeapi.co/api/v2/stat/6/,809,melmetal
6378,135,0,hp,https://pokeapi.co/api/v2/stat/1/,10208,melmetal-gmax
6379,143,3,attack,https://pokeapi.co/api/v2/stat/2/,10208,melmetal-gmax
6380,143,0,defense,https://pokeapi.co/api/v2/stat/3/,10208,melmetal-gmax
6381,80,0,special-attack,https://pokeapi.co/api/v2/stat/4/,10208,melmetal-gmax
6382,65,0,special-defense,https://pokeapi.co/api/v2/stat/5/,10208,melmetal-gmax
6383,34,0,speed,https://pokeapi.co/api/v2/stat/6/,10208,melmetal-gmax
6384,60,0,hp,https://pokeapi.co/api/v2/stat/1/,729,brionne
6385,69,0,attack,https://pokeapi.co/api/v2/stat/2/,729,brionne
6386,69,0,defense,https://pokeapi.co/api/v2/stat/3/,729,brionne
6387,91,2,special-attack,https://pokeapi.co/api/v2/stat/4/,729,brionne
6388,81,0,special-defense,https://pokeapi.co/api/v2/stat/5/,729,brionne
6389,50,0,speed,https://pokeapi.co/api/v2/stat/6/,729,brionne
6390,72,0,hp,https://pokeapi.co/api/v2/stat/1/,763,tsareena
6391,120,3,attack,https://pokeapi.co/api/v2/stat/2/,763,tsareena
6392,98,0,defense,https://pokeapi.co/api/v2/stat/3/,763,tsareena
6393,50,0,special-attack,https://pokeapi.co/api/v2/stat/4/,763,tsareena
6394,98,0,special-defense,https://pokeapi.co/api/v2/stat/5/,763,tsareena
6395,72,0,speed,https://pokeapi.co/api/v2/stat/6/,763,tsareena
6396,75,0,hp,https://pokeapi.co/api/v2/stat/1/,768,golisopod
6397,125,0,attack,https://pokeapi.co/api/v2/stat/2/,768,golisopod
6398,140,2,defense,https://pokeapi.co/api/v2/stat/3/,768,golisopod
6399,60,0,special-attack,https://pokeapi.co/api/v2/stat/4/,768,golisopod
6400,90,0,special-defense,https://pokeapi.co/api/v2/stat/5/,768,golisopod
6401,40,0,speed,https://pokeapi.co/api/v2/stat/6/,768,golisopod
6402,75,0,hp,https://pokeapi.co/api/v2/stat/1/,10316,golisopod-mega
6403,150,0,attack,https://pokeapi.co/api/v2/stat/2/,10316,golisopod-mega
6404,175,0,defense,https://pokeapi.co/api/v2/stat/3/,10316,golisopod-mega
6405,70,0,special-attack,https://pokeapi.co/api/v2/stat/4/,10316,golisopod-mega
6406,120,0,special-defense,https://pokeapi.co/api/v2/stat/5/,10316,golisopod-mega
6407,40,0,speed,https://pokeapi.co/api/v2/stat/6/,10316,golisopod-mega
6408,85,0,hp,https://pokeapi.co/api/v2/stat/1/,770,palossand
6409,75,0,attack,https://pokeapi.co/api/v2/stat/2/,770,palossand
6410,110,2,defense,https://pokeapi.co/api/v2/stat/3/,770,palossand
6411,100,0,special-attack,https://pokeapi.co/api/v2/stat/4/,770,palossand
6412,75,0,special-defense,https://pokeapi.co/api/v2/stat/5/,770,palossand
6413,35,0,speed,https://pokeapi.co/api/v2/stat/6/,770,palossand
6414,50,0,hp,https://pokeapi.co/api/v2/stat/1/,810,grookey
6415,65,1,attack,https://pokeapi.co/api/v2/stat/2/,810,grookey
6416,50,0,defense,https://pokeapi.co/api/v2/stat/3/,810,grookey
6417,40,0,special-attack,https://pokeapi.co/api/v2/stat/4/,810,grookey
6418,40,0,special-defense,https://pokeapi.co/api/v2/stat/5/,810,grookey
6419,65,0,speed,https://pokeapi.co/api/v2/stat/6/,810,grookey
6420,50,0,hp,https://pokeapi.co/api/v2/stat/1/,813,scorbunny
6421,71,0,attack,https://pokeapi.co/api/v2/stat/2/,813,scorbunny
6422,40,0,defense,https://pokeapi.co/api/v2/stat/3/,813,scorbunny
6423,40,0,special-attack,https://pokeapi.co/api/v2/stat/4/,813,scorbunny
6424,40,0,special-defense,https://pokeapi.co/api/v2/stat/5/,813,scorbunny
6425,69,1,speed,https://pokeapi.co/api/v2/stat/6/,813,scorbunny
6426,50,0,hp,https://pokeapi.co/api/v2/stat/1/,816,sobble
6427,40,0,attack,https://pokeapi.co/api/v2/stat/2/,816,sobble
6428,40,0,defense,https://pokeapi.co/api/v2/stat/3/,816,sobble
6429,70,0,special-attack,https://pokeapi.co/api/v2/stat/4/,816,sobble
6430,40,1,special-defense,https://pokeapi.co/api/v2/stat/5/,816,sobble
6431,70,1,speed,https://pokeapi.co/api/v2/stat/6/,816,sobble
6432,70,1,hp,https://pokeapi.co/api/v2/stat/1/,819,skwovet
6433,55,0,attack,https://pokeapi.co/api/v2/stat/2/,819,skwovet
6434,55,0,defense,https://pokeapi.co/api/v2/stat/3/,819,skwovet
6435,35,0,special-attack,https://pokeapi.co/api/v2/stat/4/,819,skwovet
6436,35,0,special-defense,https://pokeapi.co/api/v2/stat/5/,819,skwovet
6437,25,0,speed,https://pokeapi.co/api/v2/stat/6/,819,skwovet
6438,38,0,hp,https://pokeapi.co/api/v2/stat/1/,821,rookidee
6439,47,0,attack,https://pokeapi.co/api/v2/stat/2/,821,rookidee
6440,35,0,defense,https://pokeapi.co/api/v2/stat/3/,821,rookidee
6441,33,0,special-attack,https://pokeapi.co/api/v2/stat/4/,821,rookidee
6442,35,0,special-defense,https://pokeapi.co/api/v2/stat/5/,821,rookidee
6443,57,1,speed,https://pokeapi.co/api/v2/stat/6/,821,rookidee
6444,25,0,hp,https://pokeapi.co/api/v2/stat/1/,824,blipbug
6445,20,0,attack,https://pokeapi.co/api/v2/stat/2/,824,blipbug
6446,20,0,defense,https://pokeapi.co/api/v2/stat/3/,824,blipbug
6447,25,0,special-attack,https://pokeapi.co/api/v2/stat/4/,824,blipbug
6448,45,1,special-defense,https://pokeapi.co/api/v2/stat/5/,824,blipbug
6449,45,0,speed,https://pokeapi.co/api/v2/stat/6/,824,blipbug
6450,40,0,hp,https://pokeapi.co/api/v2/stat/1/,827,nickit
6451,28,0,attack,https://pokeapi.co/api/v2/stat/2/,827,nickit
6452,28,0,defense,https://pokeapi.co/api/v2/stat/3/,827,nickit
6453,47,0,special-attack,https://pokeapi.co/api/v2/stat/4/,827,nickit
6454,52,1,special-defense,https://pokeapi.co/api/v2/stat/5/,827,nickit
6455,50,0,speed,https://pokeapi.co/api/v2/stat/6/,827,nickit
6456,40,0,hp,https://pokeapi.co/api/v2/stat/1/,829,gossifleur
6457,40,0,attack,https://pokeapi.co/api/v2/stat/2/,829,gossifleur
6458,60,0,defense,https://pokeapi.co/api/v2/stat/3/,829,gossifleur
6459,40,0,special-attack,https://pokeapi.co/api/v2/stat/4/,829,gossifleur
6460,60,1,special-defense,https://pokeapi.co/api/v2/stat/5/,829,gossifleur
6461,10,0,speed,https://pokeapi.co/api/v2/stat/6/,829,gossifleur
6462,42,0,hp,https://pokeapi.co/api/v2/stat/1/,831,wooloo
6463,40,0,attack,https://pokeapi.co/api/v2/stat/2/,831,wooloo
6464,55,1,defense,https://pokeapi.co/api/v2/stat/3/,831,wooloo
6465,40,0,special-attack,https://pokeapi.co/api/v2/stat/4/,831,wooloo
6466,45,0,special-defense,https://pokeapi.co/api/v2/stat/5/,831,wooloo
6467,48,0,speed,https://pokeapi.co/api/v2/stat/6/,831,wooloo
6468,50,0,hp,https://pokeapi.co/api/v2/stat/1/,833,chewtle
6469,64,1,attack,https://pokeapi.co/api/v2/stat/2/,833,chewtle
6470,50,0,defense,https://pokeapi.co/api/v2/stat/3/,833,chewtle
6471,38,0,special-attack,https://pokeapi.co/api/v2/stat/4/,833,chewtle
6472,38,0,special-defense,https://pokeapi.co/api/v2/stat/5/,833,chewtle
6473,44,0,speed,https://pokeapi.co/api/v2/stat/6/,833,chewtle
6474,59,1,hp,https://pokeapi.co/api/v2/stat/1/,835,yamper
6475,45,0,attack,https://pokeapi.co/api/v2/stat/2/,835,yamper
6476,50,0,defense,https://pokeapi.co/api/v2/stat/3/,835,yamper
6477,40,0,special-attack,https://pokeapi.co/api/v2/stat/4/,835,yamper
6478,50,0,special-defense,https://pokeapi.co/api/v2/stat/5/,835,yamper
6479,26,0,speed,https://pokeapi.co/api/v2/stat/6/,835,yamper
6480,30,0,hp,https://pokeapi.co/api/v2/stat/1/,837,rolycoly
6481,40,0,attack,https://pokeapi.co/api/v2/stat/2/,837,rolycoly
6482,50,1,defense,https://pokeapi.co/api/v2/stat/3/,837,rolycoly
6483,40,0,special-attack,https://pokeapi.co/api/v2/stat/4/,837,rolycoly
6484,50,0,special-defense,https://pokeapi.co/api/v2/stat/5/,837,rolycoly
6485,30,0,speed,https://pokeapi.co/api/v2/stat/6/,837,rolycoly
6486,40,0,hp,https://pokeapi.co/api/v2/stat/1/,840,applin
6487,40,0,attack,https://pokeapi.co/api/v2/stat/2/,840,applin
6488,80,1,defense,https://pokeapi.co/api/v2/stat/3/,840,applin
6489,40,0,special-attack,https://pokeapi.co/api/v2/stat/4/,840,applin
6490,40,0,special-defense,https://pokeapi.co/api/v2/stat/5/,840,applin
6491,20,0,speed,https://pokeapi.co/api/v2/stat/6/,840,applin
6492,70,0,hp,https://pokeapi.co/api/v2/stat/1/,811,thwackey
6493,85,2,attack,https://pokeapi.co/api/v2/stat/2/,811,thwackey
6494,70,0,defense,https://pokeapi.co/api/v2/stat/3/,811,thwackey
6495,55,0,special-attack,https://pokeapi.co/api/v2/stat/4/,811,thwackey
6496,60,0,special-defense,https://pokeapi.co/api/v2/stat/5/,811,thwackey
6497,80,0,speed,https://pokeapi.co/api/v2/stat/6/,811,thwackey
6498,100,0,hp,https://pokeapi.co/api/v2/stat/1/,812,rillaboom
6499,125,3,attack,https://pokeapi.co/api/v2/stat/2/,812,rillaboom
6500,90,0,defense,https://pokeapi.co/api/v2/stat/3/,812,rillaboom
6501,60,0,special-attack,https://pokeapi.co/api/v2/stat/4/,812,rillaboom
6502,70,0,special-defense,https://pokeapi.co/api/v2/stat/5/,812,rillaboom
6503,85,0,speed,https://pokeapi.co/api/v2/stat/6/,812,rillaboom
6504,100,0,hp,https://pokeapi.co/api/v2/stat/1/,10209,rillaboom-gmax
6505,125,3,attack,https://pokeapi.co/api/v2/stat/2/,10209,rillaboom-gmax
6506,90,0,defense,https://pokeapi.co/api/v2/stat/3/,10209,rillaboom-gmax
6507,60,0,special-attack,https://pokeapi.co/api/v2/stat/4/,10209,rillaboom-gmax
6508,70,0,special-defense,https://pokeapi.co/api/v2/stat/5/,10209,rillaboom-gmax
6509,85,0,speed,https://pokeapi.co/api/v2/stat/6/,10209,rillaboom-gmax
6510,65,0,hp,https://pokeapi.co/api/v2/stat/1/,814,raboot
6511,86,0,attack,https://pokeapi.co/api/v2/stat/2/,814,raboot
6512,60,0,defense,https://pokeapi.co/api/v2/stat/3/,814,raboot
6513,55,0,special-attack,https://pokeapi.co/api/v2/stat/4/,814,raboot
6514,60,0,special-defense,https://pokeapi.co/api/v2/stat/5/,814,raboot
6515,94,2,speed,https://pokeapi.co/api/v2/stat/6/,814,raboot
6516,80,0,hp,https://pokeapi.co/api/v2/stat/1/,815,cinderace
6517,116,0,attack,https://pokeapi.co/api/v2/stat/2/,815,cinderace
6518,75,0,defense,https://pokeapi.co/api/v2/stat/3/,815,cinderace
6519,65,0,special-attack,https://pokeapi.co/api/v2/stat/4/,815,cinderace
6520,75,0,special-defense,https://pokeapi.co/api/v2/stat/5/,815,cinderace
6521,119,3,speed,https://pokeapi.co/api/v2/stat/6/,815,cinderace
6522,80,0,hp,https://pokeapi.co/api/v2/stat/1/,10210,cinderace-gmax
6523,116,0,attack,https://pokeapi.co/api/v2/stat/2/,10210,cinderace-gmax
6524,75,0,defense,https://pokeapi.co/api/v2/stat/3/,10210,cinderace-gmax
6525,65,0,special-attack,https://pokeapi.co/api/v2/stat/4/,10210,cinderace-gmax
6526,75,0,special-defense,https://pokeapi.co/api/v2/stat/5/,10210,cinderace-gmax
6527,119,3,speed,https://pokeapi.co/api/v2/stat/6/,10210,cinderace-gmax
6528,65,0,hp,https://pokeapi.co/api/v2/stat/1/,817,drizzile
6529,60,0,attack,https://pokeapi.co/api/v2/stat/2/,817,drizzile
6530,55,0,defense,https://pokeapi.co/api/v2/stat/3/,817,drizzile
6531,95,2,special-attack,https://pokeapi.co/api/v2/stat/4/,817,drizzile
6532,55,0,special-defense,https://pokeapi.co/api/v2/stat/5/,817,drizzile
6533,90,0,speed,https://pokeapi.co/api/v2/stat/6/,817,drizzile
6534,70,0,hp,https://pokeapi.co/api/v2/stat/1/,818,inteleon
6535,85,0,attack,https://pokeapi.co/api/v2/stat/2/,818,inteleon
6536,65,0,defense,https://pokeapi.co/api/v2/stat/3/,818,inteleon
6537,125,0,special-attack,https://pokeapi.co/api/v2/stat/4/,818,inteleon
6538,65,0,special-defense,https://pokeapi.co/api/v2/stat/5/,818,inteleon
6539,120,3,speed,https://pokeapi.co/api/v2/stat/6/,818,inteleon
6540,70,0,hp,https://pokeapi.co/api/v2/stat/1/,10211,inteleon-gmax
6541,85,0,attack,https://pokeapi.co/api/v2/stat/2/,10211,inteleon-gmax
6542,65,0,defense,https://pokeapi.co/api/v2/stat/3/,10211,inteleon-gmax
6543,125,0,special-attack,https://pokeapi.co/api/v2/stat/4/,10211,inteleon-gmax
6544,65,0,special-defense,https://pokeapi.co/api/v2/stat/5/,10211,inteleon-gmax
6545,120,3,speed,https://pokeapi.co/api/v2/stat/6/,10211,inteleon-gmax
6546,120,2,hp,https://pokeapi.co/api/v2/stat/1/,820,greedent
6547,95,0,attack,https://pokeapi.co/api/v2/stat/2/,820,greedent
6548,95,0,defense,https://pokeapi.co/api/v2/stat/3/,820,greedent
6549,55,0,special-attack,https://pokeapi.co/api/v2/stat/4/,820,greedent
6550,75,0,special-defense,https://pokeapi.co/api/v2/stat/5/,820,greedent
6551,20,0,speed,https://pokeapi.co/api/v2/stat/6/,820,greedent
6552,68,0,hp,https://pokeapi.co/api/v2/stat/1/,822,corvisquire
6553,67,0,attack,https://pokeapi.co/api/v2/stat/2/,822,corvisquire
6554,55,0,defense,https://pokeapi.co/api/v2/stat/3/,822,corvisquire
6555,43,0,special-attack,https://pokeapi.co/api/v2/stat/4/,822,corvisquire
6556,55,0,special-defense,https://pokeapi.co/api/v2/stat/5/,822,corvisquire
6557,77,2,speed,https://pokeapi.co/api/v2/stat/6/,822,corvisquire
6558,98,0,hp,https://pokeapi.co/api/v2/stat/1/,823,corviknight
6559,87,0,attack,https://pokeapi.co/api/v2/stat/2/,823,corviknight
6560,105,3,defense,https://pokeapi.co/api/v2/stat/3/,823,corviknight
6561,53,0,special-attack,https://pokeapi.co/api/v2/stat/4/,823,corviknight
6562,85,0,special-defense,https://pokeapi.co/api/v2/stat/5/,823,corviknight
6563,67,0,speed,https://pokeapi.co/api/v2/stat/6/,823,corviknight
6564,98,0,hp,https://pokeapi.co/api/v2/stat/1/,10212,corviknight-gmax
6565,87,0,attack,https://pokeapi.co/api/v2/stat/2/,10212,corviknight-gmax
6566,105,3,defense,https://pokeapi.co/api/v2/stat/3/,10212,corviknight-gmax
6567,53,0,special-attack,https://pokeapi.co/api/v2/stat/4/,10212,corviknight-gmax
6568,85,0,special-defense,https://pokeapi.co/api/v2/stat/5/,10212,corviknight-gmax
6569,67,0,speed,https://pokeapi.co/api/v2/stat/6/,10212,corviknight-gmax
6570,50,0,hp,https://pokeapi.co/api/v2/stat/1/,825,dottler
6571,35,0,attack,https://pokeapi.co/api/v2/stat/2/,825,dottler
6572,80,0,defense,https://pokeapi.co/api/v2/stat/3/,825,dottler
6573,50,0,special-attack,https://pokeapi.co/api/v2/stat/4/,825,dottler
6574,90,2,special-defense,https://pokeapi.co/api/v2/stat/5/,825,dottler
6575,30,0,speed,https://pokeapi.co/api/v2/stat/6/,825,dottler
6576,70,0,hp,https://pokeapi.co/api/v2/stat/1/,828,thievul
6577,58,0,attack,https://pokeapi.co/api/v2/stat/2/,828,thievul
6578,58,0,defense,https://pokeapi.co/api/v2/stat/3/,828,thievul
6579,87,0,special-attack,https://pokeapi.co/api/v2/stat/4/,828,thievul
6580,92,2,special-defense,https://pokeapi.co/api/v2/stat/5/,828,thievul
6581,90,0,speed,https://pokeapi.co/api/v2/stat/6/,828,thievul
6582,60,0,hp,https://pokeapi.co/api/v2/stat/1/,830,eldegoss
6583,50,0,attack,https://pokeapi.co/api/v2/stat/2/,830,eldegoss
6584,90,0,defense,https://pokeapi.co/api/v2/stat/3/,830,eldegoss
6585,80,0,special-attack,https://pokeapi.co/api/v2/stat/4/,830,eldegoss
6586,120,2,special-defense,https://pokeapi.co/api/v2/stat/5/,830,eldegoss
6587,60,0,speed,https://pokeapi.co/api/v2/stat/6/,830,eldegoss
6588,72,0,hp,https://pokeapi.co/api/v2/stat/1/,832,dubwool
6589,80,0,attack,https://pokeapi.co/api/v2/stat/2/,832,dubwool
6590,100,2,defense,https://pokeapi.co/api/v2/stat/3/,832,dubwool
6591,60,0,special-attack,https://pokeapi.co/api/v2/stat/4/,832,dubwool
6592,90,0,special-defense,https://pokeapi.co/api/v2/stat/5/,832,dubwool
6593,88,0,speed,https://pokeapi.co/api/v2/stat/6/,832,dubwool
6594,90,0,hp,https://pokeapi.co/api/v2/stat/1/,834,drednaw
6595,115,2,attack,https://pokeapi.co/api/v2/stat/2/,834,drednaw
6596,90,0,defense,https://pokeapi.co/api/v2/stat/3/,834,drednaw
6597,48,0,special-attack,https://pokeapi.co/api/v2/stat/4/,834,drednaw
6598,68,0,special-defense,https://pokeapi.co/api/v2/stat/5/,834,drednaw
6599,74,0,speed,https://pokeapi.co/api/v2/stat/6/,834,drednaw
6600,90,0,hp,https://pokeapi.co/api/v2/stat/1/,10214,drednaw-gmax
6601,115,2,attack,https://pokeapi.co/api/v2/stat/2/,10214,drednaw-gmax
6602,90,0,defense,https://pokeapi.co/api/v2/stat/3/,10214,drednaw-gmax
6603,48,0,special-attack,https://pokeapi.co/api/v2/stat/4/,10214,drednaw-gmax
6604,68,0,special-defense,https://pokeapi.co/api/v2/stat/5/,10214,drednaw-gmax
6605,74,0,speed,https://pokeapi.co/api/v2/stat/6/,10214,drednaw-gmax
6606,69,0,hp,https://pokeapi.co/api/v2/stat/1/,836,boltund
6607,90,0,attack,https://pokeapi.co/api/v2/stat/2/,836,boltund
6608,60,0,defense,https://pokeapi.co/api/v2/stat/3/,836,boltund
6609,90,0,special-attack,https://pokeapi.co/api/v2/stat/4/,836,boltund
6610,60,0,special-defense,https://pokeapi.co/api/v2/stat/5/,836,boltund
6611,121,2,speed,https://pokeapi.co/api/v2/stat/6/,836,boltund
6612,80,0,hp,https://pokeapi.co/api/v2/stat/1/,838,carkol
6613,60,0,attack,https://pokeapi.co/api/v2/stat/2/,838,carkol
6614,90,2,defense,https://pokeapi.co/api/v2/stat/3/,838,carkol
6615,60,0,special-attack,https://pokeapi.co/api/v2/stat/4/,838,carkol
6616,70,0,special-defense,https://pokeapi.co/api/v2/stat/5/,838,carkol
6617,50,0,speed,https://pokeapi.co/api/v2/stat/6/,838,carkol
6618,110,0,hp,https://pokeapi.co/api/v2/stat/1/,839,coalossal
6619,80,0,attack,https://pokeapi.co/api/v2/stat/2/,839,coalossal
6620,120,3,defense,https://pokeapi.co/api/v2/stat/3/,839,coalossal
6621,80,0,special-attack,https://pokeapi.co/api/v2/stat/4/,839,coalossal
6622,90,0,special-defense,https://pokeapi.co/api/v2/stat/5/,839,coalossal
6623,30,0,speed,https://pokeapi.co/api/v2/stat/6/,839,coalossal
6624,110,0,hp,https://pokeapi.co/api/v2/stat/1/,10215,coalossal-gmax
6625,80,0,attack,https://pokeapi.co/api/v2/stat/2/,10215,coalossal-gmax
6626,120,3,defense,https://pokeapi.co/api/v2/stat/3/,10215,coalossal-gmax
6627,80,0,special-attack,https://pokeapi.co/api/v2/stat/4/,10215,coalossal-gmax
6628,90,0,special-defense,https://pokeapi.co/api/v2/stat/5/,10215,coalossal-gmax
6629,30,0,speed,https://pokeapi.co/api/v2/stat/6/,10215,coalossal-gmax
6630,70,0,hp,https://pokeapi.co/api/v2/stat/1/,841,flapple
6631,110,2,attack,https://pokeapi.co/api/v2/stat/2/,841,flapple
6632,80,0,defense,https://pokeapi.co/api/v2/stat/3/,841,flapple
6633,95,0,special-attack,https://pokeapi.co/api/v2/stat/4/,841,flapple
6634,60,0,special-defense,https://pokeapi.co/api/v2/stat/5/,841,flapple
6635,70,0,speed,https://pokeapi.co/api/v2/stat/6/,841,flapple
6636,70,0,hp,https://pokeapi.co/api/v2/stat/1/,10216,flapple-gmax
6637,110,2,attack,https://pokeapi.co/api/v2/stat/2/,10216,flapple-gmax
6638,80,0,defense,https://pokeapi.co/api/v2/stat/3/,10216,flapple-gmax
6639,95,0,special-attack,https://pokeapi.co/api/v2/stat/4/,10216,flapple-gmax
6640,60,0,special-defense,https://pokeapi.co/api/v2/stat/5/,10216,flapple-gmax
6641,70,0,speed,https://pokeapi.co/api/v2/stat/6/,10216,flapple-gmax
6642,52,0,hp,https://pokeapi.co/api/v2/stat/1/,843,silicobra
6643,57,0,attack,https://pokeapi.co/api/v2/stat/2/,843,silicobra
6644,75,1,defense,https://pokeapi.co/api/v2/stat/3/,843,silicobra
6645,35,0,special-attack,https://pokeapi.co/api/v2/stat/4/,843,silicobra
6646,50,0,special-defense,https://pokeapi.co/api/v2/stat/5/,843,silicobra
6647,46,0,speed,https://pokeapi.co/api/v2/stat/6/,843,silicobra
6648,70,0,hp,https://pokeapi.co/api/v2/stat/1/,845,cramorant
6649,85,0,attack,https://pokeapi.co/api/v2/stat/2/,845,cramorant
6650,55,0,defense,https://pokeapi.co/api/v2/stat/3/,845,cramorant
6651,85,0,special-attack,https://pokeapi.co/api/v2/stat/4/,845,cramorant
6652,95,2,special-defense,https://pokeapi.co/api/v2/stat/5/,845,cramorant
6653,85,0,speed,https://pokeapi.co/api/v2/stat/6/,845,cramorant
6654,70,0,hp,https://pokeapi.co/api/v2/stat/1/,10182,cramorant-gulping
6655,85,0,attack,https://pokeapi.co/api/v2/stat/2/,10182,cramorant-gulping
6656,55,0,defense,https://pokeapi.co/api/v2/stat/3/,10182,cramorant-gulping
6657,85,0,special-attack,https://pokeapi.co/api/v2/stat/4/,10182,cramorant-gulping
6658,95,2,special-defense,https://pokeapi.co/api/v2/stat/5/,10182,cramorant-gulping
6659,85,0,speed,https://pokeapi.co/api/v2/stat/6/,10182,cramorant-gulping
6660,70,0,hp,https://pokeapi.co/api/v2/stat/1/,10183,cramorant-gorging
6661,85,0,attack,https://pokeapi.co/api/v2/stat/2/,10183,cramorant-gorging
6662,55,0,defense,https://pokeapi.co/api/v2/stat/3/,10183,cramorant-gorging
6663,85,0,special-attack,https://pokeapi.co/api/v2/stat/4/,10183,cramorant-gorging
6664,95,2,special-defense,https://pokeapi.co/api/v2/stat/5/,10183,cramorant-gorging
6665,85,0,speed,https://pokeapi.co/api/v2/stat/6/,10183,cramorant-gorging
6666,41,0,hp,https://pokeapi.co/api/v2/stat/1/,846,arrokuda
6667,63,0,attack,https://pokeapi.co/api/v2/stat/2/,846,arrokuda
6668,40,0,defense,https://pokeapi.co/api/v2/stat/3/,846,arrokuda
6669,40,0,special-attack,https://pokeapi.co/api/v2/stat/4/,846,arrokuda
6670,30,0,special-defense,https://pokeapi.co/api/v2/stat/5/,846,arrokuda
6671,66,1,speed,https://pokeapi.co/api/v2/stat/6/,846,arrokuda
6672,40,0,hp,https://pokeapi.co/api/v2/stat/1/,848,toxel
6673,38,0,attack,https://pokeapi.co/api/v2/stat/2/,848,toxel
6674,35,0,defense,https://pokeapi.co/api/v2/stat/3/,848,toxel
6675,54,1,special-attack,https://pokeapi.co/api/v2/stat/4/,848,toxel
6676,35,0,special-defense,https://pokeapi.co/api/v2/stat/5/,848,toxel
6677,40,0,speed,https://pokeapi.co/api/v2/stat/6/,848,toxel
6678,50,0,hp,https://pokeapi.co/api/v2/stat/1/,850,sizzlipede
6679,65,1,attack,https://pokeapi.co/api/v2/stat/2/,850,sizzlipede
6680,45,0,defense,https://pokeapi.co/api/v2/stat/3/,850,sizzlipede
6681,50,0,special-attack,https://pokeapi.co/api/v2/stat/4/,850,sizzlipede
6682,50,0,special-defense,https://pokeapi.co/api/v2/stat/5/,850,sizzlipede
6683,45,0,speed,https://pokeapi.co/api/v2/stat/6/,850,sizzlipede
6684,50,0,hp,https://pokeapi.co/api/v2/stat/1/,852,clobbopus
6685,68,1,attack,https://pokeapi.co/api/v2/stat/2/,852,clobbopus
6686,60,0,defense,https://pokeapi.co/api/v2/stat/3/,852,clobbopus
6687,50,0,special-attack,https://pokeapi.co/api/v2/stat/4/,852,clobbopus
6688,50,0,special-defense,https://pokeapi.co/api/v2/stat/5/,852,clobbopus
6689,32,0,speed,https://pokeapi.co/api/v2/stat/6/,852,clobbopus
6690,40,0,hp,https://pokeapi.co/api/v2/stat/1/,854,sinistea
6691,45,0,attack,https://pokeapi.co/api/v2/stat/2/,854,sinistea
6692,45,0,defense,https://pokeapi.co/api/v2/stat/3/,854,sinistea
6693,74,1,special-attack,https://pokeapi.co/api/v2/stat/4/,854,sinistea
6694,54,0,special-defense,https://pokeapi.co/api/v2/stat/5/,854,sinistea
6695,50,0,speed,https://pokeapi.co/api/v2/stat/6/,854,sinistea
6696,42,0,hp,https://pokeapi.co/api/v2/stat/1/,856,hatenna
6697,30,0,attack,https://pokeapi.co/api/v2/stat/2/,856,hatenna
6698,45,0,defense,https://pokeapi.co/api/v2/stat/3/,856,hatenna
6699,56,1,special-attack,https://pokeapi.co/api/v2/stat/4/,856,hatenna
6700,53,0,special-defense,https://pokeapi.co/api/v2/stat/5/,856,hatenna
6701,39,0,speed,https://pokeapi.co/api/v2/stat/6/,856,hatenna
6702,45,0,hp,https://pokeapi.co/api/v2/stat/1/,859,impidimp
6703,45,0,attack,https://pokeapi.co/api/v2/stat/2/,859,impidimp
6704,30,0,defense,https://pokeapi.co/api/v2/stat/3/,859,impidimp
6705,55,1,special-attack,https://pokeapi.co/api/v2/stat/4/,859,impidimp
6706,40,0,special-defense,https://pokeapi.co/api/v2/stat/5/,859,impidimp
6707,50,0,speed,https://pokeapi.co/api/v2/stat/6/,859,impidimp
6708,45,0,hp,https://pokeapi.co/api/v2/stat/1/,868,milcery
6709,40,0,attack,https://pokeapi.co/api/v2/stat/2/,868,milcery
6710,40,0,defense,https://pokeapi.co/api/v2/stat/3/,868,milcery
6711,50,0,special-attack,https://pokeapi.co/api/v2/stat/4/,868,milcery
6712,61,1,special-defense,https://pokeapi.co/api/v2/stat/5/,868,milcery
6713,34,0,speed,https://pokeapi.co/api/v2/stat/6/,868,milcery
6714,65,0,hp,https://pokeapi.co/api/v2/stat/1/,870,falinks
6715,100,2,attack,https://pokeapi.co/api/v2/stat/2/,870,falinks
6716,100,0,defense,https://pokeapi.co/api/v2/stat/3/,870,falinks
6717,70,0,special-attack,https://pokeapi.co/api/v2/stat/4/,870,falinks
6718,60,1,special-defense,https://pokeapi.co/api/v2/stat/5/,870,falinks
6719,75,0,speed,https://pokeapi.co/api/v2/stat/6/,870,falinks
6720,65,0,hp,https://pokeapi.co/api/v2/stat/1/,10303,falinks-mega
6721,135,0,attack,https://pokeapi.co/api/v2/stat/2/,10303,falinks-mega
6722,135,0,defense,https://pokeapi.co/api/v2/stat/3/,10303,falinks-mega
6723,70,0,special-attack,https://pokeapi.co/api/v2/stat/4/,10303,falinks-mega
6724,65,0,special-defense,https://pokeapi.co/api/v2/stat/5/,10303,falinks-mega
6725,100,0,speed,https://pokeapi.co/api/v2/stat/6/,10303,falinks-mega
6726,48,0,hp,https://pokeapi.co/api/v2/stat/1/,871,pincurchin
6727,101,2,attack,https://pokeapi.co/api/v2/stat/2/,871,pincurchin
6728,95,0,defense,https://pokeapi.co/api/v2/stat/3/,871,pincurchin
6729,91,0,special-attack,https://pokeapi.co/api/v2/stat/4/,871,pincurchin
6730,85,0,special-defense,https://pokeapi.co/api/v2/stat/5/,871,pincurchin
6731,15,0,speed,https://pokeapi.co/api/v2/stat/6/,871,pincurchin
6732,30,0,hp,https://pokeapi.co/api/v2/stat/1/,872,snom
6733,25,0,attack,https://pokeapi.co/api/v2/stat/2/,872,snom
6734,35,0,defense,https://pokeapi.co/api/v2/stat/3/,872,snom
6735,45,1,special-attack,https://pokeapi.co/api/v2/stat/4/,872,snom
6736,30,0,special-defense,https://pokeapi.co/api/v2/stat/5/,872,snom
6737,20,0,speed,https://pokeapi.co/api/v2/stat/6/,872,snom
6738,100,0,hp,https://pokeapi.co/api/v2/stat/1/,874,stonjourner
6739,125,0,attack,https://pokeapi.co/api/v2/stat/2/,874,stonjourner
6740,135,2,defense,https://pokeapi.co/api/v2/stat/3/,874,stonjourner
6741,20,0,special-attack,https://pokeapi.co/api/v2/stat/4/,874,stonjourner
6742,20,0,special-defense,https://pokeapi.co/api/v2/stat/5/,874,stonjourner
6743,70,0,speed,https://pokeapi.co/api/v2/stat/6/,874,stonjourner
6744,75,0,hp,https://pokeapi.co/api/v2/stat/1/,875,eiscue-ice
6745,80,0,attack,https://pokeapi.co/api/v2/stat/2/,875,eiscue-ice
6746,110,2,defense,https://pokeapi.co/api/v2/stat/3/,875,eiscue-ice
6747,65,0,special-attack,https://pokeapi.co/api/v2/stat/4/,875,eiscue-ice
6748,90,0,special-defense,https://pokeapi.co/api/v2/stat/5/,875,eiscue-ice
6749,50,0,speed,https://pokeapi.co/api/v2/stat/6/,875,eiscue-ice
6750,75,0,hp,https://pokeapi.co/api/v2/stat/1/,10185,eiscue-noice
6751,80,0,attack,https://pokeapi.co/api/v2/stat/2/,10185,eiscue-noice
6752,70,2,defense,https://pokeapi.co/api/v2/stat/3/,10185,eiscue-noice
6753,65,0,special-attack,https://pokeapi.co/api/v2/stat/4/,10185,eiscue-noice
6754,50,0,special-defense,https://pokeapi.co/api/v2/stat/5/,10185,eiscue-noice
6755,130,0,speed,https://pokeapi.co/api/v2/stat/6/,10185,eiscue-noice
6756,60,0,hp,https://pokeapi.co/api/v2/stat/1/,876,indeedee-male
6757,65,0,attack,https://pokeapi.co/api/v2/stat/2/,876,indeedee-male
6758,55,0,defense,https://pokeapi.co/api/v2/stat/3/,876,indeedee-male
6759,105,2,special-attack,https://pokeapi.co/api/v2/stat/4/,876,indeedee-male
6760,95,0,special-defense,https://pokeapi.co/api/v2/stat/5/,876,indeedee-male
6761,95,0,speed,https://pokeapi.co/api/v2/stat/6/,876,indeedee-male
6762,70,0,hp,https://pokeapi.co/api/v2/stat/1/,10186,indeedee-female
6763,55,0,attack,https://pokeapi.co/api/v2/stat/2/,10186,indeedee-female
6764,65,0,defense,https://pokeapi.co/api/v2/stat/3/,10186,indeedee-female
6765,95,0,special-attack,https://pokeapi.co/api/v2/stat/4/,10186,indeedee-female
6766,105,2,special-defense,https://pokeapi.co/api/v2/stat/5/,10186,indeedee-female
6767,85,0,speed,https://pokeapi.co/api/v2/stat/6/,10186,indeedee-female
6768,58,0,hp,https://pokeapi.co/api/v2/stat/1/,877,morpeko-full-belly
6769,95,0,attack,https://pokeapi.co/api/v2/stat/2/,877,morpeko-full-belly
6770,58,0,defense,https://pokeapi.co/api/v2/stat/3/,877,morpeko-full-belly
6771,70,0,special-attack,https://pokeapi.co/api/v2/stat/4/,877,morpeko-full-belly
6772,58,0,special-defense,https://pokeapi.co/api/v2/stat/5/,877,morpeko-full-belly
6773,97,2,speed,https://pokeapi.co/api/v2/stat/6/,877,morpeko-full-belly
6774,58,0,hp,https://pokeapi.co/api/v2/stat/1/,10187,morpeko-hangry
6775,95,0,attack,https://pokeapi.co/api/v2/stat/2/,10187,morpeko-hangry
6776,58,0,defense,https://pokeapi.co/api/v2/stat/3/,10187,morpeko-hangry
6777,70,0,special-attack,https://pokeapi.co/api/v2/stat/4/,10187,morpeko-hangry
6778,58,0,special-defense,https://pokeapi.co/api/v2/stat/5/,10187,morpeko-hangry
6779,97,2,speed,https://pokeapi.co/api/v2/stat/6/,10187,morpeko-hangry
6780,72,0,hp,https://pokeapi.co/api/v2/stat/1/,878,cufant
6781,80,1,attack,https://pokeapi.co/api/v2/stat/2/,878,cufant
6782,49,0,defense,https://pokeapi.co/api/v2/stat/3/,878,cufant
6783,40,0,special-attack,https://pokeapi.co/api/v2/stat/4/,878,cufant
6784,49,0,special-defense,https://pokeapi.co/api/v2/stat/5/,878,cufant
6785,40,0,speed,https://pokeapi.co/api/v2/stat/6/,878,cufant
6786,90,0,hp,https://pokeapi.co/api/v2/stat/1/,880,dracozolt
6787,100,2,attack,https://pokeapi.co/api/v2/stat/2/,880,dracozolt
6788,90,0,defense,https://pokeapi.co/api/v2/stat/3/,880,dracozolt
6789,80,0,special-attack,https://pokeapi.co/api/v2/stat/4/,880,dracozolt
6790,70,0,special-defense,https://pokeapi.co/api/v2/stat/5/,880,dracozolt
6791,75,0,speed,https://pokeapi.co/api/v2/stat/6/,880,dracozolt
6792,90,0,hp,https://pokeapi.co/api/v2/stat/1/,881,arctozolt
6793,100,2,attack,https://pokeapi.co/api/v2/stat/2/,881,arctozolt
6794,90,0,defense,https://pokeapi.co/api/v2/stat/3/,881,arctozolt
6795,90,0,special-attack,https://pokeapi.co/api/v2/stat/4/,881,arctozolt
6796,80,0,special-defense,https://pokeapi.co/api/v2/stat/5/,881,arctozolt
6797,55,0,speed,https://pokeapi.co/api/v2/stat/6/,881,arctozolt
6798,90,0,hp,https://pokeapi.co/api/v2/stat/1/,882,dracovish
6799,90,0,attack,https://pokeapi.co/api/v2/stat/2/,882,dracovish
6800,100,2,defense,https://pokeapi.co/api/v2/stat/3/,882,dracovish
6801,70,0,special-attack,https://pokeapi.co/api/v2/stat/4/,882,dracovish
6802,80,0,special-defense,https://pokeapi.co/api/v2/stat/5/,882,dracovish
6803,75,0,speed,https://pokeapi.co/api/v2/stat/6/,882,dracovish
6804,90,0,hp,https://pokeapi.co/api/v2/stat/1/,883,arctovish
6805,90,0,attack,https://pokeapi.co/api/v2/stat/2/,883,arctovish
6806,100,2,defense,https://pokeapi.co/api/v2/stat/3/,883,arctovish
6807,80,0,special-attack,https://pokeapi.co/api/v2/stat/4/,883,arctovish
6808,90,0,special-defense,https://pokeapi.co/api/v2/stat/5/,883,arctovish
6809,55,0,speed,https://pokeapi.co/api/v2/stat/6/,883,arctovish
6810,70,0,hp,https://pokeapi.co/api/v2/stat/1/,884,duraludon
6811,95,0,attack,https://pokeapi.co/api/v2/stat/2/,884,duraludon
6812,115,0,defense,https://pokeapi.co/api/v2/stat/3/,884,duraludon
6813,120,2,special-attack,https://pokeapi.co/api/v2/stat/4/,884,duraludon
6814,50,0,special-defense,https://pokeapi.co/api/v2/stat/5/,884,duraludon
6815,85,0,speed,https://pokeapi.co/api/v2/stat/6/,884,duraludon
6816,70,0,hp,https://pokeapi.co/api/v2/stat/1/,10225,duraludon-gmax
6817,95,0,attack,https://pokeapi.co/api/v2/stat/2/,10225,duraludon-gmax
6818,115,0,defense,https://pokeapi.co/api/v2/stat/3/,10225,duraludon-gmax
6819,120,2,special-attack,https://pokeapi.co/api/v2/stat/4/,10225,duraludon-gmax
6820,50,0,special-defense,https://pokeapi.co/api/v2/stat/5/,10225,duraludon-gmax
6821,85,0,speed,https://pokeapi.co/api/v2/stat/6/,10225,duraludon-gmax
6822,28,0,hp,https://pokeapi.co/api/v2/stat/1/,885,dreepy
6823,60,0,attack,https://pokeapi.co/api/v2/stat/2/,885,dreepy
6824,30,0,defense,https://pokeapi.co/api/v2/stat/3/,885,dreepy
6825,40,0,special-attack,https://pokeapi.co/api/v2/stat/4/,885,dreepy
6826,30,0,special-defense,https://pokeapi.co/api/v2/stat/5/,885,dreepy
6827,82,1,speed,https://pokeapi.co/api/v2/stat/6/,885,dreepy
6828,92,0,hp,https://pokeapi.co/api/v2/stat/1/,888,zacian
6829,120,0,attack,https://pokeapi.co/api/v2/stat/2/,888,zacian
6830,115,0,defense,https://pokeapi.co/api/v2/stat/3/,888,zacian
6831,80,0,special-attack,https://pokeapi.co/api/v2/stat/4/,888,zacian
6832,115,0,special-defense,https://pokeapi.co/api/v2/stat/5/,888,zacian
6833,138,3,speed,https://pokeapi.co/api/v2/stat/6/,888,zacian
6834,92,0,hp,https://pokeapi.co/api/v2/stat/1/,10188,zacian-crowned
6835,150,0,attack,https://pokeapi.co/api/v2/stat/2/,10188,zacian-crowned
6836,115,0,defense,https://pokeapi.co/api/v2/stat/3/,10188,zacian-crowned
6837,80,0,special-attack,https://pokeapi.co/api/v2/stat/4/,10188,zacian-crowned
6838,115,0,special-defense,https://pokeapi.co/api/v2/stat/5/,10188,zacian-crowned
6839,148,3,speed,https://pokeapi.co/api/v2/stat/6/,10188,zacian-crowned
6840,92,0,hp,https://pokeapi.co/api/v2/stat/1/,889,zamazenta
6841,120,0,attack,https://pokeapi.co/api/v2/stat/2/,889,zamazenta
6842,115,0,defense,https://pokeapi.co/api/v2/stat/3/,889,zamazenta
6843,80,0,special-attack,https://pokeapi.co/api/v2/stat/4/,889,zamazenta
6844,115,0,special-defense,https://pokeapi.co/api/v2/stat/5/,889,zamazenta
6845,138,3,speed,https://pokeapi.co/api/v2/stat/6/,889,zamazenta
6846,92,0,hp,https://pokeapi.co/api/v2/stat/1/,10189,zamazenta-crowned
6847,120,0,attack,https://pokeapi.co/api/v2/stat/2/,10189,zamazenta-crowned
6848,140,0,defense,https://pokeapi.co/api/v2/stat/3/,10189,zamazenta-crowned
6849,80,0,special-attack,https://pokeapi.co/api/v2/stat/4/,10189,zamazenta-crowned
6850,140,0,special-defense,https://pokeapi.co/api/v2/stat/5/,10189,zamazenta-crowned
6851,128,3,speed,https://pokeapi.co/api/v2/stat/6/,10189,zamazenta-crowned
6852,140,3,hp,https://pokeapi.co/api/v2/stat/1/,890,eternatus
6853,85,0,attack,https://pokeapi.co/api/v2/stat/2/,890,eternatus
6854,95,0,defense,https://pokeapi.co/api/v2/stat/3/,890,eternatus
6855,145,0,special-attack,https://pokeapi.co/api/v2/stat/4/,890,eternatus
6856,95,0,special-defense,https://pokeapi.co/api/v2/stat/5/,890,eternatus
6857,130,0,speed,https://pokeapi.co/api/v2/stat/6/,890,eternatus
6858,255,3,hp,https://pokeapi.co/api/v2/stat/1/,10190,eternatus-eternamax
6859,115,0,attack,https://pokeapi.co/api/v2/stat/2/,10190,eternatus-eternamax
6860,250,0,defense,https://pokeapi.co/api/v2/stat/3/,10190,eternatus-eternamax
6861,125,0,special-attack,https://pokeapi.co/api/v2/stat/4/,10190,eternatus-eternamax
6862,250,0,special-defense,https://pokeapi.co/api/v2/stat/5/,10190,eternatus-eternamax
6863,130,0,speed,https://pokeapi.co/api/v2/stat/6/,10190,eternatus-eternamax
6864,60,0,hp,https://pokeapi.co/api/v2/stat/1/,891,kubfu
6865,90,1,attack,https://pokeapi.co/api/v2/stat/2/,891,kubfu
6866,60,0,defense,https://pokeapi.co/api/v2/stat/3/,891,kubfu
6867,53,0,special-attack,https://pokeapi.co/api/v2/stat/4/,891,kubfu
6868,50,0,special-defense,https://pokeapi.co/api/v2/stat/5/,891,kubfu
6869,72,0,speed,https://pokeapi.co/api/v2/stat/6/,891,kubfu
6870,105,0,hp,https://pokeapi.co/api/v2/stat/1/,893,zarude
6871,120,3,attack,https://pokeapi.co/api/v2/stat/2/,893,zarude
6872,105,0,defense,https://pokeapi.co/api/v2/stat/3/,893,zarude
6873,70,0,special-attack,https://pokeapi.co/api/v2/stat/4/,893,zarude
6874,95,0,special-defense,https://pokeapi.co/api/v2/stat/5/,893,zarude
6875,105,0,speed,https://pokeapi.co/api/v2/stat/6/,893,zarude
6876,105,0,hp,https://pokeapi.co/api/v2/stat/1/,10192,zarude-dada
6877,120,3,attack,https://pokeapi.co/api/v2/stat/2/,10192,zarude-dada
6878,105,0,defense,https://pokeapi.co/api/v2/stat/3/,10192,zarude-dada
6879,70,0,special-attack,https://pokeapi.co/api/v2/stat/4/,10192,zarude-dada
6880,95,0,special-defense,https://pokeapi.co/api/v2/stat/5/,10192,zarude-dada
6881,105,0,speed,https://pokeapi.co/api/v2/stat/6/,10192,zarude-dada
6882,80,0,hp,https://pokeapi.co/api/v2/stat/1/,894,regieleki
6883,100,0,attack,https://pokeapi.co/api/v2/stat/2/,894,regieleki
6884,50,0,defense,https://pokeapi.co/api/v2/stat/3/,894,regieleki
6885,100,0,special-attack,https://pokeapi.co/api/v2/stat/4/,894,regieleki
6886,50,0,special-defense,https://pokeapi.co/api/v2/stat/5/,894,regieleki
6887,200,3,speed,https://pokeapi.co/api/v2/stat/6/,894,regieleki
6888,200,3,hp,https://pokeapi.co/api/v2/stat/1/,895,regidrago
6889,100,0,attack,https://pokeapi.co/api/v2/stat/2/,895,regidrago
6890,50,0,defense,https://pokeapi.co/api/v2/stat/3/,895,regidrago
6891,100,0,special-attack,https://pokeapi.co/api/v2/stat/4/,895,regidrago
6892,50,0,special-defense,https://pokeapi.co/api/v2/stat/5/,895,regidrago
6893,80,0,speed,https://pokeapi.co/api/v2/stat/6/,895,regidrago
6894,100,0,hp,https://pokeapi.co/api/v2/stat/1/,896,glastrier
6895,145,3,attack,https://pokeapi.co/api/v2/stat/2/,896,glastrier
6896,130,0,defense,https://pokeapi.co/api/v2/stat/3/,896,glastrier
6897,65,0,special-attack,https://pokeapi.co/api/v2/stat/4/,896,glastrier
6898,110,0,special-defense,https://pokeapi.co/api/v2/stat/5/,896,glastrier
6899,30,0,speed,https://pokeapi.co/api/v2/stat/6/,896,glastrier
6900,100,0,hp,https://pokeapi.co/api/v2/stat/1/,897,spectrier
6901,65,0,attack,https://pokeapi.co/api/v2/stat/2/,897,spectrier
6902,60,0,defense,https://pokeapi.co/api/v2/stat/3/,897,spectrier
6903,145,3,special-attack,https://pokeapi.co/api/v2/stat/4/,897,spectrier
6904,80,0,special-defense,https://pokeapi.co/api/v2/stat/5/,897,spectrier
6905,130,0,speed,https://pokeapi.co/api/v2/stat/6/,897,spectrier
6906,100,3,hp,https://pokeapi.co/api/v2/stat/1/,898,calyrex
6907,80,0,attack,https://pokeapi.co/api/v2/stat/2/,898,calyrex
6908,80,0,defense,https://pokeapi.co/api/v2/stat/3/,898,calyrex
6909,80,0,special-attack,https://pokeapi.co/api/v2/stat/4/,898,calyrex
6910,80,0,special-defense,https://pokeapi.co/api/v2/stat/5/,898,calyrex
6911,80,0,speed,https://pokeapi.co/api/v2/stat/6/,898,calyrex
6912,100,0,hp,https://pokeapi.co/api/v2/stat/1/,10193,calyrex-ice
6913,165,3,attack,https://pokeapi.co/api/v2/stat/2/,10193,calyrex-ice
6914,150,0,defense,https://pokeapi.co/api/v2/stat/3/,10193,calyrex-ice
6915,85,0,special-attack,https://pokeapi.co/api/v2/stat/4/,10193,calyrex-ice
6916,130,0,special-defense,https://pokeapi.co/api/v2/stat/5/,10193,calyrex-ice
6917,50,0,speed,https://pokeapi.co/api/v2/stat/6/,10193,calyrex-ice
6918,100,0,hp,https://pokeapi.co/api/v2/stat/1/,10194,calyrex-shadow
6919,85,0,attack,https://pokeapi.co/api/v2/stat/2/,10194,calyrex-shadow
6920,80,0,defense,https://pokeapi.co/api/v2/stat/3/,10194,calyrex-shadow
6921,165,3,special-attack,https://pokeapi.co/api/v2/stat/4/,10194,calyrex-shadow
6922,100,0,special-defense,https://pokeapi.co/api/v2/stat/5/,10194,calyrex-shadow
6923,150,0,speed,https://pokeapi.co/api/v2/stat/6/,10194,calyrex-shadow
6924,74,0,hp,https://pokeapi.co/api/v2/stat/1/,905,enamorus-incarnate
6925,115,0,attack,https://pokeapi.co/api/v2/stat/2/,905,enamorus-incarnate
6926,70,0,defense,https://pokeapi.co/api/v2/stat/3/,905,enamorus-incarnate
6927,135,3,special-attack,https://pokeapi.co/api/v2/stat/4/,905,enamorus-incarnate
6928,80,0,special-defense,https://pokeapi.co/api/v2/stat/5/,905,enamorus-incarnate
6929,106,0,speed,https://pokeapi.co/api/v2/stat/6/,905,enamorus-incarnate
6930,74,0,hp,https://pokeapi.co/api/v2/stat/1/,10249,enamorus-therian
6931,115,0,attack,https://pokeapi.co/api/v2/stat/2/,10249,enamorus-therian
6932,110,0,defense,https://pokeapi.co/api/v2/stat/3/,10249,enamorus-therian
6933,135,3,special-attack,https://pokeapi.co/api/v2/stat/4/,10249,enamorus-therian
6934,100,0,special-defense,https://pokeapi.co/api/v2/stat/5/,10249,enamorus-therian
6935,46,0,speed,https://pokeapi.co/api/v2/stat/6/,10249,enamorus-therian
6936,72,0,hp,https://pokeapi.co/api/v2/stat/1/,844,sandaconda
6937,107,0,attack,https://pokeapi.co/api/v2/stat/2/,844,sandaconda
6938,125,2,defense,https://pokeapi.co/api/v2/stat/3/,844,sandaconda
6939,65,0,special-attack,https://pokeapi.co/api/v2/stat/4/,844,sandaconda
6940,70,0,special-defense,https://pokeapi.co/api/v2/stat/5/,844,sandaconda
6941,71,0,speed,https://pokeapi.co/api/v2/stat/6/,844,sandaconda
6942,72,0,hp,https://pokeapi.co/api/v2/stat/1/,10218,sandaconda-gmax
6943,107,0,attack,https://pokeapi.co/api/v2/stat/2/,10218,sandaconda-gmax
6944,125,2,defense,https://pokeapi.co/api/v2/stat/3/,10218,sandaconda-gmax
6945,65,0,special-attack,https://pokeapi.co/api/v2/stat/4/,10218,sandaconda-gmax
6946,70,0,special-defense,https://pokeapi.co/api/v2/stat/5/,10218,sandaconda-gmax
6947,71,0,speed,https://pokeapi.co/api/v2/stat/6/,10218,sandaconda-gmax
6948,61,0,hp,https://pokeapi.co/api/v2/stat/1/,847,barraskewda
6949,123,0,attack,https://pokeapi.co/api/v2/stat/2/,847,barraskewda
6950,60,0,defense,https://pokeapi.co/api/v2/stat/3/,847,barraskewda
6951,60,0,special-attack,https://pokeapi.co/api/v2/stat/4/,847,barraskewda
6952,50,0,special-defense,https://pokeapi.co/api/v2/stat/5/,847,barraskewda
6953,136,2,speed,https://pokeapi.co/api/v2/stat/6/,847,barraskewda
6954,75,0,hp,https://pokeapi.co/api/v2/stat/1/,849,toxtricity-amped
6955,98,0,attack,https://pokeapi.co/api/v2/stat/2/,849,toxtricity-amped
6956,70,0,defense,https://pokeapi.co/api/v2/stat/3/,849,toxtricity-amped
6957,114,2,special-attack,https://pokeapi.co/api/v2/stat/4/,849,toxtricity-amped
6958,70,0,special-defense,https://pokeapi.co/api/v2/stat/5/,849,toxtricity-amped
6959,75,0,speed,https://pokeapi.co/api/v2/stat/6/,849,toxtricity-amped
6960,75,0,hp,https://pokeapi.co/api/v2/stat/1/,10184,toxtricity-low-key
6961,98,0,attack,https://pokeapi.co/api/v2/stat/2/,10184,toxtricity-low-key
6962,70,0,defense,https://pokeapi.co/api/v2/stat/3/,10184,toxtricity-low-key
6963,114,2,special-attack,https://pokeapi.co/api/v2/stat/4/,10184,toxtricity-low-key
6964,70,0,special-defense,https://pokeapi.co/api/v2/stat/5/,10184,toxtricity-low-key
6965,75,0,speed,https://pokeapi.co/api/v2/stat/6/,10184,toxtricity-low-key
6966,75,0,hp,https://pokeapi.co/api/v2/stat/1/,10219,toxtricity-amped-gmax
6967,98,0,attack,https://pokeapi.co/api/v2/stat/2/,10219,toxtricity-amped-gmax
6968,70,0,defense,https://pokeapi.co/api/v2/stat/3/,10219,toxtricity-amped-gmax
6969,114,2,special-attack,https://pokeapi.co/api/v2/stat/4/,10219,toxtricity-amped-gmax
6970,70,0,special-defense,https://pokeapi.co/api/v2/stat/5/,10219,toxtricity-amped-gmax
6971,75,0,speed,https://pokeapi.co/api/v2/stat/6/,10219,toxtricity-amped-gmax
6972,75,0,hp,https://pokeapi.co/api/v2/stat/1/,10228,toxtricity-low-key-gmax
6973,98,0,attack,https://pokeapi.co/api/v2/stat/2/,10228,toxtricity-low-key-gmax
6974,70,0,defense,https://pokeapi.co/api/v2/stat/3/,10228,toxtricity-low-key-gmax
6975,114,2,special-attack,https://pokeapi.co/api/v2/stat/4/,10228,toxtricity-low-key-gmax
6976,70,0,special-defense,https://pokeapi.co/api/v2/stat/5/,10228,toxtricity-low-key-gmax
6977,75,0,speed,https://pokeapi.co/api/v2/stat/6/,10228,toxtricity-low-key-gmax
6978,100,0,hp,https://pokeapi.co/api/v2/stat/1/,851,centiskorch
6979,115,2,attack,https://pokeapi.co/api/v2/stat/2/,851,centiskorch
6980,65,0,defense,https://pokeapi.co/api/v2/stat/3/,851,centiskorch
6981,90,0,special-attack,https://pokeapi.co/api/v2/stat/4/,851,centiskorch
6982,90,0,special-defense,https://pokeapi.co/api/v2/stat/5/,851,centiskorch
6983,65,0,speed,https://pokeapi.co/api/v2/stat/6/,851,centiskorch
6984,100,0,hp,https://pokeapi.co/api/v2/stat/1/,10220,centiskorch-gmax
6985,115,2,attack,https://pokeapi.co/api/v2/stat/2/,10220,centiskorch-gmax
6986,65,0,defense,https://pokeapi.co/api/v2/stat/3/,10220,centiskorch-gmax
6987,90,0,special-attack,https://pokeapi.co/api/v2/stat/4/,10220,centiskorch-gmax
6988,90,0,special-defense,https://pokeapi.co/api/v2/stat/5/,10220,centiskorch-gmax
6989,65,0,speed,https://pokeapi.co/api/v2/stat/6/,10220,centiskorch-gmax
6990,80,0,hp,https://pokeapi.co/api/v2/stat/1/,853,grapploct
6991,118,2,attack,https://pokeapi.co/api/v2/stat/2/,853,grapploct
6992,90,0,defense,https://pokeapi.co/api/v2/stat/3/,853,grapploct
6993,70,0,special-attack,https://pokeapi.co/api/v2/stat/4/,853,grapploct
6994,80,0,special-defense,https://pokeapi.co/api/v2/stat/5/,853,grapploct
6995,42,0,speed,https://pokeapi.co/api/v2/stat/6/,853,grapploct
6996,60,0,hp,https://pokeapi.co/api/v2/stat/1/,855,polteageist
6997,65,0,attack,https://pokeapi.co/api/v2/stat/2/,855,polteageist
6998,65,0,defense,https://pokeapi.co/api/v2/stat/3/,855,polteageist
6999,134,2,special-attack,https://pokeapi.co/api/v2/stat/4/,855,polteageist
7000,114,0,special-defense,https://pokeapi.co/api/v2/stat/5/,855,polteageist
7001,70,0,speed,https://pokeapi.co/api/v2/stat/6/,855,polteageist
7002,57,0,hp,https://pokeapi.co/api/v2/stat/1/,857,hattrem
7003,40,0,attack,https://pokeapi.co/api/v2/stat/2/,857,hattrem
7004,65,0,defense,https://pokeapi.co/api/v2/stat/3/,857,hattrem
7005,86,2,special-attack,https://pokeapi.co/api/v2/stat/4/,857,hattrem
7006,73,0,special-defense,https://pokeapi.co/api/v2/stat/5/,857,hattrem
7007,49,0,speed,https://pokeapi.co/api/v2/stat/6/,857,hattrem
7008,57,0,hp,https://pokeapi.co/api/v2/stat/1/,858,hatterene
7009,90,0,attack,https://pokeapi.co/api/v2/stat/2/,858,hatterene
7010,95,0,defense,https://pokeapi.co/api/v2/stat/3/,858,hatterene
7011,136,3,special-attack,https://pokeapi.co/api/v2/stat/4/,858,hatterene
7012,103,0,special-defense,https://pokeapi.co/api/v2/stat/5/,858,hatterene
7013,29,0,speed,https://pokeapi.co/api/v2/stat/6/,858,hatterene
7014,57,0,hp,https://pokeapi.co/api/v2/stat/1/,10221,hatterene-gmax
7015,90,0,attack,https://pokeapi.co/api/v2/stat/2/,10221,hatterene-gmax
7016,95,0,defense,https://pokeapi.co/api/v2/stat/3/,10221,hatterene-gmax
7017,136,3,special-attack,https://pokeapi.co/api/v2/stat/4/,10221,hatterene-gmax
7018,103,0,special-defense,https://pokeapi.co/api/v2/stat/5/,10221,hatterene-gmax
7019,29,0,speed,https://pokeapi.co/api/v2/stat/6/,10221,hatterene-gmax
7020,65,0,hp,https://pokeapi.co/api/v2/stat/1/,860,morgrem
7021,60,0,attack,https://pokeapi.co/api/v2/stat/2/,860,morgrem
7022,45,0,defense,https://pokeapi.co/api/v2/stat/3/,860,morgrem
7023,75,2,special-attack,https://pokeapi.co/api/v2/stat/4/,860,morgrem
7024,55,0,special-defense,https://pokeapi.co/api/v2/stat/5/,860,morgrem
7025,70,0,speed,https://pokeapi.co/api/v2/stat/6/,860,morgrem
7026,93,0,hp,https://pokeapi.co/api/v2/stat/1/,862,obstagoon
7027,90,0,attack,https://pokeapi.co/api/v2/stat/2/,862,obstagoon
7028,101,3,defense,https://pokeapi.co/api/v2/stat/3/,862,obstagoon
7029,60,0,special-attack,https://pokeapi.co/api/v2/stat/4/,862,obstagoon
7030,81,0,special-defense,https://pokeapi.co/api/v2/stat/5/,862,obstagoon
7031,95,0,speed,https://pokeapi.co/api/v2/stat/6/,862,obstagoon
7032,70,0,hp,https://pokeapi.co/api/v2/stat/1/,863,perrserker
7033,110,2,attack,https://pokeapi.co/api/v2/stat/2/,863,perrserker
7034,100,0,defense,https://pokeapi.co/api/v2/stat/3/,863,perrserker
7035,50,0,special-attack,https://pokeapi.co/api/v2/stat/4/,863,perrserker
7036,60,0,special-defense,https://pokeapi.co/api/v2/stat/5/,863,perrserker
7037,50,0,speed,https://pokeapi.co/api/v2/stat/6/,863,perrserker
7038,60,0,hp,https://pokeapi.co/api/v2/stat/1/,864,cursola
7039,95,0,attack,https://pokeapi.co/api/v2/stat/2/,864,cursola
7040,50,0,defense,https://pokeapi.co/api/v2/stat/3/,864,cursola
7041,145,2,special-attack,https://pokeapi.co/api/v2/stat/4/,864,cursola
7042,130,0,special-defense,https://pokeapi.co/api/v2/stat/5/,864,cursola
7043,30,0,speed,https://pokeapi.co/api/v2/stat/6/,864,cursola
7044,62,0,hp,https://pokeapi.co/api/v2/stat/1/,865,sirfetchd
7045,135,2,attack,https://pokeapi.co/api/v2/stat/2/,865,sirfetchd
7046,95,0,defense,https://pokeapi.co/api/v2/stat/3/,865,sirfetchd
7047,68,0,special-attack,https://pokeapi.co/api/v2/stat/4/,865,sirfetchd
7048,82,0,special-defense,https://pokeapi.co/api/v2/stat/5/,865,sirfetchd
7049,65,0,speed,https://pokeapi.co/api/v2/stat/6/,865,sirfetchd
7050,80,0,hp,https://pokeapi.co/api/v2/stat/1/,866,mr-rime
7051,85,0,attack,https://pokeapi.co/api/v2/stat/2/,866,mr-rime
7052,75,0,defense,https://pokeapi.co/api/v2/stat/3/,866,mr-rime
7053,110,3,special-attack,https://pokeapi.co/api/v2/stat/4/,866,mr-rime
7054,100,0,special-defense,https://pokeapi.co/api/v2/stat/5/,866,mr-rime
7055,70,0,speed,https://pokeapi.co/api/v2/stat/6/,866,mr-rime
7056,58,0,hp,https://pokeapi.co/api/v2/stat/1/,867,runerigus
7057,95,0,attack,https://pokeapi.co/api/v2/stat/2/,867,runerigus
7058,145,2,defense,https://pokeapi.co/api/v2/stat/3/,867,runerigus
7059,50,0,special-attack,https://pokeapi.co/api/v2/stat/4/,867,runerigus
7060,105,0,special-defense,https://pokeapi.co/api/v2/stat/5/,867,runerigus
7061,30,0,speed,https://pokeapi.co/api/v2/stat/6/,867,runerigus
7062,65,0,hp,https://pokeapi.co/api/v2/stat/1/,869,alcremie
7063,60,0,attack,https://pokeapi.co/api/v2/stat/2/,869,alcremie
7064,75,0,defense,https://pokeapi.co/api/v2/stat/3/,869,alcremie
7065,110,0,special-attack,https://pokeapi.co/api/v2/stat/4/,869,alcremie
7066,121,2,special-defense,https://pokeapi.co/api/v2/stat/5/,869,alcremie
7067,64,0,speed,https://pokeapi.co/api/v2/stat/6/,869,alcremie
7068,65,0,hp,https://pokeapi.co/api/v2/stat/1/,10223,alcremie-gmax
7069,60,0,attack,https://pokeapi.co/api/v2/stat/2/,10223,alcremie-gmax
7070,75,0,defense,https://pokeapi.co/api/v2/stat/3/,10223,alcremie-gmax
7071,110,0,special-attack,https://pokeapi.co/api/v2/stat/4/,10223,alcremie-gmax
7072,121,2,special-defense,https://pokeapi.co/api/v2/stat/5/,10223,alcremie-gmax
7073,64,0,speed,https://pokeapi.co/api/v2/stat/6/,10223,alcremie-gmax
7074,70,0,hp,https://pokeapi.co/api/v2/stat/1/,873,frosmoth
7075,65,0,attack,https://pokeapi.co/api/v2/stat/2/,873,frosmoth
7076,60,0,defense,https://pokeapi.co/api/v2/stat/3/,873,frosmoth
7077,125,2,special-attack,https://pokeapi.co/api/v2/stat/4/,873,frosmoth
7078,90,0,special-defense,https://pokeapi.co/api/v2/stat/5/,873,frosmoth
7079,65,0,speed,https://pokeapi.co/api/v2/stat/6/,873,frosmoth
7080,122,0,hp,https://pokeapi.co/api/v2/stat/1/,879,copperajah
7081,130,2,attack,https://pokeapi.co/api/v2/stat/2/,879,copperajah
7082,69,0,defense,https://pokeapi.co/api/v2/stat/3/,879,copperajah
7083,80,0,special-attack,https://pokeapi.co/api/v2/stat/4/,879,copperajah
7084,69,0,special-defense,https://pokeapi.co/api/v2/stat/5/,879,copperajah
7085,30,0,speed,https://pokeapi.co/api/v2/stat/6/,879,copperajah
7086,122,0,hp,https://pokeapi.co/api/v2/stat/1/,10224,copperajah-gmax
7087,130,2,attack,https://pokeapi.co/api/v2/stat/2/,10224,copperajah-gmax
7088,69,0,defense,https://pokeapi.co/api/v2/stat/3/,10224,copperajah-gmax
7089,80,0,special-attack,https://pokeapi.co/api/v2/stat/4/,10224,copperajah-gmax
7090,69,0,special-defense,https://pokeapi.co/api/v2/stat/5/,10224,copperajah-gmax
7091,30,0,speed,https://pokeapi.co/api/v2/stat/6/,10224,copperajah-gmax
7092,68,0,hp,https://pokeapi.co/api/v2/stat/1/,886,drakloak
7093,80,0,attack,https://pokeapi.co/api/v2/stat/2/,886,drakloak
7094,50,0,defense,https://pokeapi.co/api/v2/stat/3/,886,drakloak
7095,60,0,special-attack,https://pokeapi.co/api/v2/stat/4/,886,drakloak
7096,50,0,special-defense,https://pokeapi.co/api/v2/stat/5/,886,drakloak
7097,102,2,speed,https://pokeapi.co/api/v2/stat/6/,886,drakloak
7098,88,0,hp,https://pokeapi.co/api/v2/stat/1/,887,dragapult
7099,120,0,attack,https://pokeapi.co/api/v2/stat/2/,887,dragapult
7100,75,0,defense,https://pokeapi.co/api/v2/stat/3/,887,dragapult
7101,100,0,special-attack,https://pokeapi.co/api/v2/stat/4/,887,dragapult
7102,75,0,special-defense,https://pokeapi.co/api/v2/stat/5/,887,dragapult
7103,142,3,speed,https://pokeapi.co/api/v2/stat/6/,887,dragapult
7104,100,0,hp,https://pokeapi.co/api/v2/stat/1/,892,urshifu-single-strike
7105,130,3,attack,https://pokeapi.co/api/v2/stat/2/,892,urshifu-single-strike
7106,100,0,defense,https://pokeapi.co/api/v2/stat/3/,892,urshifu-single-strike
7107,63,0,special-attack,https://pokeapi.co/api/v2/stat/4/,892,urshifu-single-strike
7108,60,0,special-defense,https://pokeapi.co/api/v2/stat/5/,892,urshifu-single-strike
7109,97,0,speed,https://pokeapi.co/api/v2/stat/6/,892,urshifu-single-strike
7110,100,0,hp,https://pokeapi.co/api/v2/stat/1/,10191,urshifu-rapid-strike
7111,130,3,attack,https://pokeapi.co/api/v2/stat/2/,10191,urshifu-rapid-strike
7112,100,0,defense,https://pokeapi.co/api/v2/stat/3/,10191,urshifu-rapid-strike
7113,63,0,special-attack,https://pokeapi.co/api/v2/stat/4/,10191,urshifu-rapid-strike
7114,60,0,special-defense,https://pokeapi.co/api/v2/stat/5/,10191,urshifu-rapid-strike
7115,97,0,speed,https://pokeapi.co/api/v2/stat/6/,10191,urshifu-rapid-strike
7116,100,0,hp,https://pokeapi.co/api/v2/stat/1/,10226,urshifu-single-strike-gmax
7117,130,3,attack,https://pokeapi.co/api/v2/stat/2/,10226,urshifu-single-strike-gmax
7118,100,0,defense,https://pokeapi.co/api/v2/stat/3/,10226,urshifu-single-strike-gmax
7119,63,0,special-attack,https://pokeapi.co/api/v2/stat/4/,10226,urshifu-single-strike-gmax
7120,60,0,special-defense,https://pokeapi.co/api/v2/stat/5/,10226,urshifu-single-strike-gmax
7121,97,0,speed,https://pokeapi.co/api/v2/stat/6/,10226,urshifu-single-strike-gmax
7122,100,0,hp,https://pokeapi.co/api/v2/stat/1/,10227,urshifu-rapid-strike-gmax
7123,130,3,attack,https://pokeapi.co/api/v2/stat/2/,10227,urshifu-rapid-strike-gmax
7124,100,0,defense,https://pokeapi.co/api/v2/stat/3/,10227,urshifu-rapid-strike-gmax
7125,63,0,special-attack,https://pokeapi.co/api/v2/stat/4/,10227,urshifu-rapid-strike-gmax
7126,60,0,special-defense,https://pokeapi.co/api/v2/stat/5/,10227,urshifu-rapid-strike-gmax
7127,97,0,speed,https://pokeapi.co/api/v2/stat/6/,10227,urshifu-rapid-strike-gmax
7128,103,0,hp,https://pokeapi.co/api/v2/stat/1/,899,wyrdeer
7129,105,1,attack,https://pokeapi.co/api/v2/stat/2/,899,wyrdeer
7130,72,0,defense,https://pokeapi.co/api/v2/stat/3/,899,wyrdeer
7131,105,1,special-attack,https://pokeapi.co/api/v2/stat/4/,899,wyrdeer
7132,75,0,special-defense,https://pokeapi.co/api/v2/stat/5/,899,wyrdeer
7133,65,0,speed,https://pokeapi.co/api/v2/stat/6/,899,wyrdeer
7134,70,0,hp,https://pokeapi.co/api/v2/stat/1/,900,kleavor
7135,135,3,attack,https://pokeapi.co/api/v2/stat/2/,900,kleavor
7136,95,0,defense,https://pokeapi.co/api/v2/stat/3/,900,kleavor
7137,45,0,special-attack,https://pokeapi.co/api/v2/stat/4/,900,kleavor
7138,70,0,special-defense,https://pokeapi.co/api/v2/stat/5/,900,kleavor
7139,85,0,speed,https://pokeapi.co/api/v2/stat/6/,900,kleavor
7140,120,3,hp,https://pokeapi.co/api/v2/stat/1/,902,basculegion-male
7141,112,0,attack,https://pokeapi.co/api/v2/stat/2/,902,basculegion-male
7142,65,0,defense,https://pokeapi.co/api/v2/stat/3/,902,basculegion-male
7143,80,0,special-attack,https://pokeapi.co/api/v2/stat/4/,902,basculegion-male
7144,75,0,special-defense,https://pokeapi.co/api/v2/stat/5/,902,basculegion-male
7145,78,0,speed,https://pokeapi.co/api/v2/stat/6/,902,basculegion-male
7146,120,3,hp,https://pokeapi.co/api/v2/stat/1/,10248,basculegion-female
7147,92,0,attack,https://pokeapi.co/api/v2/stat/2/,10248,basculegion-female
7148,65,0,defense,https://pokeapi.co/api/v2/stat/3/,10248,basculegion-female
7149,100,0,special-attack,https://pokeapi.co/api/v2/stat/4/,10248,basculegion-female
7150,75,0,special-defense,https://pokeapi.co/api/v2/stat/5/,10248,basculegion-female
7151,78,0,speed,https://pokeapi.co/api/v2/stat/6/,10248,basculegion-female
7152,80,0,hp,https://pokeapi.co/api/v2/stat/1/,903,sneasler
7153,130,2,attack,https://pokeapi.co/api/v2/stat/2/,903,sneasler
7154,60,0,defense,https://pokeapi.co/api/v2/stat/3/,903,sneasler
7155,40,0,special-attack,https://pokeapi.co/api/v2/stat/4/,903,sneasler
7156,80,0,special-defense,https://pokeapi.co/api/v2/stat/5/,903,sneasler
7157,120,0,speed,https://pokeapi.co/api/v2/stat/6/,903,sneasler
7158,85,0,hp,https://pokeapi.co/api/v2/stat/1/,904,overqwil
7159,115,2,attack,https://pokeapi.co/api/v2/stat/2/,904,overqwil
7160,95,0,defense,https://pokeapi.co/api/v2/stat/3/,904,overqwil
7161,65,0,special-attack,https://pokeapi.co/api/v2/stat/4/,904,overqwil
7162,65,0,special-defense,https://pokeapi.co/api/v2/stat/5/,904,overqwil
7163,85,0,speed,https://pokeapi.co/api/v2/stat/6/,904,overqwil
7164,60,0,hp,https://pokeapi.co/api/v2/stat/1/,826,orbeetle
7165,45,0,attack,https://pokeapi.co/api/v2/stat/2/,826,orbeetle
7166,110,0,defense,https://pokeapi.co/api/v2/stat/3/,826,orbeetle
7167,80,0,special-attack,https://pokeapi.co/api/v2/stat/4/,826,orbeetle
7168,120,3,special-defense,https://pokeapi.co/api/v2/stat/5/,826,orbeetle
7169,90,0,speed,https://pokeapi.co/api/v2/stat/6/,826,orbeetle
7170,60,0,hp,https://pokeapi.co/api/v2/stat/1/,10213,orbeetle-gmax
7171,45,0,attack,https://pokeapi.co/api/v2/stat/2/,10213,orbeetle-gmax
7172,110,0,defense,https://pokeapi.co/api/v2/stat/3/,10213,orbeetle-gmax
7173,80,0,special-attack,https://pokeapi.co/api/v2/stat/4/,10213,orbeetle-gmax
7174,120,3,special-defense,https://pokeapi.co/api/v2/stat/5/,10213,orbeetle-gmax
7175,90,0,speed,https://pokeapi.co/api/v2/stat/6/,10213,orbeetle-gmax
7176,110,2,hp,https://pokeapi.co/api/v2/stat/1/,842,appletun
7177,85,0,attack,https://pokeapi.co/api/v2/stat/2/,842,appletun
7178,80,0,defense,https://pokeapi.co/api/v2/stat/3/,842,appletun
7179,100,0,special-attack,https://pokeapi.co/api/v2/stat/4/,842,appletun
7180,80,0,special-defense,https://pokeapi.co/api/v2/stat/5/,842,appletun
7181,30,0,speed,https://pokeapi.co/api/v2/stat/6/,842,appletun
7182,110,2,hp,https://pokeapi.co/api/v2/stat/1/,10217,appletun-gmax
7183,85,0,attack,https://pokeapi.co/api/v2/stat/2/,10217,appletun-gmax
7184,80,0,defense,https://pokeapi.co/api/v2/stat/3/,10217,appletun-gmax
7185,100,0,special-attack,https://pokeapi.co/api/v2/stat/4/,10217,appletun-gmax
7186,80,0,special-defense,https://pokeapi.co/api/v2/stat/5/,10217,appletun-gmax
7187,30,0,speed,https://pokeapi.co/api/v2/stat/6/,10217,appletun-gmax
7188,95,0,hp,https://pokeapi.co/api/v2/stat/1/,861,grimmsnarl
7189,120,3,attack,https://pokeapi.co/api/v2/stat/2/,861,grimmsnarl
7190,65,0,defense,https://pokeapi.co/api/v2/stat/3/,861,grimmsnarl
7191,95,0,special-attack,https://pokeapi.co/api/v2/stat/4/,861,grimmsnarl
7192,75,0,special-defense,https://pokeapi.co/api/v2/stat/5/,861,grimmsnarl
7193,60,0,speed,https://pokeapi.co/api/v2/stat/6/,861,grimmsnarl
7194,95,0,hp,https://pokeapi.co/api/v2/stat/1/,10222,grimmsnarl-gmax
7195,120,3,attack,https://pokeapi.co/api/v2/stat/2/,10222,grimmsnarl-gmax
7196,65,0,defense,https://pokeapi.co/api/v2/stat/3/,10222,grimmsnarl-gmax
7197,95,0,special-attack,https://pokeapi.co/api/v2/stat/4/,10222,grimmsnarl-gmax
7198,75,0,special-defense,https://pokeapi.co/api/v2/stat/5/,10222,grimmsnarl-gmax
7199,60,0,speed,https://pokeapi.co/api/v2/stat/6/,10222,grimmsnarl-gmax
7200,130,0,hp,https://pokeapi.co/api/v2/stat/1/,901,ursaluna
7201,140,3,attack,https://pokeapi.co/api/v2/stat/2/,901,ursaluna
7202,105,0,defense,https://pokeapi.co/api/v2/stat/3/,901,ursaluna
7203,45,0,special-attack,https://pokeapi.co/api/v2/stat/4/,901,ursaluna
7204,80,0,special-defense,https://pokeapi.co/api/v2/stat/5/,901,ursaluna
7205,50,0,speed,https://pokeapi.co/api/v2/stat/6/,901,ursaluna
7206,113,0,hp,https://pokeapi.co/api/v2/stat/1/,10272,ursaluna-bloodmoon
7207,70,3,attack,https://pokeapi.co/api/v2/stat/2/,10272,ursaluna-bloodmoon
7208,120,0,defense,https://pokeapi.co/api/v2/stat/3/,10272,ursaluna-bloodmoon
7209,135,0,special-attack,https://pokeapi.co/api/v2/stat/4/,10272,ursaluna-bloodmoon
7210,65,0,special-defense,https://pokeapi.co/api/v2/stat/5/,10272,ursaluna-bloodmoon
7211,52,0,speed,https://pokeapi.co/api/v2/stat/6/,10272,ursaluna-bloodmoon
7212,33,0,hp,https://pokeapi.co/api/v2/stat/1/,919,nymble
7213,46,1,attack,https://pokeapi.co/api/v2/stat/2/,919,nymble
7214,40,0,defense,https://pokeapi.co/api/v2/stat/3/,919,nymble
7215,21,0,special-attack,https://pokeapi.co/api/v2/stat/4/,919,nymble
7216,25,0,special-defense,https://pokeapi.co/api/v2/stat/5/,919,nymble
7217,45,0,speed,https://pokeapi.co/api/v2/stat/6/,919,nymble
7218,40,0,hp,https://pokeapi.co/api/v2/stat/1/,906,sprigatito
7219,61,0,attack,https://pokeapi.co/api/v2/stat/2/,906,sprigatito
7220,54,0,defense,https://pokeapi.co/api/v2/stat/3/,906,sprigatito
7221,45,0,special-attack,https://pokeapi.co/api/v2/stat/4/,906,sprigatito
7222,45,0,special-defense,https://pokeapi.co/api/v2/stat/5/,906,sprigatito
7223,65,1,speed,https://pokeapi.co/api/v2/stat/6/,906,sprigatito
7224,67,1,hp,https://pokeapi.co/api/v2/stat/1/,909,fuecoco
7225,45,0,attack,https://pokeapi.co/api/v2/stat/2/,909,fuecoco
7226,59,0,defense,https://pokeapi.co/api/v2/stat/3/,909,fuecoco
7227,63,0,special-attack,https://pokeapi.co/api/v2/stat/4/,909,fuecoco
7228,40,0,special-defense,https://pokeapi.co/api/v2/stat/5/,909,fuecoco
7229,36,0,speed,https://pokeapi.co/api/v2/stat/6/,909,fuecoco
7230,55,0,hp,https://pokeapi.co/api/v2/stat/1/,912,quaxly
7231,65,1,attack,https://pokeapi.co/api/v2/stat/2/,912,quaxly
7232,45,0,defense,https://pokeapi.co/api/v2/stat/3/,912,quaxly
7233,50,0,special-attack,https://pokeapi.co/api/v2/stat/4/,912,quaxly
7234,45,0,special-defense,https://pokeapi.co/api/v2/stat/5/,912,quaxly
7235,50,0,speed,https://pokeapi.co/api/v2/stat/6/,912,quaxly
7236,54,1,hp,https://pokeapi.co/api/v2/stat/1/,915,lechonk
7237,45,0,attack,https://pokeapi.co/api/v2/stat/2/,915,lechonk
7238,40,0,defense,https://pokeapi.co/api/v2/stat/3/,915,lechonk
7239,35,0,special-attack,https://pokeapi.co/api/v2/stat/4/,915,lechonk
7240,45,0,special-defense,https://pokeapi.co/api/v2/stat/5/,915,lechonk
7241,35,0,speed,https://pokeapi.co/api/v2/stat/6/,915,lechonk
7242,35,0,hp,https://pokeapi.co/api/v2/stat/1/,917,tarountula
7243,41,0,attack,https://pokeapi.co/api/v2/stat/2/,917,tarountula
7244,45,1,defense,https://pokeapi.co/api/v2/stat/3/,917,tarountula
7245,29,0,special-attack,https://pokeapi.co/api/v2/stat/4/,917,tarountula
7246,40,0,special-defense,https://pokeapi.co/api/v2/stat/5/,917,tarountula
7247,20,0,speed,https://pokeapi.co/api/v2/stat/6/,917,tarountula
7248,61,0,hp,https://pokeapi.co/api/v2/stat/1/,907,floragato
7249,80,0,attack,https://pokeapi.co/api/v2/stat/2/,907,floragato
7250,63,0,defense,https://pokeapi.co/api/v2/stat/3/,907,floragato
7251,60,0,special-attack,https://pokeapi.co/api/v2/stat/4/,907,floragato
7252,63,0,special-defense,https://pokeapi.co/api/v2/stat/5/,907,floragato
7253,83,2,speed,https://pokeapi.co/api/v2/stat/6/,907,floragato
7254,76,0,hp,https://pokeapi.co/api/v2/stat/1/,908,meowscarada
7255,110,0,attack,https://pokeapi.co/api/v2/stat/2/,908,meowscarada
7256,70,0,defense,https://pokeapi.co/api/v2/stat/3/,908,meowscarada
7257,81,0,special-attack,https://pokeapi.co/api/v2/stat/4/,908,meowscarada
7258,70,0,special-defense,https://pokeapi.co/api/v2/stat/5/,908,meowscarada
7259,123,3,speed,https://pokeapi.co/api/v2/stat/6/,908,meowscarada
7260,81,0,hp,https://pokeapi.co/api/v2/stat/1/,910,crocalor
7261,55,0,attack,https://pokeapi.co/api/v2/stat/2/,910,crocalor
7262,78,0,defense,https://pokeapi.co/api/v2/stat/3/,910,crocalor
7263,90,2,special-attack,https://pokeapi.co/api/v2/stat/4/,910,crocalor
7264,58,0,special-defense,https://pokeapi.co/api/v2/stat/5/,910,crocalor
7265,49,0,speed,https://pokeapi.co/api/v2/stat/6/,910,crocalor
7266,104,0,hp,https://pokeapi.co/api/v2/stat/1/,911,skeledirge
7267,75,0,attack,https://pokeapi.co/api/v2/stat/2/,911,skeledirge
7268,100,0,defense,https://pokeapi.co/api/v2/stat/3/,911,skeledirge
7269,110,3,special-attack,https://pokeapi.co/api/v2/stat/4/,911,skeledirge
7270,75,0,special-defense,https://pokeapi.co/api/v2/stat/5/,911,skeledirge
7271,66,0,speed,https://pokeapi.co/api/v2/stat/6/,911,skeledirge
7272,70,0,hp,https://pokeapi.co/api/v2/stat/1/,913,quaxwell
7273,85,2,attack,https://pokeapi.co/api/v2/stat/2/,913,quaxwell
7274,65,0,defense,https://pokeapi.co/api/v2/stat/3/,913,quaxwell
7275,65,0,special-attack,https://pokeapi.co/api/v2/stat/4/,913,quaxwell
7276,60,0,special-defense,https://pokeapi.co/api/v2/stat/5/,913,quaxwell
7277,65,0,speed,https://pokeapi.co/api/v2/stat/6/,913,quaxwell
7278,85,0,hp,https://pokeapi.co/api/v2/stat/1/,914,quaquaval
7279,120,3,attack,https://pokeapi.co/api/v2/stat/2/,914,quaquaval
7280,80,0,defense,https://pokeapi.co/api/v2/stat/3/,914,quaquaval
7281,85,0,special-attack,https://pokeapi.co/api/v2/stat/4/,914,quaquaval
7282,75,0,special-defense,https://pokeapi.co/api/v2/stat/5/,914,quaquaval
7283,85,0,speed,https://pokeapi.co/api/v2/stat/6/,914,quaquaval
7284,110,2,hp,https://pokeapi.co/api/v2/stat/1/,916,oinkologne-male
7285,100,0,attack,https://pokeapi.co/api/v2/stat/2/,916,oinkologne-male
7286,75,0,defense,https://pokeapi.co/api/v2/stat/3/,916,oinkologne-male
7287,59,0,special-attack,https://pokeapi.co/api/v2/stat/4/,916,oinkologne-male
7288,80,0,special-defense,https://pokeapi.co/api/v2/stat/5/,916,oinkologne-male
7289,65,0,speed,https://pokeapi.co/api/v2/stat/6/,916,oinkologne-male
7290,115,2,hp,https://pokeapi.co/api/v2/stat/1/,10254,oinkologne-female
7291,90,0,attack,https://pokeapi.co/api/v2/stat/2/,10254,oinkologne-female
7292,70,0,defense,https://pokeapi.co/api/v2/stat/3/,10254,oinkologne-female
7293,59,0,special-attack,https://pokeapi.co/api/v2/stat/4/,10254,oinkologne-female
7294,90,0,special-defense,https://pokeapi.co/api/v2/stat/5/,10254,oinkologne-female
7295,65,0,speed,https://pokeapi.co/api/v2/stat/6/,10254,oinkologne-female
7296,60,0,hp,https://pokeapi.co/api/v2/stat/1/,918,spidops
7297,79,0,attack,https://pokeapi.co/api/v2/stat/2/,918,spidops
7298,92,2,defense,https://pokeapi.co/api/v2/stat/3/,918,spidops
7299,52,0,special-attack,https://pokeapi.co/api/v2/stat/4/,918,spidops
7300,86,0,special-defense,https://pokeapi.co/api/v2/stat/5/,918,spidops
7301,35,0,speed,https://pokeapi.co/api/v2/stat/6/,918,spidops
7302,45,0,hp,https://pokeapi.co/api/v2/stat/1/,921,pawmi
7303,50,0,attack,https://pokeapi.co/api/v2/stat/2/,921,pawmi
7304,20,0,defense,https://pokeapi.co/api/v2/stat/3/,921,pawmi
7305,40,0,special-attack,https://pokeapi.co/api/v2/stat/4/,921,pawmi
7306,25,0,special-defense,https://pokeapi.co/api/v2/stat/5/,921,pawmi
7307,60,1,speed,https://pokeapi.co/api/v2/stat/6/,921,pawmi
7308,50,0,hp,https://pokeapi.co/api/v2/stat/1/,924,tandemaus
7309,50,0,attack,https://pokeapi.co/api/v2/stat/2/,924,tandemaus
7310,45,0,defense,https://pokeapi.co/api/v2/stat/3/,924,tandemaus
7311,40,0,special-attack,https://pokeapi.co/api/v2/stat/4/,924,tandemaus
7312,45,0,special-defense,https://pokeapi.co/api/v2/stat/5/,924,tandemaus
7313,75,1,speed,https://pokeapi.co/api/v2/stat/6/,924,tandemaus
7314,37,0,hp,https://pokeapi.co/api/v2/stat/1/,926,fidough
7315,55,0,attack,https://pokeapi.co/api/v2/stat/2/,926,fidough
7316,70,0,defense,https://pokeapi.co/api/v2/stat/3/,926,fidough
7317,30,0,special-attack,https://pokeapi.co/api/v2/stat/4/,926,fidough
7318,55,0,special-defense,https://pokeapi.co/api/v2/stat/5/,926,fidough
7319,65,1,speed,https://pokeapi.co/api/v2/stat/6/,926,fidough
7320,41,0,hp,https://pokeapi.co/api/v2/stat/1/,928,smoliv
7321,35,0,attack,https://pokeapi.co/api/v2/stat/2/,928,smoliv
7322,45,0,defense,https://pokeapi.co/api/v2/stat/3/,928,smoliv
7323,58,1,special-attack,https://pokeapi.co/api/v2/stat/4/,928,smoliv
7324,51,0,special-defense,https://pokeapi.co/api/v2/stat/5/,928,smoliv
7325,30,0,speed,https://pokeapi.co/api/v2/stat/6/,928,smoliv
7326,82,0,hp,https://pokeapi.co/api/v2/stat/1/,931,squawkabilly-green-plumage
7327,96,1,attack,https://pokeapi.co/api/v2/stat/2/,931,squawkabilly-green-plumage
7328,51,0,defense,https://pokeapi.co/api/v2/stat/3/,931,squawkabilly-green-plumage
7329,45,0,special-attack,https://pokeapi.co/api/v2/stat/4/,931,squawkabilly-green-plumage
7330,51,0,special-defense,https://pokeapi.co/api/v2/stat/5/,931,squawkabilly-green-plumage
7331,92,0,speed,https://pokeapi.co/api/v2/stat/6/,931,squawkabilly-green-plumage
7332,82,0,hp,https://pokeapi.co/api/v2/stat/1/,10260,squawkabilly-blue-plumage
7333,96,1,attack,https://pokeapi.co/api/v2/stat/2/,10260,squawkabilly-blue-plumage
7334,51,0,defense,https://pokeapi.co/api/v2/stat/3/,10260,squawkabilly-blue-plumage
7335,45,0,special-attack,https://pokeapi.co/api/v2/stat/4/,10260,squawkabilly-blue-plumage
7336,51,0,special-defense,https://pokeapi.co/api/v2/stat/5/,10260,squawkabilly-blue-plumage
7337,92,0,speed,https://pokeapi.co/api/v2/stat/6/,10260,squawkabilly-blue-plumage
7338,82,0,hp,https://pokeapi.co/api/v2/stat/1/,10261,squawkabilly-yellow-plumage
7339,96,1,attack,https://pokeapi.co/api/v2/stat/2/,10261,squawkabilly-yellow-plumage
7340,51,0,defense,https://pokeapi.co/api/v2/stat/3/,10261,squawkabilly-yellow-plumage
7341,45,0,special-attack,https://pokeapi.co/api/v2/stat/4/,10261,squawkabilly-yellow-plumage
7342,51,0,special-defense,https://pokeapi.co/api/v2/stat/5/,10261,squawkabilly-yellow-plumage
7343,92,0,speed,https://pokeapi.co/api/v2/stat/6/,10261,squawkabilly-yellow-plumage
7344,82,0,hp,https://pokeapi.co/api/v2/stat/1/,10262,squawkabilly-white-plumage
7345,96,1,attack,https://pokeapi.co/api/v2/stat/2/,10262,squawkabilly-white-plumage
7346,51,0,defense,https://pokeapi.co/api/v2/stat/3/,10262,squawkabilly-white-plumage
7347,45,0,special-attack,https://pokeapi.co/api/v2/stat/4/,10262,squawkabilly-white-plumage
7348,51,0,special-defense,https://pokeapi.co/api/v2/stat/5/,10262,squawkabilly-white-plumage
7349,92,0,speed,https://pokeapi.co/api/v2/stat/6/,10262,squawkabilly-white-plumage
7350,55,0,hp,https://pokeapi.co/api/v2/stat/1/,932,nacli
7351,55,0,attack,https://pokeapi.co/api/v2/stat/2/,932,nacli
7352,75,1,defense,https://pokeapi.co/api/v2/stat/3/,932,nacli
7353,35,0,special-attack,https://pokeapi.co/api/v2/stat/4/,932,nacli
7354,35,0,special-defense,https://pokeapi.co/api/v2/stat/5/,932,nacli
7355,25,0,speed,https://pokeapi.co/api/v2/stat/6/,932,nacli
7356,40,0,hp,https://pokeapi.co/api/v2/stat/1/,935,charcadet
7357,50,0,attack,https://pokeapi.co/api/v2/stat/2/,935,charcadet
7358,40,0,defense,https://pokeapi.co/api/v2/stat/3/,935,charcadet
7359,50,1,special-attack,https://pokeapi.co/api/v2/stat/4/,935,charcadet
7360,40,0,special-defense,https://pokeapi.co/api/v2/stat/5/,935,charcadet
7361,35,0,speed,https://pokeapi.co/api/v2/stat/6/,935,charcadet
7362,61,1,hp,https://pokeapi.co/api/v2/stat/1/,938,tadbulb
7363,31,0,attack,https://pokeapi.co/api/v2/stat/2/,938,tadbulb
7364,41,0,defense,https://pokeapi.co/api/v2/stat/3/,938,tadbulb
7365,59,0,special-attack,https://pokeapi.co/api/v2/stat/4/,938,tadbulb
7366,35,0,special-defense,https://pokeapi.co/api/v2/stat/5/,938,tadbulb
7367,45,0,speed,https://pokeapi.co/api/v2/stat/6/,938,tadbulb
7368,40,0,hp,https://pokeapi.co/api/v2/stat/1/,940,wattrel
7369,40,0,attack,https://pokeapi.co/api/v2/stat/2/,940,wattrel
7370,35,0,defense,https://pokeapi.co/api/v2/stat/3/,940,wattrel
7371,55,0,special-attack,https://pokeapi.co/api/v2/stat/4/,940,wattrel
7372,40,0,special-defense,https://pokeapi.co/api/v2/stat/5/,940,wattrel
7373,70,1,speed,https://pokeapi.co/api/v2/stat/6/,940,wattrel
7374,60,0,hp,https://pokeapi.co/api/v2/stat/1/,942,maschiff
7375,78,1,attack,https://pokeapi.co/api/v2/stat/2/,942,maschiff
7376,60,0,defense,https://pokeapi.co/api/v2/stat/3/,942,maschiff
7377,40,0,special-attack,https://pokeapi.co/api/v2/stat/4/,942,maschiff
7378,51,0,special-defense,https://pokeapi.co/api/v2/stat/5/,942,maschiff
7379,51,0,speed,https://pokeapi.co/api/v2/stat/6/,942,maschiff
7380,40,0,hp,https://pokeapi.co/api/v2/stat/1/,944,shroodle
7381,65,0,attack,https://pokeapi.co/api/v2/stat/2/,944,shroodle
7382,35,0,defense,https://pokeapi.co/api/v2/stat/3/,944,shroodle
7383,40,0,special-attack,https://pokeapi.co/api/v2/stat/4/,944,shroodle
7384,35,0,special-defense,https://pokeapi.co/api/v2/stat/5/,944,shroodle
7385,75,1,speed,https://pokeapi.co/api/v2/stat/6/,944,shroodle
7386,40,0,hp,https://pokeapi.co/api/v2/stat/1/,946,bramblin
7387,65,1,attack,https://pokeapi.co/api/v2/stat/2/,946,bramblin
7388,30,0,defense,https://pokeapi.co/api/v2/stat/3/,946,bramblin
7389,45,0,special-attack,https://pokeapi.co/api/v2/stat/4/,946,bramblin
7390,35,0,special-defense,https://pokeapi.co/api/v2/stat/5/,946,bramblin
7391,60,0,speed,https://pokeapi.co/api/v2/stat/6/,946,bramblin
7392,40,0,hp,https://pokeapi.co/api/v2/stat/1/,948,toedscool
7393,40,0,attack,https://pokeapi.co/api/v2/stat/2/,948,toedscool
7394,35,0,defense,https://pokeapi.co/api/v2/stat/3/,948,toedscool
7395,50,0,special-attack,https://pokeapi.co/api/v2/stat/4/,948,toedscool
7396,100,1,special-defense,https://pokeapi.co/api/v2/stat/5/,948,toedscool
7397,70,0,speed,https://pokeapi.co/api/v2/stat/6/,948,toedscool
7398,70,0,hp,https://pokeapi.co/api/v2/stat/1/,950,klawf
7399,100,0,attack,https://pokeapi.co/api/v2/stat/2/,950,klawf
7400,115,2,defense,https://pokeapi.co/api/v2/stat/3/,950,klawf
7401,35,0,special-attack,https://pokeapi.co/api/v2/stat/4/,950,klawf
7402,55,0,special-defense,https://pokeapi.co/api/v2/stat/5/,950,klawf
7403,75,0,speed,https://pokeapi.co/api/v2/stat/6/,950,klawf
7404,50,0,hp,https://pokeapi.co/api/v2/stat/1/,951,capsakid
7405,62,1,attack,https://pokeapi.co/api/v2/stat/2/,951,capsakid
7406,40,0,defense,https://pokeapi.co/api/v2/stat/3/,951,capsakid
7407,62,0,special-attack,https://pokeapi.co/api/v2/stat/4/,951,capsakid
7408,40,0,special-defense,https://pokeapi.co/api/v2/stat/5/,951,capsakid
7409,50,0,speed,https://pokeapi.co/api/v2/stat/6/,951,capsakid
7410,41,0,hp,https://pokeapi.co/api/v2/stat/1/,953,rellor
7411,50,0,attack,https://pokeapi.co/api/v2/stat/2/,953,rellor
7412,60,1,defense,https://pokeapi.co/api/v2/stat/3/,953,rellor
7413,31,0,special-attack,https://pokeapi.co/api/v2/stat/4/,953,rellor
7414,58,0,special-defense,https://pokeapi.co/api/v2/stat/5/,953,rellor
7415,30,0,speed,https://pokeapi.co/api/v2/stat/6/,953,rellor
7416,30,0,hp,https://pokeapi.co/api/v2/stat/1/,955,flittle
7417,35,0,attack,https://pokeapi.co/api/v2/stat/2/,955,flittle
7418,30,0,defense,https://pokeapi.co/api/v2/stat/3/,955,flittle
7419,55,0,special-attack,https://pokeapi.co/api/v2/stat/4/,955,flittle
7420,30,0,special-defense,https://pokeapi.co/api/v2/stat/5/,955,flittle
7421,75,1,speed,https://pokeapi.co/api/v2/stat/6/,955,flittle
7422,50,0,hp,https://pokeapi.co/api/v2/stat/1/,957,tinkatink
7423,45,0,attack,https://pokeapi.co/api/v2/stat/2/,957,tinkatink
7424,45,0,defense,https://pokeapi.co/api/v2/stat/3/,957,tinkatink
7425,35,0,special-attack,https://pokeapi.co/api/v2/stat/4/,957,tinkatink
7426,64,1,special-defense,https://pokeapi.co/api/v2/stat/5/,957,tinkatink
7427,58,0,speed,https://pokeapi.co/api/v2/stat/6/,957,tinkatink
7428,10,0,hp,https://pokeapi.co/api/v2/stat/1/,960,wiglett
7429,55,0,attack,https://pokeapi.co/api/v2/stat/2/,960,wiglett
7430,25,0,defense,https://pokeapi.co/api/v2/stat/3/,960,wiglett
7431,35,0,special-attack,https://pokeapi.co/api/v2/stat/4/,960,wiglett
7432,25,0,special-defense,https://pokeapi.co/api/v2/stat/5/,960,wiglett
7433,95,1,speed,https://pokeapi.co/api/v2/stat/6/,960,wiglett
7434,70,0,hp,https://pokeapi.co/api/v2/stat/1/,962,bombirdier
7435,103,2,attack,https://pokeapi.co/api/v2/stat/2/,962,bombirdier
7436,85,0,defense,https://pokeapi.co/api/v2/stat/3/,962,bombirdier
7437,60,0,special-attack,https://pokeapi.co/api/v2/stat/4/,962,bombirdier
7438,85,0,special-defense,https://pokeapi.co/api/v2/stat/5/,962,bombirdier
7439,82,0,speed,https://pokeapi.co/api/v2/stat/6/,962,bombirdier
7440,70,0,hp,https://pokeapi.co/api/v2/stat/1/,963,finizen
7441,45,0,attack,https://pokeapi.co/api/v2/stat/2/,963,finizen
7442,40,0,defense,https://pokeapi.co/api/v2/stat/3/,963,finizen
7443,45,0,special-attack,https://pokeapi.co/api/v2/stat/4/,963,finizen
7444,40,0,special-defense,https://pokeapi.co/api/v2/stat/5/,963,finizen
7445,75,1,speed,https://pokeapi.co/api/v2/stat/6/,963,finizen
7446,45,0,hp,https://pokeapi.co/api/v2/stat/1/,965,varoom
7447,70,1,attack,https://pokeapi.co/api/v2/stat/2/,965,varoom
7448,63,0,defense,https://pokeapi.co/api/v2/stat/3/,965,varoom
7449,30,0,special-attack,https://pokeapi.co/api/v2/stat/4/,965,varoom
7450,45,0,special-defense,https://pokeapi.co/api/v2/stat/5/,965,varoom
7451,47,0,speed,https://pokeapi.co/api/v2/stat/6/,965,varoom
7452,70,0,hp,https://pokeapi.co/api/v2/stat/1/,967,cyclizar
7453,95,0,attack,https://pokeapi.co/api/v2/stat/2/,967,cyclizar
7454,65,0,defense,https://pokeapi.co/api/v2/stat/3/,967,cyclizar
7455,85,0,special-attack,https://pokeapi.co/api/v2/stat/4/,967,cyclizar
7456,65,0,special-defense,https://pokeapi.co/api/v2/stat/5/,967,cyclizar
7457,121,2,speed,https://pokeapi.co/api/v2/stat/6/,967,cyclizar
7458,70,0,hp,https://pokeapi.co/api/v2/stat/1/,968,orthworm
7459,85,0,attack,https://pokeapi.co/api/v2/stat/2/,968,orthworm
7460,145,2,defense,https://pokeapi.co/api/v2/stat/3/,968,orthworm
7461,60,0,special-attack,https://pokeapi.co/api/v2/stat/4/,968,orthworm
7462,55,0,special-defense,https://pokeapi.co/api/v2/stat/5/,968,orthworm
7463,65,0,speed,https://pokeapi.co/api/v2/stat/6/,968,orthworm
7464,48,0,hp,https://pokeapi.co/api/v2/stat/1/,969,glimmet
7465,35,0,attack,https://pokeapi.co/api/v2/stat/2/,969,glimmet
7466,42,0,defense,https://pokeapi.co/api/v2/stat/3/,969,glimmet
7467,105,1,special-attack,https://pokeapi.co/api/v2/stat/4/,969,glimmet
7468,60,0,special-defense,https://pokeapi.co/api/v2/stat/5/,969,glimmet
7469,60,0,speed,https://pokeapi.co/api/v2/stat/6/,969,glimmet
7470,50,0,hp,https://pokeapi.co/api/v2/stat/1/,971,greavard
7471,61,1,attack,https://pokeapi.co/api/v2/stat/2/,971,greavard
7472,60,0,defense,https://pokeapi.co/api/v2/stat/3/,971,greavard
7473,30,0,special-attack,https://pokeapi.co/api/v2/stat/4/,971,greavard
7474,55,0,special-defense,https://pokeapi.co/api/v2/stat/5/,971,greavard
7475,34,0,speed,https://pokeapi.co/api/v2/stat/6/,971,greavard
7476,82,0,hp,https://pokeapi.co/api/v2/stat/1/,973,flamigo
7477,115,2,attack,https://pokeapi.co/api/v2/stat/2/,973,flamigo
7478,74,0,defense,https://pokeapi.co/api/v2/stat/3/,973,flamigo
7479,75,0,special-attack,https://pokeapi.co/api/v2/stat/4/,973,flamigo
7480,64,0,special-defense,https://pokeapi.co/api/v2/stat/5/,973,flamigo
7481,90,0,speed,https://pokeapi.co/api/v2/stat/6/,973,flamigo
7482,108,1,hp,https://pokeapi.co/api/v2/stat/1/,974,cetoddle
7483,68,0,attack,https://pokeapi.co/api/v2/stat/2/,974,cetoddle
7484,45,0,defense,https://pokeapi.co/api/v2/stat/3/,974,cetoddle
7485,30,0,special-attack,https://pokeapi.co/api/v2/stat/4/,974,cetoddle
7486,40,0,special-defense,https://pokeapi.co/api/v2/stat/5/,974,cetoddle
7487,43,0,speed,https://pokeapi.co/api/v2/stat/6/,974,cetoddle
7488,90,0,hp,https://pokeapi.co/api/v2/stat/1/,976,veluza
7489,102,2,attack,https://pokeapi.co/api/v2/stat/2/,976,veluza
7490,73,0,defense,https://pokeapi.co/api/v2/stat/3/,976,veluza
7491,78,0,special-attack,https://pokeapi.co/api/v2/stat/4/,976,veluza
7492,65,0,special-defense,https://pokeapi.co/api/v2/stat/5/,976,veluza
7493,70,0,speed,https://pokeapi.co/api/v2/stat/6/,976,veluza
7494,150,3,hp,https://pokeapi.co/api/v2/stat/1/,977,dondozo
7495,100,0,attack,https://pokeapi.co/api/v2/stat/2/,977,dondozo
7496,115,0,defense,https://pokeapi.co/api/v2/stat/3/,977,dondozo
7497,65,0,special-attack,https://pokeapi.co/api/v2/stat/4/,977,dondozo
7498,65,0,special-defense,https://pokeapi.co/api/v2/stat/5/,977,dondozo
7499,35,0,speed,https://pokeapi.co/api/v2/stat/6/,977,dondozo
7500,68,0,hp,https://pokeapi.co/api/v2/stat/1/,978,tatsugiri-curly
7501,50,0,attack,https://pokeapi.co/api/v2/stat/2/,978,tatsugiri-curly
7502,60,0,defense,https://pokeapi.co/api/v2/stat/3/,978,tatsugiri-curly
7503,120,2,special-attack,https://pokeapi.co/api/v2/stat/4/,978,tatsugiri-curly
7504,95,0,special-defense,https://pokeapi.co/api/v2/stat/5/,978,tatsugiri-curly
7505,82,0,speed,https://pokeapi.co/api/v2/stat/6/,978,tatsugiri-curly
7506,68,0,hp,https://pokeapi.co/api/v2/stat/1/,10258,tatsugiri-droopy
7507,50,0,attack,https://pokeapi.co/api/v2/stat/2/,10258,tatsugiri-droopy
7508,60,0,defense,https://pokeapi.co/api/v2/stat/3/,10258,tatsugiri-droopy
7509,120,2,special-attack,https://pokeapi.co/api/v2/stat/4/,10258,tatsugiri-droopy
7510,95,0,special-defense,https://pokeapi.co/api/v2/stat/5/,10258,tatsugiri-droopy
7511,82,0,speed,https://pokeapi.co/api/v2/stat/6/,10258,tatsugiri-droopy
7512,68,0,hp,https://pokeapi.co/api/v2/stat/1/,10259,tatsugiri-stretchy
7513,50,0,attack,https://pokeapi.co/api/v2/stat/2/,10259,tatsugiri-stretchy
7514,60,0,defense,https://pokeapi.co/api/v2/stat/3/,10259,tatsugiri-stretchy
7515,120,2,special-attack,https://pokeapi.co/api/v2/stat/4/,10259,tatsugiri-stretchy
7516,95,0,special-defense,https://pokeapi.co/api/v2/stat/5/,10259,tatsugiri-stretchy
7517,82,0,speed,https://pokeapi.co/api/v2/stat/6/,10259,tatsugiri-stretchy
7518,68,0,hp,https://pokeapi.co/api/v2/stat/1/,10322,tatsugiri-curly-mega
7519,65,0,attack,https://pokeapi.co/api/v2/stat/2/,10322,tatsugiri-curly-mega
7520,90,0,defense,https://pokeapi.co/api/v2/stat/3/,10322,tatsugiri-curly-mega
7521,135,0,special-attack,https://pokeapi.co/api/v2/stat/4/,10322,tatsugiri-curly-mega
7522,125,0,special-defense,https://pokeapi.co/api/v2/stat/5/,10322,tatsugiri-curly-mega
7523,92,0,speed,https://pokeapi.co/api/v2/stat/6/,10322,tatsugiri-curly-mega
7524,68,0,hp,https://pokeapi.co/api/v2/stat/1/,10323,tatsugiri-droopy-mega
7525,65,0,attack,https://pokeapi.co/api/v2/stat/2/,10323,tatsugiri-droopy-mega
7526,90,0,defense,https://pokeapi.co/api/v2/stat/3/,10323,tatsugiri-droopy-mega
7527,135,0,special-attack,https://pokeapi.co/api/v2/stat/4/,10323,tatsugiri-droopy-mega
7528,125,0,special-defense,https://pokeapi.co/api/v2/stat/5/,10323,tatsugiri-droopy-mega
7529,92,0,speed,https://pokeapi.co/api/v2/stat/6/,10323,tatsugiri-droopy-mega
7530,68,0,hp,https://pokeapi.co/api/v2/stat/1/,10324,tatsugiri-stretchy-mega
7531,65,0,attack,https://pokeapi.co/api/v2/stat/2/,10324,tatsugiri-stretchy-mega
7532,90,0,defense,https://pokeapi.co/api/v2/stat/3/,10324,tatsugiri-stretchy-mega
7533,135,0,special-attack,https://pokeapi.co/api/v2/stat/4/,10324,tatsugiri-stretchy-mega
7534,125,0,special-defense,https://pokeapi.co/api/v2/stat/5/,10324,tatsugiri-stretchy-mega
7535,92,0,speed,https://pokeapi.co/api/v2/stat/6/,10324,tatsugiri-stretchy-mega
7536,115,0,hp,https://pokeapi.co/api/v2/stat/1/,984,great-tusk
7537,131,3,attack,https://pokeapi.co/api/v2/stat/2/,984,great-tusk
7538,131,0,defense,https://pokeapi.co/api/v2/stat/3/,984,great-tusk
7539,53,0,special-attack,https://pokeapi.co/api/v2/stat/4/,984,great-tusk
7540,53,0,special-defense,https://pokeapi.co/api/v2/stat/5/,984,great-tusk
7541,87,0,speed,https://pokeapi.co/api/v2/stat/6/,984,great-tusk
7542,115,3,hp,https://pokeapi.co/api/v2/stat/1/,985,scream-tail
7543,65,0,attack,https://pokeapi.co/api/v2/stat/2/,985,scream-tail
7544,99,0,defense,https://pokeapi.co/api/v2/stat/3/,985,scream-tail
7545,65,0,special-attack,https://pokeapi.co/api/v2/stat/4/,985,scream-tail
7546,115,0,special-defense,https://pokeapi.co/api/v2/stat/5/,985,scream-tail
7547,111,0,speed,https://pokeapi.co/api/v2/stat/6/,985,scream-tail
7548,111,0,hp,https://pokeapi.co/api/v2/stat/1/,986,brute-bonnet
7549,127,3,attack,https://pokeapi.co/api/v2/stat/2/,986,brute-bonnet
7550,99,0,defense,https://pokeapi.co/api/v2/stat/3/,986,brute-bonnet
7551,79,0,special-attack,https://pokeapi.co/api/v2/stat/4/,986,brute-bonnet
7552,99,0,special-defense,https://pokeapi.co/api/v2/stat/5/,986,brute-bonnet
7553,55,0,speed,https://pokeapi.co/api/v2/stat/6/,986,brute-bonnet
7554,55,0,hp,https://pokeapi.co/api/v2/stat/1/,987,flutter-mane
7555,55,0,attack,https://pokeapi.co/api/v2/stat/2/,987,flutter-mane
7556,55,0,defense,https://pokeapi.co/api/v2/stat/3/,987,flutter-mane
7557,135,1,special-attack,https://pokeapi.co/api/v2/stat/4/,987,flutter-mane
7558,135,1,special-defense,https://pokeapi.co/api/v2/stat/5/,987,flutter-mane
7559,135,1,speed,https://pokeapi.co/api/v2/stat/6/,987,flutter-mane
7560,85,0,hp,https://pokeapi.co/api/v2/stat/1/,988,slither-wing
7561,135,3,attack,https://pokeapi.co/api/v2/stat/2/,988,slither-wing
7562,79,0,defense,https://pokeapi.co/api/v2/stat/3/,988,slither-wing
7563,85,0,special-attack,https://pokeapi.co/api/v2/stat/4/,988,slither-wing
7564,105,0,special-defense,https://pokeapi.co/api/v2/stat/5/,988,slither-wing
7565,81,0,speed,https://pokeapi.co/api/v2/stat/6/,988,slither-wing
7566,85,0,hp,https://pokeapi.co/api/v2/stat/1/,989,sandy-shocks
7567,81,0,attack,https://pokeapi.co/api/v2/stat/2/,989,sandy-shocks
7568,97,0,defense,https://pokeapi.co/api/v2/stat/3/,989,sandy-shocks
7569,121,3,special-attack,https://pokeapi.co/api/v2/stat/4/,989,sandy-shocks
7570,85,0,special-defense,https://pokeapi.co/api/v2/stat/5/,989,sandy-shocks
7571,101,0,speed,https://pokeapi.co/api/v2/stat/6/,989,sandy-shocks
7572,90,0,hp,https://pokeapi.co/api/v2/stat/1/,990,iron-treads
7573,112,0,attack,https://pokeapi.co/api/v2/stat/2/,990,iron-treads
7574,120,3,defense,https://pokeapi.co/api/v2/stat/3/,990,iron-treads
7575,72,0,special-attack,https://pokeapi.co/api/v2/stat/4/,990,iron-treads
7576,70,0,special-defense,https://pokeapi.co/api/v2/stat/5/,990,iron-treads
7577,106,0,speed,https://pokeapi.co/api/v2/stat/6/,990,iron-treads
7578,56,0,hp,https://pokeapi.co/api/v2/stat/1/,991,iron-bundle
7579,80,0,attack,https://pokeapi.co/api/v2/stat/2/,991,iron-bundle
7580,114,0,defense,https://pokeapi.co/api/v2/stat/3/,991,iron-bundle
7581,124,0,special-attack,https://pokeapi.co/api/v2/stat/4/,991,iron-bundle
7582,60,0,special-defense,https://pokeapi.co/api/v2/stat/5/,991,iron-bundle
7583,136,3,speed,https://pokeapi.co/api/v2/stat/6/,991,iron-bundle
7584,154,0,hp,https://pokeapi.co/api/v2/stat/1/,992,iron-hands
7585,140,3,attack,https://pokeapi.co/api/v2/stat/2/,992,iron-hands
7586,108,0,defense,https://pokeapi.co/api/v2/stat/3/,992,iron-hands
7587,50,0,special-attack,https://pokeapi.co/api/v2/stat/4/,992,iron-hands
7588,68,0,special-defense,https://pokeapi.co/api/v2/stat/5/,992,iron-hands
7589,50,0,speed,https://pokeapi.co/api/v2/stat/6/,992,iron-hands
7590,94,0,hp,https://pokeapi.co/api/v2/stat/1/,993,iron-jugulis
7591,80,0,attack,https://pokeapi.co/api/v2/stat/2/,993,iron-jugulis
7592,86,0,defense,https://pokeapi.co/api/v2/stat/3/,993,iron-jugulis
7593,122,3,special-attack,https://pokeapi.co/api/v2/stat/4/,993,iron-jugulis
7594,80,0,special-defense,https://pokeapi.co/api/v2/stat/5/,993,iron-jugulis
7595,108,0,speed,https://pokeapi.co/api/v2/stat/6/,993,iron-jugulis
7596,80,0,hp,https://pokeapi.co/api/v2/stat/1/,994,iron-moth
7597,70,0,attack,https://pokeapi.co/api/v2/stat/2/,994,iron-moth
7598,60,0,defense,https://pokeapi.co/api/v2/stat/3/,994,iron-moth
7599,140,3,special-attack,https://pokeapi.co/api/v2/stat/4/,994,iron-moth
7600,110,0,special-defense,https://pokeapi.co/api/v2/stat/5/,994,iron-moth
7601,110,0,speed,https://pokeapi.co/api/v2/stat/6/,994,iron-moth
7602,100,0,hp,https://pokeapi.co/api/v2/stat/1/,995,iron-thorns
7603,134,3,attack,https://pokeapi.co/api/v2/stat/2/,995,iron-thorns
7604,110,0,defense,https://pokeapi.co/api/v2/stat/3/,995,iron-thorns
7605,70,0,special-attack,https://pokeapi.co/api/v2/stat/4/,995,iron-thorns
7606,84,0,special-defense,https://pokeapi.co/api/v2/stat/5/,995,iron-thorns
7607,72,0,speed,https://pokeapi.co/api/v2/stat/6/,995,iron-thorns
7608,65,0,hp,https://pokeapi.co/api/v2/stat/1/,996,frigibax
7609,75,1,attack,https://pokeapi.co/api/v2/stat/2/,996,frigibax
7610,45,0,defense,https://pokeapi.co/api/v2/stat/3/,996,frigibax
7611,35,0,special-attack,https://pokeapi.co/api/v2/stat/4/,996,frigibax
7612,45,0,special-defense,https://pokeapi.co/api/v2/stat/5/,996,frigibax
7613,55,0,speed,https://pokeapi.co/api/v2/stat/6/,996,frigibax
7614,60,0,hp,https://pokeapi.co/api/v2/stat/1/,922,pawmo
7615,75,0,attack,https://pokeapi.co/api/v2/stat/2/,922,pawmo
7616,40,0,defense,https://pokeapi.co/api/v2/stat/3/,922,pawmo
7617,50,0,special-attack,https://pokeapi.co/api/v2/stat/4/,922,pawmo
7618,40,0,special-defense,https://pokeapi.co/api/v2/stat/5/,922,pawmo
7619,85,2,speed,https://pokeapi.co/api/v2/stat/6/,922,pawmo
7620,70,0,hp,https://pokeapi.co/api/v2/stat/1/,923,pawmot
7621,115,3,attack,https://pokeapi.co/api/v2/stat/2/,923,pawmot
7622,70,0,defense,https://pokeapi.co/api/v2/stat/3/,923,pawmot
7623,70,0,special-attack,https://pokeapi.co/api/v2/stat/4/,923,pawmot
7624,60,0,special-defense,https://pokeapi.co/api/v2/stat/5/,923,pawmot
7625,105,0,speed,https://pokeapi.co/api/v2/stat/6/,923,pawmot
7626,74,0,hp,https://pokeapi.co/api/v2/stat/1/,925,maushold-family-of-four
7627,75,0,attack,https://pokeapi.co/api/v2/stat/2/,925,maushold-family-of-four
7628,70,0,defense,https://pokeapi.co/api/v2/stat/3/,925,maushold-family-of-four
7629,65,0,special-attack,https://pokeapi.co/api/v2/stat/4/,925,maushold-family-of-four
7630,75,0,special-defense,https://pokeapi.co/api/v2/stat/5/,925,maushold-family-of-four
7631,111,2,speed,https://pokeapi.co/api/v2/stat/6/,925,maushold-family-of-four
7632,74,0,hp,https://pokeapi.co/api/v2/stat/1/,10257,maushold-family-of-three
7633,75,0,attack,https://pokeapi.co/api/v2/stat/2/,10257,maushold-family-of-three
7634,70,0,defense,https://pokeapi.co/api/v2/stat/3/,10257,maushold-family-of-three
7635,65,0,special-attack,https://pokeapi.co/api/v2/stat/4/,10257,maushold-family-of-three
7636,75,0,special-defense,https://pokeapi.co/api/v2/stat/5/,10257,maushold-family-of-three
7637,111,2,speed,https://pokeapi.co/api/v2/stat/6/,10257,maushold-family-of-three
7638,57,0,hp,https://pokeapi.co/api/v2/stat/1/,927,dachsbun
7639,80,0,attack,https://pokeapi.co/api/v2/stat/2/,927,dachsbun
7640,115,0,defense,https://pokeapi.co/api/v2/stat/3/,927,dachsbun
7641,50,0,special-attack,https://pokeapi.co/api/v2/stat/4/,927,dachsbun
7642,80,0,special-defense,https://pokeapi.co/api/v2/stat/5/,927,dachsbun
7643,95,2,speed,https://pokeapi.co/api/v2/stat/6/,927,dachsbun
7644,52,0,hp,https://pokeapi.co/api/v2/stat/1/,929,dolliv
7645,53,0,attack,https://pokeapi.co/api/v2/stat/2/,929,dolliv
7646,60,0,defense,https://pokeapi.co/api/v2/stat/3/,929,dolliv
7647,78,2,special-attack,https://pokeapi.co/api/v2/stat/4/,929,dolliv
7648,78,0,special-defense,https://pokeapi.co/api/v2/stat/5/,929,dolliv
7649,33,0,speed,https://pokeapi.co/api/v2/stat/6/,929,dolliv
7650,60,0,hp,https://pokeapi.co/api/v2/stat/1/,933,naclstack
7651,60,0,attack,https://pokeapi.co/api/v2/stat/2/,933,naclstack
7652,100,2,defense,https://pokeapi.co/api/v2/stat/3/,933,naclstack
7653,35,0,special-attack,https://pokeapi.co/api/v2/stat/4/,933,naclstack
7654,65,0,special-defense,https://pokeapi.co/api/v2/stat/5/,933,naclstack
7655,35,0,speed,https://pokeapi.co/api/v2/stat/6/,933,naclstack
7656,100,0,hp,https://pokeapi.co/api/v2/stat/1/,934,garganacl
7657,100,0,attack,https://pokeapi.co/api/v2/stat/2/,934,garganacl
7658,130,3,defense,https://pokeapi.co/api/v2/stat/3/,934,garganacl
7659,45,0,special-attack,https://pokeapi.co/api/v2/stat/4/,934,garganacl
7660,90,0,special-defense,https://pokeapi.co/api/v2/stat/5/,934,garganacl
7661,35,0,speed,https://pokeapi.co/api/v2/stat/6/,934,garganacl
7662,85,0,hp,https://pokeapi.co/api/v2/stat/1/,936,armarouge
7663,60,0,attack,https://pokeapi.co/api/v2/stat/2/,936,armarouge
7664,100,0,defense,https://pokeapi.co/api/v2/stat/3/,936,armarouge
7665,125,2,special-attack,https://pokeapi.co/api/v2/stat/4/,936,armarouge
7666,80,0,special-defense,https://pokeapi.co/api/v2/stat/5/,936,armarouge
7667,75,0,speed,https://pokeapi.co/api/v2/stat/6/,936,armarouge
7668,75,0,hp,https://pokeapi.co/api/v2/stat/1/,937,ceruledge
7669,125,2,attack,https://pokeapi.co/api/v2/stat/2/,937,ceruledge
7670,80,0,defense,https://pokeapi.co/api/v2/stat/3/,937,ceruledge
7671,60,0,special-attack,https://pokeapi.co/api/v2/stat/4/,937,ceruledge
7672,100,0,special-defense,https://pokeapi.co/api/v2/stat/5/,937,ceruledge
7673,85,0,speed,https://pokeapi.co/api/v2/stat/6/,937,ceruledge
7674,109,2,hp,https://pokeapi.co/api/v2/stat/1/,939,bellibolt
7675,64,0,attack,https://pokeapi.co/api/v2/stat/2/,939,bellibolt
7676,91,0,defense,https://pokeapi.co/api/v2/stat/3/,939,bellibolt
7677,103,0,special-attack,https://pokeapi.co/api/v2/stat/4/,939,bellibolt
7678,83,0,special-defense,https://pokeapi.co/api/v2/stat/5/,939,bellibolt
7679,45,0,speed,https://pokeapi.co/api/v2/stat/6/,939,bellibolt
7680,70,0,hp,https://pokeapi.co/api/v2/stat/1/,941,kilowattrel
7681,70,0,attack,https://pokeapi.co/api/v2/stat/2/,941,kilowattrel
7682,60,0,defense,https://pokeapi.co/api/v2/stat/3/,941,kilowattrel
7683,105,0,special-attack,https://pokeapi.co/api/v2/stat/4/,941,kilowattrel
7684,60,0,special-defense,https://pokeapi.co/api/v2/stat/5/,941,kilowattrel
7685,125,2,speed,https://pokeapi.co/api/v2/stat/6/,941,kilowattrel
7686,80,0,hp,https://pokeapi.co/api/v2/stat/1/,943,mabosstiff
7687,120,2,attack,https://pokeapi.co/api/v2/stat/2/,943,mabosstiff
7688,90,0,defense,https://pokeapi.co/api/v2/stat/3/,943,mabosstiff
7689,60,0,special-attack,https://pokeapi.co/api/v2/stat/4/,943,mabosstiff
7690,70,0,special-defense,https://pokeapi.co/api/v2/stat/5/,943,mabosstiff
7691,85,0,speed,https://pokeapi.co/api/v2/stat/6/,943,mabosstiff
7692,63,0,hp,https://pokeapi.co/api/v2/stat/1/,945,grafaiai
7693,95,0,attack,https://pokeapi.co/api/v2/stat/2/,945,grafaiai
7694,65,0,defense,https://pokeapi.co/api/v2/stat/3/,945,grafaiai
7695,80,0,special-attack,https://pokeapi.co/api/v2/stat/4/,945,grafaiai
7696,72,0,special-defense,https://pokeapi.co/api/v2/stat/5/,945,grafaiai
7697,110,2,speed,https://pokeapi.co/api/v2/stat/6/,945,grafaiai
7698,55,0,hp,https://pokeapi.co/api/v2/stat/1/,947,brambleghast
7699,115,2,attack,https://pokeapi.co/api/v2/stat/2/,947,brambleghast
7700,70,0,defense,https://pokeapi.co/api/v2/stat/3/,947,brambleghast
7701,80,0,special-attack,https://pokeapi.co/api/v2/stat/4/,947,brambleghast
7702,70,0,special-defense,https://pokeapi.co/api/v2/stat/5/,947,brambleghast
7703,90,0,speed,https://pokeapi.co/api/v2/stat/6/,947,brambleghast
7704,80,0,hp,https://pokeapi.co/api/v2/stat/1/,949,toedscruel
7705,70,0,attack,https://pokeapi.co/api/v2/stat/2/,949,toedscruel
7706,65,0,defense,https://pokeapi.co/api/v2/stat/3/,949,toedscruel
7707,80,0,special-attack,https://pokeapi.co/api/v2/stat/4/,949,toedscruel
7708,120,2,special-defense,https://pokeapi.co/api/v2/stat/5/,949,toedscruel
7709,100,0,speed,https://pokeapi.co/api/v2/stat/6/,949,toedscruel
7710,65,0,hp,https://pokeapi.co/api/v2/stat/1/,952,scovillain
7711,108,2,attack,https://pokeapi.co/api/v2/stat/2/,952,scovillain
7712,65,0,defense,https://pokeapi.co/api/v2/stat/3/,952,scovillain
7713,108,0,special-attack,https://pokeapi.co/api/v2/stat/4/,952,scovillain
7714,65,0,special-defense,https://pokeapi.co/api/v2/stat/5/,952,scovillain
7715,75,0,speed,https://pokeapi.co/api/v2/stat/6/,952,scovillain
7716,65,0,hp,https://pokeapi.co/api/v2/stat/1/,10320,scovillain-mega
7717,138,0,attack,https://pokeapi.co/api/v2/stat/2/,10320,scovillain-mega
7718,85,0,defense,https://pokeapi.co/api/v2/stat/3/,10320,scovillain-mega
7719,138,0,special-attack,https://pokeapi.co/api/v2/stat/4/,10320,scovillain-mega
7720,85,0,special-defense,https://pokeapi.co/api/v2/stat/5/,10320,scovillain-mega
7721,75,0,speed,https://pokeapi.co/api/v2/stat/6/,10320,scovillain-mega
7722,75,0,hp,https://pokeapi.co/api/v2/stat/1/,954,rabsca
7723,50,0,attack,https://pokeapi.co/api/v2/stat/2/,954,rabsca
7724,85,0,defense,https://pokeapi.co/api/v2/stat/3/,954,rabsca
7725,115,2,special-attack,https://pokeapi.co/api/v2/stat/4/,954,rabsca
7726,100,0,special-defense,https://pokeapi.co/api/v2/stat/5/,954,rabsca
7727,45,0,speed,https://pokeapi.co/api/v2/stat/6/,954,rabsca
7728,95,0,hp,https://pokeapi.co/api/v2/stat/1/,956,espathra
7729,60,0,attack,https://pokeapi.co/api/v2/stat/2/,956,espathra
7730,60,0,defense,https://pokeapi.co/api/v2/stat/3/,956,espathra
7731,101,0,special-attack,https://pokeapi.co/api/v2/stat/4/,956,espathra
7732,60,0,special-defense,https://pokeapi.co/api/v2/stat/5/,956,espathra
7733,105,2,speed,https://pokeapi.co/api/v2/stat/6/,956,espathra
7734,65,0,hp,https://pokeapi.co/api/v2/stat/1/,958,tinkatuff
7735,55,0,attack,https://pokeapi.co/api/v2/stat/2/,958,tinkatuff
7736,55,0,defense,https://pokeapi.co/api/v2/stat/3/,958,tinkatuff
7737,45,0,special-attack,https://pokeapi.co/api/v2/stat/4/,958,tinkatuff
7738,82,2,special-defense,https://pokeapi.co/api/v2/stat/5/,958,tinkatuff
7739,78,0,speed,https://pokeapi.co/api/v2/stat/6/,958,tinkatuff
7740,85,0,hp,https://pokeapi.co/api/v2/stat/1/,959,tinkaton
7741,75,0,attack,https://pokeapi.co/api/v2/stat/2/,959,tinkaton
7742,77,0,defense,https://pokeapi.co/api/v2/stat/3/,959,tinkaton
7743,70,0,special-attack,https://pokeapi.co/api/v2/stat/4/,959,tinkaton
7744,105,3,special-defense,https://pokeapi.co/api/v2/stat/5/,959,tinkaton
7745,94,0,speed,https://pokeapi.co/api/v2/stat/6/,959,tinkaton
7746,35,0,hp,https://pokeapi.co/api/v2/stat/1/,961,wugtrio
7747,100,0,attack,https://pokeapi.co/api/v2/stat/2/,961,wugtrio
7748,50,0,defense,https://pokeapi.co/api/v2/stat/3/,961,wugtrio
7749,50,0,special-attack,https://pokeapi.co/api/v2/stat/4/,961,wugtrio
7750,70,0,special-defense,https://pokeapi.co/api/v2/stat/5/,961,wugtrio
7751,120,2,speed,https://pokeapi.co/api/v2/stat/6/,961,wugtrio
7752,100,2,hp,https://pokeapi.co/api/v2/stat/1/,964,palafin-zero
7753,70,0,attack,https://pokeapi.co/api/v2/stat/2/,964,palafin-zero
7754,72,0,defense,https://pokeapi.co/api/v2/stat/3/,964,palafin-zero
7755,53,0,special-attack,https://pokeapi.co/api/v2/stat/4/,964,palafin-zero
7756,62,0,special-defense,https://pokeapi.co/api/v2/stat/5/,964,palafin-zero
7757,100,0,speed,https://pokeapi.co/api/v2/stat/6/,964,palafin-zero
7758,100,2,hp,https://pokeapi.co/api/v2/stat/1/,10256,palafin-hero
7759,160,0,attack,https://pokeapi.co/api/v2/stat/2/,10256,palafin-hero
7760,97,0,defense,https://pokeapi.co/api/v2/stat/3/,10256,palafin-hero
7761,106,0,special-attack,https://pokeapi.co/api/v2/stat/4/,10256,palafin-hero
7762,87,0,special-defense,https://pokeapi.co/api/v2/stat/5/,10256,palafin-hero
7763,100,0,speed,https://pokeapi.co/api/v2/stat/6/,10256,palafin-hero
7764,83,0,hp,https://pokeapi.co/api/v2/stat/1/,970,glimmora
7765,55,0,attack,https://pokeapi.co/api/v2/stat/2/,970,glimmora
7766,90,0,defense,https://pokeapi.co/api/v2/stat/3/,970,glimmora
7767,130,2,special-attack,https://pokeapi.co/api/v2/stat/4/,970,glimmora
7768,81,0,special-defense,https://pokeapi.co/api/v2/stat/5/,970,glimmora
7769,86,0,speed,https://pokeapi.co/api/v2/stat/6/,970,glimmora
7770,83,0,hp,https://pokeapi.co/api/v2/stat/1/,10321,glimmora-mega
7771,90,0,attack,https://pokeapi.co/api/v2/stat/2/,10321,glimmora-mega
7772,105,0,defense,https://pokeapi.co/api/v2/stat/3/,10321,glimmora-mega
7773,150,0,special-attack,https://pokeapi.co/api/v2/stat/4/,10321,glimmora-mega
7774,96,0,special-defense,https://pokeapi.co/api/v2/stat/5/,10321,glimmora-mega
7775,101,0,speed,https://pokeapi.co/api/v2/stat/6/,10321,glimmora-mega
7776,72,0,hp,https://pokeapi.co/api/v2/stat/1/,972,houndstone
7777,101,2,attack,https://pokeapi.co/api/v2/stat/2/,972,houndstone
7778,100,0,defense,https://pokeapi.co/api/v2/stat/3/,972,houndstone
7779,50,0,special-attack,https://pokeapi.co/api/v2/stat/4/,972,houndstone
7780,97,0,special-defense,https://pokeapi.co/api/v2/stat/5/,972,houndstone
7781,68,0,speed,https://pokeapi.co/api/v2/stat/6/,972,houndstone
7782,170,2,hp,https://pokeapi.co/api/v2/stat/1/,975,cetitan
7783,113,0,attack,https://pokeapi.co/api/v2/stat/2/,975,cetitan
7784,65,0,defense,https://pokeapi.co/api/v2/stat/3/,975,cetitan
7785,45,0,special-attack,https://pokeapi.co/api/v2/stat/4/,975,cetitan
7786,55,0,special-defense,https://pokeapi.co/api/v2/stat/5/,975,cetitan
7787,73,0,speed,https://pokeapi.co/api/v2/stat/6/,975,cetitan
7788,110,0,hp,https://pokeapi.co/api/v2/stat/1/,979,annihilape
7789,115,3,attack,https://pokeapi.co/api/v2/stat/2/,979,annihilape
7790,80,0,defense,https://pokeapi.co/api/v2/stat/3/,979,annihilape
7791,50,0,special-attack,https://pokeapi.co/api/v2/stat/4/,979,annihilape
7792,90,0,special-defense,https://pokeapi.co/api/v2/stat/5/,979,annihilape
7793,90,0,speed,https://pokeapi.co/api/v2/stat/6/,979,annihilape
7794,130,2,hp,https://pokeapi.co/api/v2/stat/1/,980,clodsire
7795,75,0,attack,https://pokeapi.co/api/v2/stat/2/,980,clodsire
7796,60,0,defense,https://pokeapi.co/api/v2/stat/3/,980,clodsire
7797,45,0,special-attack,https://pokeapi.co/api/v2/stat/4/,980,clodsire
7798,100,0,special-defense,https://pokeapi.co/api/v2/stat/5/,980,clodsire
7799,20,0,speed,https://pokeapi.co/api/v2/stat/6/,980,clodsire
7800,120,3,hp,https://pokeapi.co/api/v2/stat/1/,981,farigiraf
7801,90,0,attack,https://pokeapi.co/api/v2/stat/2/,981,farigiraf
7802,70,0,defense,https://pokeapi.co/api/v2/stat/3/,981,farigiraf
7803,110,0,special-attack,https://pokeapi.co/api/v2/stat/4/,981,farigiraf
7804,70,0,special-defense,https://pokeapi.co/api/v2/stat/5/,981,farigiraf
7805,60,0,speed,https://pokeapi.co/api/v2/stat/6/,981,farigiraf
7806,125,2,hp,https://pokeapi.co/api/v2/stat/1/,982,dudunsparce-two-segment
7807,100,0,attack,https://pokeapi.co/api/v2/stat/2/,982,dudunsparce-two-segment
7808,80,0,defense,https://pokeapi.co/api/v2/stat/3/,982,dudunsparce-two-segment
7809,85,0,special-attack,https://pokeapi.co/api/v2/stat/4/,982,dudunsparce-two-segment
7810,75,0,special-defense,https://pokeapi.co/api/v2/stat/5/,982,dudunsparce-two-segment
7811,55,0,speed,https://pokeapi.co/api/v2/stat/6/,982,dudunsparce-two-segment
7812,125,2,hp,https://pokeapi.co/api/v2/stat/1/,10255,dudunsparce-three-segment
7813,100,0,attack,https://pokeapi.co/api/v2/stat/2/,10255,dudunsparce-three-segment
7814,80,0,defense,https://pokeapi.co/api/v2/stat/3/,10255,dudunsparce-three-segment
7815,85,0,special-attack,https://pokeapi.co/api/v2/stat/4/,10255,dudunsparce-three-segment
7816,75,0,special-defense,https://pokeapi.co/api/v2/stat/5/,10255,dudunsparce-three-segment
7817,55,0,speed,https://pokeapi.co/api/v2/stat/6/,10255,dudunsparce-three-segment
7818,100,0,hp,https://pokeapi.co/api/v2/stat/1/,983,kingambit
7819,135,3,attack,https://pokeapi.co/api/v2/stat/2/,983,kingambit
7820,120,0,defense,https://pokeapi.co/api/v2/stat/3/,983,kingambit
7821,60,0,special-attack,https://pokeapi.co/api/v2/stat/4/,983,kingambit
7822,85,0,special-defense,https://pokeapi.co/api/v2/stat/5/,983,kingambit
7823,50,0,speed,https://pokeapi.co/api/v2/stat/6/,983,kingambit
7824,45,0,hp,https://pokeapi.co/api/v2/stat/1/,999,gimmighoul
7825,30,0,attack,https://pokeapi.co/api/v2/stat/2/,999,gimmighoul
7826,70,0,defense,https://pokeapi.co/api/v2/stat/3/,999,gimmighoul
7827,75,1,special-attack,https://pokeapi.co/api/v2/stat/4/,999,gimmighoul
7828,70,0,special-defense,https://pokeapi.co/api/v2/stat/5/,999,gimmighoul
7829,10,0,speed,https://pokeapi.co/api/v2/stat/6/,999,gimmighoul
7830,45,0,hp,https://pokeapi.co/api/v2/stat/1/,10263,gimmighoul-roaming
7831,30,0,attack,https://pokeapi.co/api/v2/stat/2/,10263,gimmighoul-roaming
7832,25,0,defense,https://pokeapi.co/api/v2/stat/3/,10263,gimmighoul-roaming
7833,75,1,special-attack,https://pokeapi.co/api/v2/stat/4/,10263,gimmighoul-roaming
7834,45,0,special-defense,https://pokeapi.co/api/v2/stat/5/,10263,gimmighoul-roaming
7835,80,0,speed,https://pokeapi.co/api/v2/stat/6/,10263,gimmighoul-roaming
7836,85,0,hp,https://pokeapi.co/api/v2/stat/1/,1001,wo-chien
7837,85,0,attack,https://pokeapi.co/api/v2/stat/2/,1001,wo-chien
7838,100,0,defense,https://pokeapi.co/api/v2/stat/3/,1001,wo-chien
7839,95,0,special-attack,https://pokeapi.co/api/v2/stat/4/,1001,wo-chien
7840,135,3,special-defense,https://pokeapi.co/api/v2/stat/5/,1001,wo-chien
7841,70,0,speed,https://pokeapi.co/api/v2/stat/6/,1001,wo-chien
7842,80,0,hp,https://pokeapi.co/api/v2/stat/1/,1002,chien-pao
7843,120,0,attack,https://pokeapi.co/api/v2/stat/2/,1002,chien-pao
7844,80,0,defense,https://pokeapi.co/api/v2/stat/3/,1002,chien-pao
7845,90,0,special-attack,https://pokeapi.co/api/v2/stat/4/,1002,chien-pao
7846,65,0,special-defense,https://pokeapi.co/api/v2/stat/5/,1002,chien-pao
7847,135,3,speed,https://pokeapi.co/api/v2/stat/6/,1002,chien-pao
7848,155,0,hp,https://pokeapi.co/api/v2/stat/1/,1003,ting-lu
7849,110,0,attack,https://pokeapi.co/api/v2/stat/2/,1003,ting-lu
7850,125,3,defense,https://pokeapi.co/api/v2/stat/3/,1003,ting-lu
7851,55,0,special-attack,https://pokeapi.co/api/v2/stat/4/,1003,ting-lu
7852,80,0,special-defense,https://pokeapi.co/api/v2/stat/5/,1003,ting-lu
7853,45,0,speed,https://pokeapi.co/api/v2/stat/6/,1003,ting-lu
7854,55,0,hp,https://pokeapi.co/api/v2/stat/1/,1004,chi-yu
7855,80,0,attack,https://pokeapi.co/api/v2/stat/2/,1004,chi-yu
7856,80,0,defense,https://pokeapi.co/api/v2/stat/3/,1004,chi-yu
7857,135,3,special-attack,https://pokeapi.co/api/v2/stat/4/,1004,chi-yu
7858,120,0,special-defense,https://pokeapi.co/api/v2/stat/5/,1004,chi-yu
7859,100,0,speed,https://pokeapi.co/api/v2/stat/6/,1004,chi-yu
7860,105,0,hp,https://pokeapi.co/api/v2/stat/1/,1005,roaring-moon
7861,139,3,attack,https://pokeapi.co/api/v2/stat/2/,1005,roaring-moon
7862,71,0,defense,https://pokeapi.co/api/v2/stat/3/,1005,roaring-moon
7863,55,0,special-attack,https://pokeapi.co/api/v2/stat/4/,1005,roaring-moon
7864,101,0,special-defense,https://pokeapi.co/api/v2/stat/5/,1005,roaring-moon
7865,119,0,speed,https://pokeapi.co/api/v2/stat/6/,1005,roaring-moon
7866,74,0,hp,https://pokeapi.co/api/v2/stat/1/,1006,iron-valiant
7867,130,3,attack,https://pokeapi.co/api/v2/stat/2/,1006,iron-valiant
7868,90,0,defense,https://pokeapi.co/api/v2/stat/3/,1006,iron-valiant
7869,120,0,special-attack,https://pokeapi.co/api/v2/stat/4/,1006,iron-valiant
7870,60,0,special-defense,https://pokeapi.co/api/v2/stat/5/,1006,iron-valiant
7871,116,0,speed,https://pokeapi.co/api/v2/stat/6/,1006,iron-valiant
7872,100,0,hp,https://pokeapi.co/api/v2/stat/1/,1007,koraidon
7873,135,3,attack,https://pokeapi.co/api/v2/stat/2/,1007,koraidon
7874,115,0,defense,https://pokeapi.co/api/v2/stat/3/,1007,koraidon
7875,85,0,special-attack,https://pokeapi.co/api/v2/stat/4/,1007,koraidon
7876,100,0,special-defense,https://pokeapi.co/api/v2/stat/5/,1007,koraidon
7877,135,0,speed,https://pokeapi.co/api/v2/stat/6/,1007,koraidon
7878,100,0,hp,https://pokeapi.co/api/v2/stat/1/,10264,koraidon-limited-build
7879,135,3,attack,https://pokeapi.co/api/v2/stat/2/,10264,koraidon-limited-build
7880,115,0,defense,https://pokeapi.co/api/v2/stat/3/,10264,koraidon-limited-build
7881,85,0,special-attack,https://pokeapi.co/api/v2/stat/4/,10264,koraidon-limited-build
7882,100,0,special-defense,https://pokeapi.co/api/v2/stat/5/,10264,koraidon-limited-build
7883,135,0,speed,https://pokeapi.co/api/v2/stat/6/,10264,koraidon-limited-build
7884,100,0,hp,https://pokeapi.co/api/v2/stat/1/,10265,koraidon-sprinting-build
7885,135,3,attack,https://pokeapi.co/api/v2/stat/2/,10265,koraidon-sprinting-build
7886,115,0,defense,https://pokeapi.co/api/v2/stat/3/,10265,koraidon-sprinting-build
7887,85,0,special-attack,https://pokeapi.co/api/v2/stat/4/,10265,koraidon-sprinting-build
7888,100,0,special-defense,https://pokeapi.co/api/v2/stat/5/,10265,koraidon-sprinting-build
7889,135,0,speed,https://pokeapi.co/api/v2/stat/6/,10265,koraidon-sprinting-build
7890,100,0,hp,https://pokeapi.co/api/v2/stat/1/,10266,koraidon-swimming-build
7891,135,3,attack,https://pokeapi.co/api/v2/stat/2/,10266,koraidon-swimming-build
7892,115,0,defense,https://pokeapi.co/api/v2/stat/3/,10266,koraidon-swimming-build
7893,85,0,special-attack,https://pokeapi.co/api/v2/stat/4/,10266,koraidon-swimming-build
7894,100,0,special-defense,https://pokeapi.co/api/v2/stat/5/,10266,koraidon-swimming-build
7895,135,0,speed,https://pokeapi.co/api/v2/stat/6/,10266,koraidon-swimming-build
7896,100,0,hp,https://pokeapi.co/api/v2/stat/1/,10267,koraidon-gliding-build
7897,135,3,attack,https://pokeapi.co/api/v2/stat/2/,10267,koraidon-gliding-build
7898,115,0,defense,https://pokeapi.co/api/v2/stat/3/,10267,koraidon-gliding-build
7899,85,0,special-attack,https://pokeapi.co/api/v2/stat/4/,10267,koraidon-gliding-build
7900,100,0,special-defense,https://pokeapi.co/api/v2/stat/5/,10267,koraidon-gliding-build
7901,135,0,speed,https://pokeapi.co/api/v2/stat/6/,10267,koraidon-gliding-build
7902,100,0,hp,https://pokeapi.co/api/v2/stat/1/,1008,miraidon
7903,85,0,attack,https://pokeapi.co/api/v2/stat/2/,1008,miraidon
7904,100,0,defense,https://pokeapi.co/api/v2/stat/3/,1008,miraidon
7905,135,3,special-attack,https://pokeapi.co/api/v2/stat/4/,1008,miraidon
7906,115,0,special-defense,https://pokeapi.co/api/v2/stat/5/,1008,miraidon
7907,135,0,speed,https://pokeapi.co/api/v2/stat/6/,1008,miraidon
7908,100,0,hp,https://pokeapi.co/api/v2/stat/1/,10268,miraidon-low-power-mode
7909,85,0,attack,https://pokeapi.co/api/v2/stat/2/,10268,miraidon-low-power-mode
7910,100,0,defense,https://pokeapi.co/api/v2/stat/3/,10268,miraidon-low-power-mode
7911,135,3,special-attack,https://pokeapi.co/api/v2/stat/4/,10268,miraidon-low-power-mode
7912,115,0,special-defense,https://pokeapi.co/api/v2/stat/5/,10268,miraidon-low-power-mode
7913,135,0,speed,https://pokeapi.co/api/v2/stat/6/,10268,miraidon-low-power-mode
7914,100,0,hp,https://pokeapi.co/api/v2/stat/1/,10269,miraidon-drive-mode
7915,85,0,attack,https://pokeapi.co/api/v2/stat/2/,10269,miraidon-drive-mode
7916,100,0,defense,https://pokeapi.co/api/v2/stat/3/,10269,miraidon-drive-mode
7917,135,3,special-attack,https://pokeapi.co/api/v2/stat/4/,10269,miraidon-drive-mode
7918,115,0,special-defense,https://pokeapi.co/api/v2/stat/5/,10269,miraidon-drive-mode
7919,135,0,speed,https://pokeapi.co/api/v2/stat/6/,10269,miraidon-drive-mode
7920,100,0,hp,https://pokeapi.co/api/v2/stat/1/,10270,miraidon-aquatic-mode
7921,85,0,attack,https://pokeapi.co/api/v2/stat/2/,10270,miraidon-aquatic-mode
7922,100,0,defense,https://pokeapi.co/api/v2/stat/3/,10270,miraidon-aquatic-mode
7923,135,3,special-attack,https://pokeapi.co/api/v2/stat/4/,10270,miraidon-aquatic-mode
7924,115,0,special-defense,https://pokeapi.co/api/v2/stat/5/,10270,miraidon-aquatic-mode
7925,135,0,speed,https://pokeapi.co/api/v2/stat/6/,10270,miraidon-aquatic-mode
7926,100,0,hp,https://pokeapi.co/api/v2/stat/1/,10271,miraidon-glide-mode
7927,85,0,attack,https://pokeapi.co/api/v2/stat/2/,10271,miraidon-glide-mode
7928,100,0,defense,https://pokeapi.co/api/v2/stat/3/,10271,miraidon-glide-mode
7929,135,3,special-attack,https://pokeapi.co/api/v2/stat/4/,10271,miraidon-glide-mode
7930,115,0,special-defense,https://pokeapi.co/api/v2/stat/5/,10271,miraidon-glide-mode
7931,135,0,speed,https://pokeapi.co/api/v2/stat/6/,10271,miraidon-glide-mode
7932,99,0,hp,https://pokeapi.co/api/v2/stat/1/,1009,walking-wake
7933,83,0,attack,https://pokeapi.co/api/v2/stat/2/,1009,walking-wake
7934,91,0,defense,https://pokeapi.co/api/v2/stat/3/,1009,walking-wake
7935,125,3,special-attack,https://pokeapi.co/api/v2/stat/4/,1009,walking-wake
7936,83,0,special-defense,https://pokeapi.co/api/v2/stat/5/,1009,walking-wake
7937,109,0,speed,https://pokeapi.co/api/v2/stat/6/,1009,walking-wake
7938,90,0,hp,https://pokeapi.co/api/v2/stat/1/,1010,iron-leaves
7939,130,3,attack,https://pokeapi.co/api/v2/stat/2/,1010,iron-leaves
7940,88,0,defense,https://pokeapi.co/api/v2/stat/3/,1010,iron-leaves
7941,70,0,special-attack,https://pokeapi.co/api/v2/stat/4/,1010,iron-leaves
7942,108,0,special-defense,https://pokeapi.co/api/v2/stat/5/,1010,iron-leaves
7943,104,0,speed,https://pokeapi.co/api/v2/stat/6/,1010,iron-leaves
7944,40,0,hp,https://pokeapi.co/api/v2/stat/1/,1012,poltchageist
7945,45,0,attack,https://pokeapi.co/api/v2/stat/2/,1012,poltchageist
7946,45,0,defense,https://pokeapi.co/api/v2/stat/3/,1012,poltchageist
7947,74,1,special-attack,https://pokeapi.co/api/v2/stat/4/,1012,poltchageist
7948,54,0,special-defense,https://pokeapi.co/api/v2/stat/5/,1012,poltchageist
7949,50,0,speed,https://pokeapi.co/api/v2/stat/6/,1012,poltchageist
7950,88,0,hp,https://pokeapi.co/api/v2/stat/1/,1014,okidogi
7951,128,3,attack,https://pokeapi.co/api/v2/stat/2/,1014,okidogi
7952,115,0,defense,https://pokeapi.co/api/v2/stat/3/,1014,okidogi
7953,58,0,special-attack,https://pokeapi.co/api/v2/stat/4/,1014,okidogi
7954,86,0,special-defense,https://pokeapi.co/api/v2/stat/5/,1014,okidogi
7955,80,0,speed,https://pokeapi.co/api/v2/stat/6/,1014,okidogi
7956,88,0,hp,https://pokeapi.co/api/v2/stat/1/,1015,munkidori
7957,75,0,attack,https://pokeapi.co/api/v2/stat/2/,1015,munkidori
7958,66,0,defense,https://pokeapi.co/api/v2/stat/3/,1015,munkidori
7959,130,3,special-attack,https://pokeapi.co/api/v2/stat/4/,1015,munkidori
7960,90,0,special-defense,https://pokeapi.co/api/v2/stat/5/,1015,munkidori
7961,106,0,speed,https://pokeapi.co/api/v2/stat/6/,1015,munkidori
7962,88,0,hp,https://pokeapi.co/api/v2/stat/1/,1016,fezandipiti
7963,91,0,attack,https://pokeapi.co/api/v2/stat/2/,1016,fezandipiti
7964,82,0,defense,https://pokeapi.co/api/v2/stat/3/,1016,fezandipiti
7965,70,0,special-attack,https://pokeapi.co/api/v2/stat/4/,1016,fezandipiti
7966,125,3,special-defense,https://pokeapi.co/api/v2/stat/5/,1016,fezandipiti
7967,99,0,speed,https://pokeapi.co/api/v2/stat/6/,1016,fezandipiti
7968,80,0,hp,https://pokeapi.co/api/v2/stat/1/,1017,ogerpon
7969,120,3,attack,https://pokeapi.co/api/v2/stat/2/,1017,ogerpon
7970,84,0,defense,https://pokeapi.co/api/v2/stat/3/,1017,ogerpon
7971,60,0,special-attack,https://pokeapi.co/api/v2/stat/4/,1017,ogerpon
7972,96,0,special-defense,https://pokeapi.co/api/v2/stat/5/,1017,ogerpon
7973,110,0,speed,https://pokeapi.co/api/v2/stat/6/,1017,ogerpon
7974,80,0,hp,https://pokeapi.co/api/v2/stat/1/,10273,ogerpon-wellspring-mask
7975,120,3,attack,https://pokeapi.co/api/v2/stat/2/,10273,ogerpon-wellspring-mask
7976,84,0,defense,https://pokeapi.co/api/v2/stat/3/,10273,ogerpon-wellspring-mask
7977,60,0,special-attack,https://pokeapi.co/api/v2/stat/4/,10273,ogerpon-wellspring-mask
7978,96,0,special-defense,https://pokeapi.co/api/v2/stat/5/,10273,ogerpon-wellspring-mask
7979,110,0,speed,https://pokeapi.co/api/v2/stat/6/,10273,ogerpon-wellspring-mask
7980,80,0,hp,https://pokeapi.co/api/v2/stat/1/,10274,ogerpon-hearthflame-mask
7981,120,3,attack,https://pokeapi.co/api/v2/stat/2/,10274,ogerpon-hearthflame-mask
7982,84,0,defense,https://pokeapi.co/api/v2/stat/3/,10274,ogerpon-hearthflame-mask
7983,60,0,special-attack,https://pokeapi.co/api/v2/stat/4/,10274,ogerpon-hearthflame-mask
7984,96,0,special-defense,https://pokeapi.co/api/v2/stat/5/,10274,ogerpon-hearthflame-mask
7985,110,0,speed,https://pokeapi.co/api/v2/stat/6/,10274,ogerpon-hearthflame-mask
7986,80,0,hp,https://pokeapi.co/api/v2/stat/1/,10275,ogerpon-cornerstone-mask
7987,120,3,attack,https://pokeapi.co/api/v2/stat/2/,10275,ogerpon-cornerstone-mask
7988,84,0,defense,https://pokeapi.co/api/v2/stat/3/,10275,ogerpon-cornerstone-mask
7989,60,0,special-attack,https://pokeapi.co/api/v2/stat/4/,10275,ogerpon-cornerstone-mask
7990,96,0,special-defense,https://pokeapi.co/api/v2/stat/5/,10275,ogerpon-cornerstone-mask
7991,110,0,speed,https://pokeapi.co/api/v2/stat/6/,10275,ogerpon-cornerstone-mask
7992,105,0,hp,https://pokeapi.co/api/v2/stat/1/,1020,gouging-fire
7993,115,0,attack,https://pokeapi.co/api/v2/stat/2/,1020,gouging-fire
7994,121,3,defense,https://pokeapi.co/api/v2/stat/3/,1020,gouging-fire
7995,65,0,special-attack,https://pokeapi.co/api/v2/stat/4/,1020,gouging-fire
7996,93,0,special-defense,https://pokeapi.co/api/v2/stat/5/,1020,gouging-fire
7997,91,0,speed,https://pokeapi.co/api/v2/stat/6/,1020,gouging-fire
7998,125,0,hp,https://pokeapi.co/api/v2/stat/1/,1021,raging-bolt
7999,73,0,attack,https://pokeapi.co/api/v2/stat/2/,1021,raging-bolt
8000,91,0,defense,https://pokeapi.co/api/v2/stat/3/,1021,raging-bolt
8001,137,3,special-attack,https://pokeapi.co/api/v2/stat/4/,1021,raging-bolt
8002,89,0,special-defense,https://pokeapi.co/api/v2/stat/5/,1021,raging-bolt
8003,75,0,speed,https://pokeapi.co/api/v2/stat/6/,1021,raging-bolt
8004,90,0,hp,https://pokeapi.co/api/v2/stat/1/,1022,iron-boulder
8005,120,0,attack,https://pokeapi.co/api/v2/stat/2/,1022,iron-boulder
8006,80,0,defense,https://pokeapi.co/api/v2/stat/3/,1022,iron-boulder
8007,68,0,special-attack,https://pokeapi.co/api/v2/stat/4/,1022,iron-boulder
8008,108,0,special-defense,https://pokeapi.co/api/v2/stat/5/,1022,iron-boulder
8009,124,3,speed,https://pokeapi.co/api/v2/stat/6/,1022,iron-boulder
8010,90,0,hp,https://pokeapi.co/api/v2/stat/1/,1023,iron-crown
8011,72,0,attack,https://pokeapi.co/api/v2/stat/2/,1023,iron-crown
8012,100,0,defense,https://pokeapi.co/api/v2/stat/3/,1023,iron-crown
8013,122,3,special-attack,https://pokeapi.co/api/v2/stat/4/,1023,iron-crown
8014,108,0,special-defense,https://pokeapi.co/api/v2/stat/5/,1023,iron-crown
8015,98,0,speed,https://pokeapi.co/api/v2/stat/6/,1023,iron-crown
8016,90,0,hp,https://pokeapi.co/api/v2/stat/1/,1024,terapagos
8017,65,0,attack,https://pokeapi.co/api/v2/stat/2/,1024,terapagos
8018,85,1,defense,https://pokeapi.co/api/v2/stat/3/,1024,terapagos
8019,65,0,special-attack,https://pokeapi.co/api/v2/stat/4/,1024,terapagos
8020,85,0,special-defense,https://pokeapi.co/api/v2/stat/5/,1024,terapagos
8021,60,0,speed,https://pokeapi.co/api/v2/stat/6/,1024,terapagos
8022,95,0,hp,https://pokeapi.co/api/v2/stat/1/,10276,terapagos-terastal
8023,95,0,attack,https://pokeapi.co/api/v2/stat/2/,10276,terapagos-terastal
8024,110,2,defense,https://pokeapi.co/api/v2/stat/3/,10276,terapagos-terastal
8025,105,0,special-attack,https://pokeapi.co/api/v2/stat/4/,10276,terapagos-terastal
8026,110,2,special-defense,https://pokeapi.co/api/v2/stat/5/,10276,terapagos-terastal
8027,85,0,speed,https://pokeapi.co/api/v2/stat/6/,10276,terapagos-terastal
8028,160,3,hp,https://pokeapi.co/api/v2/stat/1/,10277,terapagos-stellar
8029,105,0,attack,https://pokeapi.co/api/v2/stat/2/,10277,terapagos-stellar
8030,110,0,defense,https://pokeapi.co/api/v2/stat/3/,10277,terapagos-stellar
8031,130,0,special-attack,https://pokeapi.co/api/v2/stat/4/,10277,terapagos-stellar
8032,110,0,special-defense,https://pokeapi.co/api/v2/stat/5/,10277,terapagos-stellar
8033,85,0,speed,https://pokeapi.co/api/v2/stat/6/,10277,terapagos-stellar
8034,88,0,hp,https://pokeapi.co/api/v2/stat/1/,1025,pecharunt
8035,88,0,attack,https://pokeapi.co/api/v2/stat/2/,1025,pecharunt
8036,160,3,defense,https://pokeapi.co/api/v2/stat/3/,1025,pecharunt
8037,88,0,special-attack,https://pokeapi.co/api/v2/stat/4/,1025,pecharunt
8038,88,0,special-defense,https://pokeapi.co/api/v2/stat/5/,1025,pecharunt
8039,88,0,speed,https://pokeapi.co/api/v2/stat/6/,1025,pecharunt
8040,87,0,hp,https://pokeapi.co/api/v2/stat/1/,1000,gholdengo
8041,60,0,attack,https://pokeapi.co/api/v2/stat/2/,1000,gholdengo
8042,95,0,defense,https://pokeapi.co/api/v2/stat/3/,1000,gholdengo
8043,133,2,special-attack,https://pokeapi.co/api/v2/stat/4/,1000,gholdengo
8044,91,0,special-defense,https://pokeapi.co/api/v2/stat/5/,1000,gholdengo
8045,84,0,speed,https://pokeapi.co/api/v2/stat/6/,1000,gholdengo
8046,80,0,hp,https://pokeapi.co/api/v2/stat/1/,1011,dipplin
8047,80,0,attack,https://pokeapi.co/api/v2/stat/2/,1011,dipplin
8048,110,2,defense,https://pokeapi.co/api/v2/stat/3/,1011,dipplin
8049,95,0,special-attack,https://pokeapi.co/api/v2/stat/4/,1011,dipplin
8050,80,0,special-defense,https://pokeapi.co/api/v2/stat/5/,1011,dipplin
8051,40,0,speed,https://pokeapi.co/api/v2/stat/6/,1011,dipplin
8052,71,0,hp,https://pokeapi.co/api/v2/stat/1/,1013,sinistcha
8053,60,0,attack,https://pokeapi.co/api/v2/stat/2/,1013,sinistcha
8054,106,0,defense,https://pokeapi.co/api/v2/stat/3/,1013,sinistcha
8055,121,2,special-attack,https://pokeapi.co/api/v2/stat/4/,1013,sinistcha
8056,80,0,special-defense,https://pokeapi.co/api/v2/stat/5/,1013,sinistcha
8057,70,0,speed,https://pokeapi.co/api/v2/stat/6/,1013,sinistcha
8058,90,0,hp,https://pokeapi.co/api/v2/stat/1/,1018,archaludon
8059,105,0,attack,https://pokeapi.co/api/v2/stat/2/,1018,archaludon
8060,130,3,defense,https://pokeapi.co/api/v2/stat/3/,1018,archaludon
8061,125,0,special-attack,https://pokeapi.co/api/v2/stat/4/,1018,archaludon
8062,65,0,special-defense,https://pokeapi.co/api/v2/stat/5/,1018,archaludon
8063,85,0,speed,https://pokeapi.co/api/v2/stat/6/,1018,archaludon
8064,106,0,hp,https://pokeapi.co/api/v2/stat/1/,1019,hydrapple
8065,80,0,attack,https://pokeapi.co/api/v2/stat/2/,1019,hydrapple
8066,110,0,defense,https://pokeapi.co/api/v2/stat/3/,1019,hydrapple
8067,120,3,special-attack,https://pokeapi.co/api/v2/stat/4/,1019,hydrapple
8068,80,0,special-defense,https://pokeapi.co/api/v2/stat/5/,1019,hydrapple
8069,44,0,speed,https://pokeapi.co/api/v2/stat/6/,1019,hydrapple
8070,71,0,hp,https://pokeapi.co/api/v2/stat/1/,920,lokix
8071,102,2,attack,https://pokeapi.co/api/v2/stat/2/,920,lokix
8072,78,0,defense,https://pokeapi.co/api/v2/stat/3/,920,lokix
8073,52,0,special-attack,https://pokeapi.co/api/v2/stat/4/,920,lokix
8074,55,0,special-defense,https://pokeapi.co/api/v2/stat/5/,920,lokix
8075,92,0,speed,https://pokeapi.co/api/v2/stat/6/,920,lokix
8076,78,0,hp,https://pokeapi.co/api/v2/stat/1/,930,arboliva
8077,69,0,attack,https://pokeapi.co/api/v2/stat/2/,930,arboliva
8078,90,0,defense,https://pokeapi.co/api/v2/stat/3/,930,arboliva
8079,125,3,special-attack,https://pokeapi.co/api/v2/stat/4/,930,arboliva
8080,109,0,special-defense,https://pokeapi.co/api/v2/stat/5/,930,arboliva
8081,39,0,speed,https://pokeapi.co/api/v2/stat/6/,930,arboliva
8082,80,0,hp,https://pokeapi.co/api/v2/stat/1/,966,revavroom
8083,119,2,attack,https://pokeapi.co/api/v2/stat/2/,966,revavroom
8084,90,0,defense,https://pokeapi.co/api/v2/stat/3/,966,revavroom
8085,54,0,special-attack,https://pokeapi.co/api/v2/stat/4/,966,revavroom
8086,67,0,special-defense,https://pokeapi.co/api/v2/stat/5/,966,revavroom
8087,90,0,speed,https://pokeapi.co/api/v2/stat/6/,966,revavroom
8088,90,0,hp,https://pokeapi.co/api/v2/stat/1/,997,arctibax
8089,95,2,attack,https://pokeapi.co/api/v2/stat/2/,997,arctibax
8090,66,0,defense,https://pokeapi.co/api/v2/stat/3/,997,arctibax
8091,45,0,special-attack,https://pokeapi.co/api/v2/stat/4/,997,arctibax
8092,65,0,special-defense,https://pokeapi.co/api/v2/stat/5/,997,arctibax
8093,62,0,speed,https://pokeapi.co/api/v2/stat/6/,997,arctibax
8094,115,0,hp,https://pokeapi.co/api/v2/stat/1/,998,baxcalibur
8095,145,3,attack,https://pokeapi.co/api/v2/stat/2/,998,baxcalibur
8096,92,0,defense,https://pokeapi.co/api/v2/stat/3/,998,baxcalibur
8097,75,0,special-attack,https://pokeapi.co/api/v2/stat/4/,998,baxcalibur
8098,86,0,special-defense,https://pokeapi.co/api/v2/stat/5/,998,baxcalibur
8099,87,0,speed,https://pokeapi.co/api/v2/stat/6/,998,baxcalibur
8100,115,0,hp,https://pokeapi.co/api/v2/stat/1/,10325,baxcalibur-mega
8101,175,0,attack,https://pokeapi.co/api/v2/stat/2/,10325,baxcalibur-mega
8102,117,0,defense,https://pokeapi.co/api/v2/stat/3/,10325,baxcalibur-mega
8103,105,0,special-attack,https://pokeapi.co/api/v2/stat/4/,10325,baxcalibur-mega
8104,101,0,special-defense,https://pokeapi.co/api/v2/stat/5/,10325,baxcalibur-mega
8105,87,0,speed,https://pokeapi.co/api/v2/stat/6/,10325,baxcalibur-mega
